Zlato za 10 000 dolarů?	$10,000 Gold?
SAN FRANCISCO – Vést racionální rozhovor o hodnotě zlata nikdy nebylo snadné.	SAN FRANCISCO – It has never been easy to have a rational conversation about the value of gold.
V poslední době, kdy se ceny zlata zvedly o více než 300% za deset let, je to ještě těžší.	Lately, with gold prices up more than 300% over the last decade, it is harder than ever.
Loni v prosinci napsali kolegové-ekonomové Martin Feldstein a Nouriel Roubini komentáře, v nichž odvážně zpochybnili „býčí“ náladu na trhu a rozumně poukázali na rizika spojená se zlatem.	Just last December, fellow economists Martin Feldstein and Nouriel Roubini each penned op-eds bravely questioning bullish market sentiment, sensibly pointing out gold’s risks.
A co se nestalo?	Wouldn’t you know it?
Od zveřejnění jejich článků se cena zlata vyšplhala ještě výše, a nedávno dokonce dosáhla rekordních 1300 dolarů.	Since their articles appeared, the price of gold has moved up still further. Gold prices even hit a record-high $1,300 recently.
Už loni v prosinci přitom mnoho „zlatých nadšenců“ tvrdilo, že cena této komodity nevyhnutelně směřuje k hranici 2000 dolarů.	Last December, many gold bugs were arguing that the price was inevitably headed for $2,000.
A někteří z nich, osmělení jeho setrvalým zhodnocováním, dnes naznačují, že by zlato mohlo stát ještě více.	Now, emboldened by continuing appreciation, some are suggesting that gold could be headed even higher than that.
Jeden úspěšný investor do zlata mi nedávno vysvětloval, že ceny akcií více než deset let skomíraly a vzpamatovaly se až na počátku 80. let, kdy Dow Jonesův index překročil hranici 1000 bodů.	One successful gold investor recently explained to me that stock prices languished for a more than a decade before the Dow Jones index crossed the 1,000 mark in the early 1980’s.
Od té doby se index vyšplhal nad 10 000 bodů.	Since then, the index has climbed above 10,000.
Není tedy možné, že se také hodnota zlata, která se již přehoupla přes magickou hranici 1000 dolarů, desetinásobně zvýší?	Now that gold has crossed the magic $1,000 barrier, why can’t it increase ten-fold, too?
Připusťme, že dospět k mnohem vyšší ceně za zlato není tak nepředstavitelné, jak se zdá.	Admittedly, getting to a much higher price for gold is not quite the leap of imagination that it seems.
Očistíme-li současnou cenu o inflaci, pak se ani neblíží k rekordnímu maximu z ledna 1980.	After adjusting for inflation, today’s price is nowhere near the all-time high of January 1980.
Tehdy dosáhlo zlato hodnoty 850 dolarů, což je hodně přes 2000 dnešních dolarů.	Back then, gold hit $850, or well over $2,000 in today’s dollars.
Lze však tvrdit, že cena z ledna 1980 byla „splašeným vrcholem“ dosaženým v období zvýšené geopolitické nestability.	But January 1980 was arguably a “freak peak” during a period of heightened geo-political instability.
Současná cena 1300 dolarů je tedy pravděpodobně více než dvojnásobkem velmi dlouhodobých, o inflaci očištěných, průměrných cen zlata.	At $1,300, today’s price is probably more than double very long-term, inflation-adjusted, average gold prices.
Co by tedy mohlo ospravedlnit další obrovský růst cen zlata ze současné úrovně?	So what could justify another huge increase in gold prices from here?
Jedna odpověď samozřejmě zní: naprostý kolaps dolaru.	One answer, of course, is a complete collapse of the US dollar.
Vzhledem k raketově stoupajícím schodkům a bezcílné fiskální politice si člověk klade otázku, zda by se populistická administrativa nakonec nemohla neuváženě uchýlit k tiskařským rotačkám.	With soaring deficits, and a rudderless fiscal policy, one does wonder whether a populist administration might recklessly turn to the printing press.
A pokud z toho opravdu máte strach, pak by zlato skutečně mohlo být nejspolehlivější ochranou.	And if you are really worried about that, gold might indeed be the most reliable hedge.
Jistě, někdo by mohl namítnout, že lepší a přímočařejší zajištění proti inflaci představují dluhopisy s výnosem vázaným na inflaci. „Zlatí nadšenci“ se však právem obávají, zda by vláda za extrémních okolností splnila své závazky.	Sure, some might argue that inflation-indexed bonds offer a better and more direct inflation hedge than gold. But gold bugs are right to worry about whether the government will honor its commitments under more extreme circumstances.
Jak s Carmen Reinhartovou uvádíme v nedávné knize o dějinách finančních krizí Tentokrát je to jinak, vlády zbavené peněz skutečně v mnoha případech násilně mění dluhy vázané na inflaci na dluhy nevázané, a to právě proto, aby se jejich hodnota mohla v inflaci rozpustit.	In fact, as Carmen Reinhart and I discuss in our recent book on the history of financial crises, This Time is Different, cash-strapped governments will often forcibly convert indexed debt to non-indexed debt, precisely so that its value might be inflated away.
Dokonce i Spojené státy během velké hospodářské krize ve 30. letech zrušily inflační doložky ve smlouvách o dluhopisech.	Even the United States abrogated indexation clauses in bond contracts during the Great Depression of the 1930’s.
Takže se to může stát všude.	So it can happen anywhere.
Skutečnost, že velmi vysoká inflace je možná, ji však ještě nečiní pravděpodobnou, a proto bychom měli být opatrní s tvrzením, že cenu zlata táhnou nahoru inflační očekávání.	Even so, the fact that very high inflation is possible does not make it probable, so one should be cautious in arguing that higher gold prices are being driven by inflation expectations.
Někteří experti místo toho tvrdí, že dlouhý pochod zlata směrem vzhůru je částečně důsledkem rozvoje nových finančních nástrojů, které usnadňují obchodování a spekulace se zlatem.	Some have argued instead that gold’s long upward march has been partly driven by the development of new financial instruments that make it easier to trade and speculate in gold.
Na tomto argumentu je pravděpodobně zrnko pravdy – a také jistá ironie.	There is probably some slight truth – and also a certain degree of irony – to this argument.
Koneckonců se už středověcí alchymisté zabývali tím, co dnes pokládáme za absurdní hledání cest, jak proměnit neušlechtilé kovy ve zlato.	After all, medieval alchemists engaged in what we now consider an absurd search for ways to transform base metals into gold.
Nebylo by tedy paradoxní, kdyby finanční alchymie dokázala dramaticky zvýšit cenu zlatého slitku?	Wouldn’t it be paradoxical, then, if financial alchemy could make an ingot of gold worth dramatically more?
Podle mého názoru je nejsilnějším argumentem ospravedlňujícím dnešní vysokou cenu zlata dramatické začleňování Asie, Latinské Ameriky a Blízkého východu do globální ekonomiky.	In my view, the most powerful argument to justify today’s high price of gold is the dramatic emergence of Asia, Latin America, and the Middle East into the global economy.
V době, kdy zástupy nových spotřebitelů získávají kupní sílu, poptávka zákonitě roste, což žene nahoru i cenu vzácných komodit.	As legions of new consumers gain purchasing power, demand inevitably rises, driving up the price of scarce commodities.
Současně platí, že centrální banky zemí s rozvíjejícími se trhy potřebují hromadit zlaté rezervy, které stále drží v daleko menším poměru než centrální banky zemí bohatých.	At the same time, emerging-market central banks need to accumulate gold reserves, which they still hold in far lower proportion than do rich-country central banks.
A protože dnes euro působí jako prostředek diverzifikace rizika spojeného s dolarem méně lákavě, přirozeně tím vzrůstá přitažlivost eura.	With the euro looking less appetizing as a diversification play away from the dollar, gold’s appeal has naturally grown.
Takže ano, existují solidní základní ukazatele, které přijatelným způsobem podporují dnešní vyšší cenu zlata, ačkoliv je daleko spornější, zda a do jaké míry budou jeho vyšší cenu podporovat i do budoucna.	So, yes, there are solid fundamentals that arguably support today’s higher gold price, although it is far more debatable whether and to what extent they will continue to support higher prices in the future.
Další klíčový základní faktor, který udržuje ceny zlata nahoře, by se totiž mohl ukázat jako mnohem pomíjivější než globalizace.	Indeed, another critical fundamental factor that has been sustaining high gold prices might prove far more ephemeral than globalization.
Ceny zlata jsou mimořádně citlivé na pohyby globálních úrokových sazeb.	Gold prices are extremely sensitive to global interest-rate movements.
Zlato koneckonců nenese žádný úrok a jeho držení navíc něco stojí.	After all, gold pays no interest and even costs something to store.
Dnes, kdy se úrokové sazby v mnoha zemích blíží rekordním minimům nebo jich už dosáhly, je tedy relativně levné spekulovat se zlatem namísto investic do dluhopisů.	Today, with interest rates near or at record lows in many countries, it is relatively cheap to speculate in gold instead of investing in bonds.
Pokud se však reálné úrokové sazby podstatně zvýší, což by jednoho dne docela dobře mohly, ceny zlata se mohou zhroutit.	But if real interest rates rise significantly, as well they might someday, gold prices could plummet.
Většina ekonomických studií naznačuje, že ceny zlata se v krátkodobém až střednědobém měřítku velmi obtížně předpovídají, přičemž pravděpodobnosti zisku a ztráty jsou přibližně v rovnováze.	Most economic research suggests that gold prices are very difficult to predict over the short to medium term, with the odds of gains and losses being roughly in balance.
Je proto nebezpečné extrapolovat krátkodobé trendy.	It is therefore dangerous to extrapolate from short-term trends.
Ano, zlato zažívá skvělou jízdu, ale totéž platilo ještě před pár lety i o celosvětových cenách nemovitostí.	Yes, gold has had a great run, but so, too, did worldwide housing prices until a couple of years ago.
Jste-li investorem disponujícím velkým objemem prostředků, suverénním fondem nebo centrální bankou, pak je veskrze rozumné držet skromný díl portfolia ve zlatě coby ochraně proti mimořádným událostem.	If you are a high-net-worth investor, a sovereign wealth fund, or a central bank, it makes perfect sense to hold a modest proportion of your portfolio in gold as a hedge against extreme events.
Navzdory vysoké přitažlivosti dané mimořádným růstem ceny však pro většinu z nás zůstává zlato velmi riskantní sázkou.	But, despite gold’s heightened allure in the wake of an extraordinary run-up in its price, it remains a very risky bet for most of us.
Takové úvahy samozřejmě mohou mít na ceny jen malý vliv.	Of course, such considerations might have little influence on prices.
Co však platilo pro alchymisty v dávných dobách, to platí i dnes: zlato a rozum jdou často jen obtížně dohromady.	What was true for the alchemists of yore remains true today: gold and reason are often difficult to reconcile.
	
1929 nebo 1989?	1929 or 1989?
PAŘÍŽ – Jak se hospodářská krize prohlubuje a rozšiřuje, svět hledá historické analogie, které by nám dění poslední doby pomohly pochopit.	PARIS – As the economic crisis deepens and widens, the world has been searching for historical analogies to help us understand what has been happening.
Na počátku krize ji mnozí lidé přirovnávali k roku 1982 či 1973, což bylo chlácholivé, neboť obě data se váží ke klasickým cyklickým poklesům.	At the start of the crisis, many people likened it to 1982 or 1973, which was reassuring, because both dates refer to classical cyclical downturns.
Dnes je nálada mnohem pochmurnější a začínají se hojně objevovat odkazy na roky 1929 a 1931, třebaže některé vlády se nepřestávají chovat, jako by krize byla spíše klasická než výjimečná.	Today, the mood is much grimmer, with references to 1929 and 1931 beginning to abound, even if some governments continue to behave as if the crisis was more classical than exceptional.
Prosazují se sklony buď k přílišné zdrženlivosti (Evropa), anebo k rozšiřování snah (Spojené státy).	The tendency is either excessive restraint (Europe) or a diffusion of the effort (the United States).
Evropa je obezřetná ve jménu předcházení dluhu a ochrany eura, kdežto USA jednají na mnoha frontách, aby nepromeškaly ideální příležitost k zavedení zoufale potřebných strukturálních reforem.	Europe is being cautious in the name of avoiding debt and defending the euro, whereas the US has moved on many fronts in order not to waste an ideal opportunity to implement badly needed structural reforms.
Geostratégům však s ohledem na politiku i ekonomiku zcela přirozeně přichází na mysl rok 1989.	For geo-strategists, however, the year that naturally comes to mind, in both politics and economics, is 1989.
Jistěže, pád bankovního domu Lehman Brothers nemá nic společného s pádem Berlínské zdi.	Of course, the fall of the house of Lehman Brothers has nothing to do with the fall of the Berlin Wall.
Ba na povrchu se zdá, že jde o naprosté opaky: zřícení zdi symbolizující útlak a umělé rozdělení versus zhroucení zdánlivě nezničitelné a uklidňující instituce finančního kapitalismu.	Indeed, on the surface it seems to be its perfect antithesis: the collapse of a wall symbolizing oppression and artificial divisions versus the collapse of a seemingly indestructible and reassuring institution of financial capitalism.
Léta 2008-2009 se však dost pravděpodobně mohou rovnat, právě tak jako rok 1989, epochální změně, jejíž odvíjející se důsledky budeme pociťovat po desetiletí.	Yet 2008-2009, like 1989, may very well correspond to an epochal change, whose unfolding consequences will be felt for decades.
Konec ideologického rozdělení Východ-Západ i konec absolutní víry v trhy jsou zlomovými body dějin.	The end of the East-West ideological divide and the end of absolute faith in markets are historical turning points.
A dění roku 2009 může ohrozit některé z pozitivních výsledků roku 1989, včetně pokojného znovusjednocení Evropy a triumfu demokratických principů nad nacionalistickými, ne-li xenofobními tendencemi.	And what happens in 2009 may jeopardize some of the positive results of 1989, including the peaceful reunification of Europe and the triumph of democratic principles over nationalist, if not xenophobic, tendencies.
V roce 1989 nad socialistickou ideologií, zosobněnou a propagovanou sovětským blokem, zvítězila liberální demokracie.	In 1989, liberal democracy triumphed over the socialist ideology incarnated and promoted by the Soviet Bloc.
Pro mnohé z příznivců Ronalda Reagana to byl právě prezident USA, kdo záměrnou eskalací závodů ve zbrojení dohnal sovětskou ekonomiku na okraj propasti, čímž plně doložil převahu liberálních společností a volných trhů.	For many of his supporters, it was President Ronald Reagan who, with his deliberate escalation of the arms race, pushed the Soviet economy to the brink, thereby fully demonstrating the superiority of liberal societies and free markets.
Samozřejmě, mezi rokem 1989 a přítomností existují zjevné rozdíly.	Of course, there are obvious differences between 1989 and now.
Zaprvé a snad především, revoluce roku 1989 a následný krach Sovětského svazu skoncovaly se světovou bipolaritou.	First, and perhaps above all, the revolutions of 1989 and the subsequent collapse of the Soviet Union put an end to global bipolarity.
Naproti tomu rok 2009 zřejmě vydláždí cestu k nové bipolaritě, přičemž Sovětský svaz vystřídá Čína.	By contrast, 2009 is likely to pave the way to a new form of bipolarity, but with China substituting for the Soviet Union.
Zadruhé, zatímco v roce 1989 se jasnými vítězi – ač křehčími, než se čekalo – jevila demokracie a kapitalismus, v roce 2009 je během šíření globální krize těžké odlišit vítěze od poražených.	Second, whereas democracy and market capitalism appeared as clear – if more fragile than expected – winners in 1989, it is difficult in 2009, with the spread of the global crisis, to distinguish winners from losers.
Zdá se, že tratí všichni, byť někteří jsou oproti ostatním postiženi víc.	Everyone seems to be a loser, even if some are more affected than others.
Historie je ovšem nespravedlivá a navzdory větší zodpovědnosti za dnešní globální krizi možná USA ze současného marastu vyjdou v lepší formě než ostatní země.	Yet, history is unfair, and the US, despite its greater responsibility for today’s global crisis, may emerge in better shape than most countries from the morass.
V lepší kondici, ale ne samy.	In better shape, but not alone.
Jako hostující profesor na Harvardu a MIT sleduji celkem zřetelnou předpremiéru toho, jak by svět mohl vypadat, až krize konečně odezní.	As a visiting professor at Harvard and MIT, I am getting a good preview of what the world could look like when the crisis finally passes.
Člověk cítí cosi jako formování vesmíru, jemuž budou dominovat Amerika a Asie.	One senses something like the making of an American-Asian dominated universe.
Od úžasné mediální laboratoře MIT po katedry matematiky a ekonomie na Harvardu jsou všude Asijci, především Číňané a Indové, tak jako v prvním století před naším letopočtem Římané v Aténách: plni obdivu k těm, od nichž se tolik naučili a jež v nadcházejících desetiletích překonali.	From the incredible media lab at MIT to the mathematics and economics departments at Harvard, Asians – Chinese and Indians, in particular – are everywhere, like the Romans in Athens in the first century BC: full of admiration for those from whom they were learning so much, and whom they would overcome in the coming decades.
Než se ale tento nový řád objeví, svět se může potýkat s šířícími se zmatky, ne-li přímo chaosem.	But before this new order appears, the world may be faced with spreading disorder, if not outright chaos.
Co se například stane s Egyptem, zemí tak významnou a zranitelnou, až se v důsledku krize v ropných státech budou muset do vlasti vrátit tisíce Egypťanů pracujících v Perském zálivu?	What, for example, will happen to a country as central and vulnerable as Egypt when hundred of thousands of Egyptians working in the Gulf are forced to return to their homeland as a result of the crisis in the oil-producing countries?
Když se bohatým ztenčí bohatství, chudí zchudnou.	When the rich get less rich, the poor get poorer.
A co bude se zahraničními dělníky, kteří dosáhli „evropského snu“ a teď se střetají s potenciálními záchvěvy xenofobie v údajně otevřených evropských zemích?	And what about the foreign workers who have reached for the “European dream” and are now faced with potential explosions of xenophobia in Europe’s supposedly open countries?
Důsledky roku 1989 se ukázaly jako méně trvalé, než by se mnozí pozorovatelé, včetně mě, domnívali.	The consequences of 1989 ended up being less enduring than many observers, including me, would have assumed.
Můžeme jen doufat, že se obdobně i důsledky roku 2009 nakonec ukážou jako mnohem méně dramatické, než se jeví dnes, intuitivně a vlivem dějinných reflexů.	We can only hope that, in the end, the consequences of 2009 similarly prove to be far less dramatic than we now – intuitively and in our historical reflexes – feel them to be.
	
Konec roku 1945	The End of 1945
NEW YORK – Když 8. května 1945 oficiálně skončila v Evropě druhá světová válka, ležela velká část světa v troskách.	NEW YORK – On May 8, 1945, when World War II in Europe officially ended, much of the world lay in ruins.
Pokud je však lidská schopnost destrukce téměř bezbřehá, pak schopnost začínat znovu je neméně pozoruhodná.	But if the human capacity for destruction knows few limits, the ability to start over again is just as remarkable.
Snad proto se lidstvu dosud daří přežít.	Perhaps that is why mankind has so far managed to survive.
Miliony lidí byly na konci války bezpochyby tak hladové a vyčerpané, že se nezmohly na nic kromě vlastního přežívání.	No doubt, millions of people at the end of the war were too hungry and exhausted to do anything much beyond staying alive.
Současně však nad troskami zavládla vlna idealismu, společné odhodlání vybudovat rovnější, pokojnější a bezpečnější svět.	But, at the same time, a wave of idealism swept across the wreckage, a collective sense of determination to build a more equal, peaceful, and safer world.
Proto byl velký hrdina této války Winston Churchill vystrnaděn po volbách z úřadu už v létě roku 1945, ještě před kapitulací Japonska.	That is why the war’s great hero, Winston Churchill, was voted out of office in the summer of 1945, even before Japan surrendered.
Muži a ženy neriskovali životy proto, aby se vrátily staré časy privilegovaných tříd a sociální deprivace.	Men and women had not risked their lives simply to return to the old days of class privilege and social deprivation.
Chtěli lepší bydlení, vzdělání a bezplatnou zdravotní péči pro všechny.	They wanted better housing, education, and free health care for all.
Podobné požadavky se ozývaly po celé Evropě, kde v čele protinacistického či antifašistického odboje často stáli levičáci nebo i komunisté, zatímco předváleční konzervativci byli mnohdy ušpinění kolaborací s fašistickými režimy.	Similar demands were heard all over Europe, where the anti-Nazi or anti-fascist resistance was often led by leftists, or indeed Communists, and prewar conservatives were frequently tainted by collaboration with fascist regimes.
V zemích jako Francie, Itálie a Řecko se mluvilo o revoluci.	There was talk of revolution in countries such as France, Italy, and Greece.
Nakonec k nim nedošlo, protože je nepodpořili západní spojenci ani Sovětský svaz.	This did not happen, because neither the Western Allies nor the Soviet Union supported it.
Stalin se spokojil s impériem ve východní Evropě.	Stalin was content to settle for an empire in Eastern Europe.
Avšak i pravicový vůdce odboje Charles de Gaulle musel ve své první poválečné vládě strpět komunisty a souhlasil se znárodněním průmyslu a bank.	But even Charles de Gaulle, a resistance leader of the right, had to accept Communists in his first postwar government, and he agreed to nationalize industries and banks.
Příklon k levici, k sociálnědemokratickým státům blahobytu probíhal v celé západní Evropě.	The swing to the left, to social-democratic welfare states, occurred all over Western Europe.
Tvořil součást konsensu roku 1945.	It was part of the 1945 consensus.
Jiný typ revoluce se odehrával v bývalých evropských koloniích v Asii, kde domorodé národy neměly zájem nechat si znovu vládnout západními mocnostmi, tak potupně poraženými Japonskem.	A different kind of revolution was taking place in Europe’s former colonies in Asia, where native peoples had no desire to be ruled once more by Western powers, which had been so ignominiously defeated by Japan.
I Vietnamci, Indonésané, Filipínci, Barmánci, Indové a Malajsijci chtěli svůj díl svobody.	Vietnamese, Indonesians, Filipinos, Burmese, Indians, and Malays wanted their freedom, too.
Jejich tužby byly často slyšet v Organizaci spojených národů, založené v roce 1945.	These aspirations were often voiced in the United Nations, founded in 1945.
Také OSN byla součástí konsensu roku 1945, podobně jako sen o evropské jednotě.	The UN, like the dream of European unity, was also part of the 1945 consensus.
Mnoho význačných osobností – například Albert Einstein – nakrátko uvěřilo, že pouze světová vláda dokáže zajistit světový mír.	For a short while, many prominent people – Albert Einstein, for one – believed that only a world government would be able to ensure global peace.
Tento sen se rychle rozplynul, když studená válka rozdělila svět na dva znesvářené bloky.	This dream quickly faded when the Cold War divided the world into two hostile blocs.
Politika studené války však v některých ohledech posilovala na Západě konsensus roku 1945.	But in some ways the 1945 consensus, in the West, was strengthened by Cold War politics.
Komunismus, který se stále halil do pláštíku antifašismu, měl značnou intelektuální a emoční přitažlivost, a to nejen v takzvaném třetím světě, ale i v západní Evropě.	Communism, still wrapped in the laurel leaf of anti-fascism, had a wide intellectual and emotional appeal, not only in the so-called Third World, but also in Western Europe.
Jako jeho ideologická protilátka pak sloužila sociální demokracie se svým slibem větší rovnosti a příležitostí pro všechny.	Social democracy, with its promise of greater equality and opportunities for all, served as an ideological antidote.
Většina sociálních demokratů byla ve skutečnosti zapálenými antikomunisty.	Most social democrats were in fact fiercely anti-communist.
Dnes, o 70 let později, už velká část konsensu roku 1945 neexistuje.	Today, 70 years later, much of the 1945 consensus no longer survives.
Z málokoho dnes vyzařuje velký zápal pro OSN.	Few people can muster great enthusiasm for the UN.
Evropský sen je v krizi.	The European dream is in crisis.
A poválečný sociálnědemokratický stát blahobytu je den ode dne nahlodanější.	And the post-war social-democratic welfare state is being eroded more and more every day.
Tento rozkladný proces započal v 80. letech za vlády Ronalda Reagana a Margaret Thatcherové.	The rot began during the 1980s, under Ronald Reagan and Margaret Thatcher.
Neoliberálové napadali výdaje na vyplácení dávek a partikulární zájmy odborových svazů.	Neoliberals attacked the expense of entitlement programs and the vested interests of trade unions.
Panovalo přesvědčení, že občané se musí víc spoléhat sami na sebe a že vládní sociální programy je činí měkkými a závislými.	Citizens, it was thought, had to become more self-reliant; government welfare programs were making everyone soft and dependent.
Abychom parafrázovali slavný výrok Thatcherové, neexistuje žádná „společnost“, jen rodiny a jednotlivci, kteří by se měli starat o sebe.	In Thatcher’s famous words, there was no such thing as “society,” only families and individuals who ought to be taking care of themselves.
Mnohem tvrdší úder však konsensus roku 1945 inkasoval ve chvíli, kdy jsme se všichni radovali z pádu sovětského impéria, druhé velké tyranie dvacátého století.	But the 1945 consensus was dealt a much greater blow precisely when we all rejoiced at the collapse of the Soviet Empire, the other great twentieth-century tyranny.
V roce 1989 se zdálo, že temný odkaz druhé světové války, totiž zotročení východní Evropy, je konečně u konce.	In 1989, it looked as if the dark legacy of World War II, the enslavement of Eastern Europe, was finally over.
A v mnoha směrech tomu tak skutečně bylo.	And in many ways, it was.
Se sovětským modelem se však zhroutila i řada dalších věcí.	But much else collapsed with the Soviet model.
Sociální demokracie jako protilátka vůči komunismu ztratila důvod k existenci.	Social democracy lost its raison d’être as an antidote to Communism.
Všechny formy levicové ideologie – vlastně všechno, co zavánělo kolektivním idealismem – se začaly pokládat za pomýlený utopismus, který může vést jedině do gulagu.	All forms of leftist ideology – indeed, everything that smacked of collective idealism – came to be viewed as misguided utopianism that could lead only to the Gulag.
Na uvolněné místo nastoupil liberalismus, jenž vytvořil obrovské bohatství pro některé lidi, avšak na úkor ideálu rovnosti, který vzešel z druhé světové války.	Neoliberalism filled the vacuum, creating vast wealth for some people, but at the expense of the ideal of equality that had emerged from World War II.
Mimořádné přijetí knihy Thomase Pikettyho Kapitál v jednadvacátém století ukazuje, jak intenzivně jsou vnímány důsledky kolapsu levice.	The extraordinary reception of Thomas Piketty’s Capital in the Twenty-First Century shows how keenly the consequences of the collapse of the left have been felt.
V nedávných letech se objevily i jiné ideologie snažící se zaplnit lidskou potřebu společných ideálů.	In recent years, other ideologies have also emerged to fill the human need for collective ideals.
Vzestup pravicového populismu odráží oživenou touhu po čistých národních komunitách, které mezi sebe nepouštějí přistěhovalce a menšiny.	The rise of right-wing populism reflects revived yearnings for pure national communities that keep immigrants and minorities out.
A američtí neokonzervativci zvráceně proměnili internacionalismus staré levice tím, že se snaží zavádět demokratický světový řád americkou vojenskou silou.	And, perversely, American neo-conservatives have transformed the internationalism of the old left by seeking to impose a democratic world order by US military force.
Odpovědí na tento alarmující vývoj není nostalgie.	The answer to these alarming developments is not nostalgia.
Nemůžeme se jednoduše vrátit do minulosti.	We cannot simply return to the past.
Na to se příliš mnoho změnilo.	Too much has changed.
Nová touha po společenské a ekonomické rovnosti a mezinárodní solidaritě je však zoufale zapotřebí.	But a new aspiration toward social and economic equality, and international solidarity, is badly needed.
Nemůže být stejná jako konsensus roku 1945, avšak bylo by dobré, kdybychom si během tohoto výročí připomněli, proč tento konsensus vůbec vznikl.	It cannot be the same as the 1945 consensus, but we would do well, on this anniversary, to remember why that consensus was forged in the first place.
	
2011: Má vesmírná odysea	2011: My Space Odyssey
MOSKVA – Většina lidí, kteří o mně něco vědí, mě má za odbornici na informační technologie, která nejspíš žije v Kalifornii a investuje do našlápnutých firemních nováčků v oblasti internetu.	MOSCOW – Most people who know of me think of me as an information-technology expert, someone who probably lives in California and invests in edgy Internet start-ups.
Ve skutečnosti je mým úředním bydlištěm město New York a většinu příštích pěti měsíců se chystám strávit v Rusku, abych v Hvězdném městečku hned za Moskvou absolvovala výcvik pro kosmonauty.	In fact, my formal residence is in New York City, but I am about to spend most of the next five months in Russia, training to be a cosmonaut in Star City, just outside Moscow.
Celé to přišlo z mnoha stran.	It all came about in a number of ways.
V prvé řadě jsem jako dítě předpokládala, že jednou poletím na Měsíc, aniž bych pro to musela něco zvláštního udělat.	First of all, as a kid, I just assumed that I would go to the moon, without having to do much in particular to make it happen.
Prostě jsem brala za samozřejmost, že než mi bude řekněme čtyřicet, cestování vesmírem bude běžné.	I just took it for granted that, by the time I was, say, 40, space travel would be a common thing.
Můj otec se podílel na kosmickém programu Spojených států a doma jsme měli nějaké měsíční kameny, takže jsem z toho nedělala vědu.	My father was involved with the United States space program, and we had some moon rocks at home, so I thought it was no big deal.
Pak se moje pozornost asi na 40 let stočila k jiným věcem.	Then I got distracted for about 40 years.
Před několika lety jsem se ale začala vesmírem znovu zaobírat.	A few years ago, however, I started paying attention to space again.
Spousta lidí, které jsem v branži IT znala, se věnovala témuž: Elon Musk, spoluzakladatel PayPal, zřídil Space-X, Jeff Bezos z Amazonu rozjel společnost Blue Origin zaměřenou na stavbu kosmických lodí, Jeff Greason, vysoce postavený manažer z Intelu, byl u zrodu firmy XCOR Aerospace (jejíž jsem investorkou).	A lot of people I knew in the IT industry were doing the same: Elon Musk, a co-founder of PayPal, founded Space-X; Jeff Bezos of Amazon started a spacecraft company called Blue Origin; Jeff Greason, a senior manager at Intel, started XCOR Aerospace (in which I’m an investor).
V roce 2005, kdy jsem naposledy uspořádala konferenci PC Forum pro podnikatele v oblasti IT, jsem zahájila konferenci nazvanou Flight School pro podnikatele v kosmonautice a soukromém letectví.	In 2005, the last year I held my PC Forum conference for IT entrepreneurs, I started a conference called Flight School for entrepreneurs in space and private aviation.
Zároveň jsem asi v roce 2005 zavítala do Jižní Afriky se skupinkou, která bývalému prezidentu Thabo Mbekimu a jeho vládě radila ohledně politiky informačních technologií.	Meanwhile, in about 2005, I was in South Africa with a small group advising former President Thabo Mbeki and his government about its IT policy.
Jedním z členů týmu byl Mark Shuttleworth, zakladatel Thawte (odprodané VeriSign), který se nedlouho předtím vrátil z výletu na kosmickou stanici jako druhý „vesmírný turista“.	One of the group was Mark Shuttleworth, founder of Thawte (sold to VeriSign), who had recently come back from a trip to the space station as the second “space tourist.”
Jednou večer seděla skupina při západu slunce kolem táborového ohně a autobusy přivezly asi 50 afrických školáků.	One evening, the group sat around a campfire as the sun set, and around 50 African schoolchildren were bussed in.
Celkem nás okolo praskajícího ohně bylo kolem stovky, včetně prezidenta Mbekiho.	Altogether, there were about 100 of us, President Mbeki included, around a roaring fire.
Jakmile se zešeřilo, bylo nachystáno plátno a Mark nám promítl své domácí video z vesmíru.	Once it was dark, a screen was set up and Mark showed home videos from space.
Přednesl strhující vyprávění o svém dobrodružství, doplněné záběry toho, jak se vznáší, chytá do úst bubliny a podobně.	He gave a fascinating talk about his adventures, complete with clips of him floating around, catching bubbles in his mouth, and so on.
Děti byli nadšené a jsem přesvědčená, že některé z nich se tehdy rozhodly studovat matematiku a přírodní vědy.	The kids loved it, and I'm sure some of them decided then and there to study math and science.
Konečně jsem investovala do Space Adventures, společnosti, která Shuttleworthův výlet do kosmu organizovala.	Eventually, I invested in Space Adventures, the company that organized Shuttleworth’s trip into space.
Později jsem se zúčastnila exkurze, kterou uspořádali ke sledování vzletu Charlese Simonyiho, pátého (a brzy sedmého) vesmírného turisty, z kazašského Bajkonuru.	Later, I went on a tour that they organized to watch the launch of Charles Simonyi, the fifth (and soon seventh) space tourist, from Baikonur in Kazakhstan.
(Simonyi napsal program Microsoft Word a teď má další průkopnickou firmu, Intentional Software, a dále nadaci a webové stránky CharlesinSpace.org.)	(Simonyi wrote the Microsoft Word program, and now has another start-up, Intentional Software, and a foundation, as well as a Web site, CharlesinSpace.org.)
Krátce nato jsem začala neformálně debatovat o tom, že bych se v týmu Space Adventures stala náhradním kosmonautem.	Soon after, I started casually discussing the notion of becoming a backup cosmonaut with the Space Adventures team.
Ano, velice ráda bych skutečně letěla, ale výlet do vesmíru vyjde na 35 až 40 milionů dolarů, kdežto výcvik záložníka stojí „jen“ tři miliony.	Yes, I would love to actually go, but the trip to space costs $35 to $40 million, whereas backup training costs “only” $3 million.
Hlavou se mi honily mlhavé myšlenky, že bych se někdy v roce 2011 mohla do vesmíru vydat – v témže roce, k němuž si (velice) váhavě plánuje let spoluzakladatel Googlu Sergey Brin.	So I had vague thoughts that I might go into space sometime in 2011 - the year that Google co-founder Sergey Brin is (very) tentatively slated to go.
Space Adventures prosazovala rok 2009, ale já měla moc práce.	Space Adventures was pushing for 2009, but I was pretty busy.
Pak se letos na jaře něco stalo: moje sestra Emily zjistila, že má rakovinu a podstoupila oboustrannou mastektomii.	Then something happened last spring: my sister Emily discovered that she had cancer and had a double mastectomy.
(Dnes se jí daří dobře, a dokonce právě zvítězila v minimaratonu.)	(She is doing well now and, in fact, just won a mini-marathon.)
Několik týdnů nato jsem narazila na jeden z oněch typických střetů: schůzka správní rady v jednom místě, konference v jiném a další příležitost v tutéž chvíli ještě jinde. „Ech,“ pomyslela jsem si, „kdybych tak šla na oboustrannou mastektomii: mohla bych to všechno zrušit a nikdo by si nestěžoval!“	A couple of weeks later, I was faced with one of those conflicts: a board meeting here, a conference there, another opportunity at the same time somewhere else. “Aaagh,” I thought, “if only I had a double mastectomy: I could cancel all these things and no one would complain!”
Dobrý bože!	
Uvědomila jsem si, že moje priority jsou úplně vyšinuté. Takže tahle moje pracovní dovolená v Rusku je v jistém podivném smyslu mojí alternativou k oboustranné amputaci prsu – ovšemže pozitivní, ale s tímtéž zážitkem stisknutí tlačítka reset.	Good grief! I realized my priorities were all out of whack. So in some odd way, this sabbatical in Russia is my alternative to a double mastectomy – a positive one, to be sure, but the same kind of reset-button experience.
Jde také o odpověď na další otázku, kterou často slýchám kvůli svému angažmá v lidské genetice skrze 23andMe (www.23andme.com) a projekt Personal Genome (www.personalgenome.org): kdybyste se dozvěděla, že máte vysokou pravděpodobnost vzniku Alzheimerovy choroby během několika let, co byste dělala? Inu, odjela bych na výcvik pro kosmonauty, samozřejmě!	It is also the answer to another question I hear a lot because of my work on human genetics through 23andMe (www.23andme.com) and the Personal Genome Project (www.personalgenome.org): If you learned you had a high chance of developing Alzheimer’s in a few years, what would you do?
Ale proč bych měla čekat, jestli můžu onemocnět alzheimerem? Příští měsíc napíšu o tom, co vlastně výcvik pro čekatele na cestu do vesmíru zahrnuje.	Why, I’d go train to be a cosmonaut, of course! And why wait to find out I may get Alzheimer’s? Next month, I will write about what training to go into space actually involves.
	
Ukryté zboží roky 2015Hidden Goods of 2015	The Hidden Goods of 2015
PRINCETON – Pokud bychom stav světa měli hodnotit podle novinových titulků, tak byl rok 2015 rokem islámského teroru a to především v Paříži.	PRINCETON – If we were to judge the state of the world by the news headlines, 2015 was the year of Islamist terror, especially in Paris.
Začalo to masakrem v Charlie Hebdo a vrcholilo mnohem smrtivější střelbou z 13. listopadu, včetně útoků v Bejrútu, Ankaře a v centru pro postižené v kalifornském San Bernadinu.	It began with the massacre at Charlie Hebdo and included the much deadlier November 13 shootings in the city, in addition to attacks in Beirut, Ankara, and on a center for disabled people in San Bernadino, California.
Ale kdybychom se soustředili pouze na terorismus, bylo by to zavádějící hodnocení událostí uplynulého roku.	But even if we focused on terrorism, that would be a misleading view of the year’s events.
V roce 2015 zabil terorismus více lidí v Sýrii, Iráku, Nigérii či Keni, než ve Francii či Spojených státech.	In 2015, terrorism killed more people in Syria, Iraq, Nigeria, and Kenya than in France or the United States.
A pokud říjnová nehoda ruského civilního letounu v egyptské Sinaji byla výsledkem příprav Islámského státu (ISIS), jak tvrdí sama ISIS a ruští experti, potom jen tento incident zabil více lidí než oba teroristické útoky v Paříži.	And if the crash in October of a Russian civilian airliner in Egypt’s Sinai Desert was, as the Islamic State (ISIS) and Russians experts assert, the result of an ISIS plot, then that incident alone killed more people than both terrorist attacks in Paris.
Každopádně soustředění se na to, co shledávají média jako nejpodstatnější, by nám mohlo poskytnout pokřivený pohled na svět.	In any case, concentrating on what the news media find most important to cover can give us a distorted sense of the world.
Smrt každé nevinné oběti teroristických útoků minulého roku je tragédií jak pro tu osobu, tak pro její nebo jeho okolí, rodinu a přátele; to však platí i u smrtí plynoucích z dopravních nehod, které mají mnohem méně mediální pozornosti.	The death of each of the innocent victims of last year’s terrorist attacks is a terrible tragedy for that person and his or her family and friends; but that is also true of deaths that occur in traffic accidents, which receive much less media attention.
	Terrorism is shocking, violent, and makes for “good television.”
Terorismus je šokující, násilný a divácky “atraktivní.“ Pokud se odehraje v našich městech, nebo ve městech, která můžeme snadno navštívit, přitáhne ještě více zájmu díky faktoru „To jsem mohl být já!“ Nicméně z globální perspektivy byly dvě nejpodstatnější události roku 2015 velice povzbuzující, ale jen jedna – smlouva o mezinárodní klimatické změně z prosince v Paříži – dosáhla významnějšího mediálního pokrytí.	If it occurs in cities like our own, or in cities we might visit, it attracts even greater interest because of the “It could have been me!” factor. From a global perspective, however, the two most important things that happened in 2015 were both highly encouraging, though only one, the international climate agreement reached in Paris in December, received significant media coverage.
Bude trvat dekády, než budeme vědět, jestli dohoda z Paříže splnila stanovený cíl omezit globální oteplování “výrazně pod“ 2°C nad předindustriální úrovní.	Decades will pass before we know if the Paris agreement succeeds in meeting its stated aim of limiting global warming to “well below” 2°C above pre-industrial levels.
Jde o ambicióznější rétoriku, než předpokládala většina pozorovatelů a která byla akceptována všemi 194 zúčastněnými zeměmi.	But this is more ambitious language than most observers had expected, and it was accepted by all 194 participating countries.
Experti nám tvrdí, že součet omezení emisí skleníkových plynů, ke kterým se tyto země zavázaly, vytvoří teplotní pokles, který je stále výrazně nad dohodou stanovenou hranicí.	Experts tell us that adding up the reductions in greenhouse-gas emissions that these countries have pledged yields a total drop that is still well short of the agreement’s stated goal.
Pramínek naděje však zůstává v příslibu revize těchto cílů v pětiletých intervalech a zvážení, jaké úpravy jsou třeba k dosažení kýženého efektu.	But a sliver of hope is offered by the commitment to review these targets at five-year intervals and consider what adjustments are needed to meet the goal.
Uvidíme, jestli to bude fungovat (tedy ti, kdo se dožijí roku 2050).	We will see whether it works (or those of us young enough to live to 2050 will).
Ale po zklamání kodaňského summitu z roku 2009 by nás atmosféra okolo dohody z Paříže měla povzbudit.	But after the disappointment of the Copenhagen climate-change summit in 2009, the spirit of agreement that animated the Paris meeting should lift our spirits.
Pokud se ukáže jako bod zvratu ve snahách zabránit katastrofické změně klimatu, tak její význam převýší vše, co se stalo před rokem 2015.	If it does prove to be a turning point for efforts to prevent catastrophic climate change, its importance will dwarf anything else that happened in 2015.
V kontrastu s výsledkem pařížské konference byla druhá nejpodstatnější událost roku 2015 jednoznačně pozitivní: podíl světové populace žijící v extrémní chudobě spadl poprvé pod 10%.	In contrast to the outcome of the Paris meeting, the second most important thing that happened in 2015 was unequivocally positive: The proportion of the world’s population living in extreme poverty has fallen below 10% for the first time.
Tak to přinejmenším vidí Světová banka, která globální chudobu monitoruje již od roku 1990.	That, at least, is the view of the World Bank, which has been monitoring global poverty since 1990.
Tím, jak poklesla extrémní chudoba, stoupl počet “pracující střední třídy“ v rozvojových zemích (definované jako ti, kdo s více než 4 dolary na den) z 18% v roce 1991 na téměř 50% k dnešnímu dni.	As extreme poverty has fallen, developing countries’ “working middle class,” defined as people living on more than $4 per day, has grown, from only 18% of their workforce in 1991 to one-half today.
V té samé době prudce klesl také podíl podvyživených lidí v rozvojových oblastech a to z 23,3% na 12,9%.	In the same period, the proportion of undernourished people in developing regions has also fallen sharply, from 23.3% to 12.9%.
Rychlé snížení extrémní chudoby možná nepřitáhne diváky a čtenáře, ale jeho vliv na lidský blahobyt jistě překonává vliv terorismu.	The rapid decline in extreme poverty may not attract viewers and readers, but its impact on human welfare surely outstrips that of terrorism.
V roce 1990 žilo 1,95 miliardy lidí, tedy téměř 37% celkové populace, v extrémní chudobě. Dnes je jich 702 milionů.	In 1990, 1.95 billion people, or nearly 37% of the world’s population, lived in extreme poverty; today there are 702 million.
Pokud by se poměr lidí žijících v extrémní chudobě nezměnil, bylo by to k dnešnímu dni 2,7 miliardy lidí.	If the proportion of people living in extreme poverty had remained unchanged, there would be 2.7 billion of them.
Jinými slovy, pokles chudoby zlepšil životy téměř dvou miliard lidí.	In other words, the decline in poverty has improved the lives of almost two billion people.
Extrémní chudoba zabíjí prostřednictvím nedostatku jídla a nemocem jako je malárie, spalničky a průjmová onemocnění.	Extreme poverty kills, through inadequate food and diseases like malaria, measles, and diarrhea.
Není tedy překvapením, že pokles v dětské úmrtnosti doprovází klesající extrémní chudobu.	So it is not surprising that a drop in child mortality has accompanied the decline in extreme poverty.
V roce 1990 zemřelo denně 35 000 dětí před dosažením pátého roku života.	In 1990, 35,000 children per day died before reaching their fifth birthday.
K dnešnímu dni se to číslo snížilo na 16 000.	Today that figure is down to 16,000.
Ano, 16 000 dětských úmrtí denně je až příliš mnoho a fakt, že rok 2015 byl nejteplejším zaznamenaným rokem, ukazuje, že boj s klimatickou změnou teprve začal.	Yes, 16,000 child deaths a day is far too many, and the fact that 2015 was the hottest year on record shows that the struggle against climate change has only just begun.
Můžeme ale stavět na zisku z předchozího roku.	But we can build on the gains made last year.
Potřebujeme být aktivními občany a své vůdce musíme tlačit ne ke splnění, ale k překonání emisních cílů, kterých se zavázali dosáhnout.	We need to be active citizens, pushing our leaders not just to meet, but to surpass, the emission targets they have pledged to achieve.
Pokud žijeme blahobytné společnosti, měli bychom také požadovat, aby náš stát hrál svou roli ve zmenšení míry extrémní chudoby.	If we live in an affluent society, we should also demand that our country play its role in reducing extreme poverty.
A bez ohledu na to, co dělá naše vláda, můžeme zjistit, jaké charity bojující s chudobou jsou nejefektivnější a přispět jim.	And, whatever our government does, we can find out which charities fighting poverty are the most effective –and contribute to them.
	
Strategie evropského návratu	A Comeback Strategy for Europe
STOCKHOLM/MADRID – Když papež František vystoupil loni v listopadu v Evropském parlamentu, přirovnal Evropskou unii k babičce – k příjemné ženě s bohatými zkušenostmi, která však postrádá vitalitu a energii z mládí.	STOCKHOLM/MADRID – When Pope Francis addressed the European Parliament last November, he compared the European Union to a grandmother – pleasant and rich with experience, but lacking the vitality and energy of the past.
Je načase, prohlásil František, aby vedoucí představitelé EU odhodili svou ospalou image, uvědomili si, jakým strategickým výzvám Evropa čelí, a stanovili jasnou politiku jejich řešení.	It is high time, Francis argued, that EU leaders shed their dozy image, recognize the strategic challenges that Europe faces, and forge a clear policy for tackling them.
Připusťme, že papežova charakteristika byla v některých ohledech znepokojivě přesná.	Admittedly, the pope’s characterization was alarmingly accurate in some respects.
Navzdory zdánlivé malátnosti si však Evropa udržuje některé důležité silné stránky.	But, despite its seeming lassitude, Europe retains significant strengths.
Je centrem špičkových myšlenek a inovací, domovem některých nejkonkurenceschopnějších regionů a průmyslových odvětví na světě, a co je možná nejimpozantnější, vybudovala společenství a trh čítající půl miliardy lidí.	It is a hub of high-level thought and innovation; it is home to some of the world’s most competitive regions and industries; and, perhaps most impressive, it has built a community and market encompassing a half-billion people.
Svět se však mění: globální události, ekonomické i jiné, stále více ovlivňuje asijsko-pacifický region.	But the world is changing: the Asia-Pacific region is increasingly influencing global developments, economic and otherwise.
Transpacifické partnerství (TPP) – v jehož rámci mají Spojené státy a dalších 11 zemí vytvořit megaregionální zónu volného obchodu – s největší pravděpodobností tento posun ještě urychlí (tím spíše, pokud se k partnerství nakonec připojí i Čína).	The Trans-Pacific Partnership – by which the United States and 11 other countries would create a mega-regional free-trade zone – would most likely accelerate this shift (all the more so if China eventually joins).
A přestože TPP bude ještě muset překonat řadu překážek, než dojde k finalizaci dohody, jeho potenciál ke zvýšení hospodářské síly Asie nelze podceňovat.	Though the TPP faces no shortage of hurdles to clear before an agreement is finalized, its potential to augment Asia’s economic power cannot be underestimated.
Evropa musí pracovat na zajištění svého postavení v novém světovém řádu – počínaje rozšířením svých obchodních a investičních vazeb na USA.	Europe must work to secure its position in the new world order – beginning by enhancing its own trade and investment ties with the US.
Problém je v tom, že zatímco jednání o TPP postupují, rozhovory o Transatlantickém obchodním a investičním partnerství (TTIP) mezi EU a USA zabředly do tak hlubokých domácích sporů, že celý projekt možná skončí u ledu.	The problem is that, as the TPP negotiations progress, talks on the EU-US Transatlantic Trade and Investment Partnership (TTIP) have become so deeply mired in domestic controversies that the entire project may well be scuttled.
Podnikatelské špičky na obou stranách Atlantiku jsou přesvědčené, že úspěšná dohoda o TTIP by přinesla značné hospodářské výhody – tento pocit potvrzuje i řada studií.	Business leaders on both sides of the Atlantic are convinced that a successful TTIP agreement would bring substantial economic benefits – a perception that many studies reinforce.
V debatě však dál převládají triviální otázky – například prodej „chlorovaných kuřat“ a řešení investorských sporů.	Yet trivial issues – for example, the use of chlorinated chicken and settlements of investor disputes – continue to dominate the debate.
Cílem TTIP je využít sílu transatlantické ekonomiky, která je i nadále zdaleka největším a nejbohatším trhem světa: představuje tři čtvrtiny globální finanční aktivity a více než polovinu světového obchodu.	The TTIP’s goal is to unleash the power of the transatlantic economy, which remains by far the world’s largest and wealthiest market, accounting for three-quarters of global financial activity and more than half of world trade.
(Kdyby se TTIP otevřelo dalším ekonomikám – například Turecku, Mexiku a Kanadě –, byl by přínos ještě větší.)	(If the TTIP was opened to other economies – such as Turkey, Mexico, and Canada – the benefits would be even greater.)
Ještě přesvědčivější než přínosy dohody jsou však potenciálně katastrofální důsledky jejího krachu.	Even more compelling than the benefits of achieving an agreement, though, are the potentially catastrophic consequences of failure.
Neúspěch rozhovorů o TTIP by například poskytl účinnou munici těm lidem ve Velké Británii, kteří prosazují vystoupení z EU; kdyby naopak TTIP vstoupilo v platnost, bylo by nemoudré – a tudíž nepravděpodobné –, aby Británie unii opouštěla.	For starters, a breakdown of TTIP talks would give considerable ammunition to those in the United Kingdom who advocate withdrawal from the EU; conversely, if the TTIP were implemented, the UK would be unwise – and thus unlikely – to leave.
Pocit, že EU kvůli svým vnitřním rozmíškám promrhala strategickou příležitost, by navíc pravděpodobně přiměl USA k urychlení svého odklonu od evropského kontinentu.	Moreover, the perception that the EU’s internal squabbles had led it to squander a strategic opportunity would probably drive the US to accelerate its disengagement from the continent.
A ruský prezident Vladimir Putin by nepochybně pokládal neschopnost EU za velkou příležitost uplatnit větší vliv na různé části Evropy.	And Russian President Vladimir Putin would invariably regard the EU’s failure as a major opportunity to exert more influence over parts of Europe.
To vše přispívá k zásadnímu strategickému riziku: pokud se TTIP zasekne nebo zkrachuje, zatímco TPP bude postupovat vpřed a uspěje, pak se globální rovnováha silně vychýlí ve prospěch Asie – a Evropě zbude jen málo možností, pokud vůbec nějaká, získat zpět svůj hospodářský a geopolitický vliv.	All of this contributes to a starkly fundamental strategic risk: If the TTIP stalls or collapses, while the TPP moves forward and succeeds, the global balance will tip strongly in Asia’s favor – and Europe will have few options, if any, for regaining its economic and geopolitical influence.
Když poprvé padl návrh na TTIP, zdálo se, že si Evropa jeho hodnotu uvědomuje.	When the TTIP was first proposed, Europe seemed to recognize its value.
Koneckonců to byla EU, kdo tlačil USA – které o evropském odhodlání zpočátku pochybovaly – k zahájení negociačního procesu v červnu 2013.	Indeed, it was the EU that pushed the US, which initially doubted Europe’s commitment, to launch the negotiation process in June 2013.
Původní ambicí bylo uzavřít vyjednávání „na jedno tankování“.	The ambition was to complete the negotiations on “one tank of gas.”
Nikdo nechtěl podstupovat zdlouhavé rozhovory – ani politické strázně s nimi spojené.	No one wanted to endure protracted talks – or the associated political pain.
Vedoucí představitelé EU však projekt v podstatě opustili, a zdánlivě tak potvrdili americké obavy.	But EU leaders essentially abandoned the project, seemingly confirming American fears.
Obchodní vyjednavači velmi složitě dosahovali pokroku, zatímco veřejnou rozpravu ovládly antiglobalizační skupiny, které vykreslují TTIP jako hrozbu pro všechno, od evropské demokracie po její zdraví.	Trade negotiators struggled to make headway, while anti-globalization groups seized control of the public discourse, presenting the TTIP as a threat to everything from Europe’s democracy to its health.
Je to nebezpečně nepřesná diskuse a lídři EU musí zabránit jejímu dalšímu šíření tím, že přinesou strategické argumenty pro dohodu.	This is dangerously inaccurate talk, and EU leaders must prevent it from gaining any more traction by making the strategic case for the agreement.
Kromě toho musí oživit svůj závazek úspěšného uzavření rozhovorů v roce 2015.	And they must revive their commitment to conclude the talks successfully in 2015.
To neznamená, že vyřešení zbývajících otázek v jednáních o TTIP bude jednoduché.	This is not to say that resolving the remaining issues in the TTIP negotiations will be simple.
Uzavření obchodní dohody, zejména takové, která zahrnuje tolik regulačních otázek, je vždy obtížné a musí brát v úvahu složitost a proměnlivost moderních ekonomik.	But establishing a trade agreement, especially one that entails so many regulatory issues, is always difficult, as it must account for the complexity and changeability of modern economies.
Faktem ovšem zůstává, že překážky spojené se završením TTIP nejsou o nic hůře překonatelné než ty, jimž představitelé EU čelí v posledních několika letech krize.	The fact is that the challenges inherent in completing the TTIP are no more intractable than those that EU leaders have faced in the last few years of crisis.
Až se jednání o TTIP příští měsíc obnoví, musí vedoucí činitelé EU prosazovat skutečný pokrok s cílem uzavřít dohodu do konce roku.	When the TTIP negotiations resume next month, EU leaders must push for genuine progress, with the goal of completing a deal by the end of the year.
Dobrou zprávou je, že nedávné volby v USA možná jejich šance zvýšily.	The good news is that the recent midterm elections in the US might have improved their chances.
Prezident Barack Obama by totiž nyní mohl získat od Kongresu pravomoc k takzvanému zrychlenému jednání.	President Barack Obama now might get so-called fast-track negotiating authority from Congress.
Pokud se tak stane, Kongres by případnou sjednanou dohodu jednoduše schválil nebo odmítl, místo aby ji rozebíral na kousky.	If he does, Congress would simply approve or reject any negotiated agreement, rather than picking it apart.
V USA se pomalu rozbíhá prezidentské předvolební období a agendu EU by v novém roce snadno mohly přebít jiné otázky.	The US presidential election season is starting, and other issues in the new year could easily take over the EU agenda.
Proto nemají evropští lídři času nazbyt.	That is why Europe’s leaders have no time to waste.
Musí využít ekonomickou příležitost – a odvrátit strategickou katastrofu.	They must seize economic opportunity – and avert strategic disaster.
	
Další hlemýždí rok pro globální ekonomiku	Another Slow Year for the Global Economy
WASHINGTON, DC – Loni v dubnu Mezinárodní měnový fond očekával, že světová ekonomika v roce 2015 poroste o 3,5 %.	WASHINGTON, DC – Last April, the International Monetary Fund projected that the world economy would grow by 3.5% in 2015.
V dalších měsících se předpověď vytrvale snižovala, až v říjnu dosáhla 3,1 %.	In the ensuing months, that forecast was steadily whittled down, reaching 3.1% in October.
MMF ale nadále trvá – v posledních sedmi letech už s téměř otřepanou předvídatelností – na tom, že příští rok bude lepší.	But the IMF continues to insist – as it has, with almost banal predictability, for the last seven years – that next year will be better.
Téměř jistě se ale opět mýlí.	But it is almost certainly wrong yet again.
V prvé řadě světový obchod roste chudokrevným 2% ročním růstem, přitom v letech 2003 až 2007 to bylo 8 %.	For starters, world trade is growing at an anemic annual rate of 2%, compared to 8% from 2003 to 2007.
Zatímco růst obchodu v oněch opojných letech výrazně převyšoval světový růst HDP, který v průměru dosahoval 4,5 %, v poslední době je růst obchodu a HDP zhruba stejný.	Whereas trade growth during those heady years far exceeded that of world GDP, which averaged 4.5%, lately, trade and GDP growth rates have been about the same.
I když růst HDP letos růst obchodu překoná, pravděpodobně nepřesáhne 2,7 %.	Even if GDP growth outstrips growth in trade this year, it will likely amount to no more than 2.7%.
Otázka je proč.	The question is why.
Podle Christiny a Davida Romerových z Kalifornské univerzity v Berkeley se dozvuky moderních finančních krizí – po druhé světové válce – vytrácejí po 2-3 letech.	According to Christina and David Romer of the University of California, Berkeley, the aftershocks of modern financial crises – that is, since World War II – fade after 2-3 years.
Harvardští ekonomové Carmen Reinhartová a Kenneth Rogoff říkají, že trvá pět let, než se země vyprostí z finanční krize.	The Harvard economists Carmen Reinhart and Kenneth Rogoff say that it takes five years for a country to dig itself out of a financial crisis.
A opravdu, finanční vyšinutí z let 2007-2008 už z velké části ustoupilo.	And, indeed, the financial dislocations of 2007-2008 have largely receded.
Co tedy stojí za hlemýždím ekonomickým oživením?	So what accounts for the sluggish economic recovery?
Jedno rozšířené vysvětlení tkví v mlhavém pojmu „sekulární stagnace“: dlouhodobě snížená poptávka po zboží a službách podrývá pobídky k investicím a zaměstnávání.	One popular explanation lies in the fuzzy notion of “secular stagnation”: long-term depressed demand for goods and services is undermining incentives to invest and hire.
Jenže poptávka zůstane slabá, jedině pokud lidem chybí důvěra v budoucnost.	But demand would remain weak only if people lacked confidence in the future.
Jediným logickým vysvětlením tohoto vleklého nedostatku důvěry, jak pečlivě doložil a zdůvodnil Robert Gordon ze Severozápadní univerzity, je pomalý růst produktivity.	The only logical explanation for this enduring lack of confidence, as Northwestern University’s Robert Gordon has painstakingly documented and argued, is slow productivity growth.
Před krizí – zejména v letech 2003 až 2007 – pomalý růst produktivity ve velké části světa zakrýval iluzorní pocit prosperity.	Before the crisis – and especially from 2003 to 2007 – slow productivity growth was being obscured by an illusory sense of prosperity in much of the world.
V některých zemích – především ve Spojených státech, Španělsku a Irsku – se vzájemně upevňovaly stoupající ceny realit, spekulativní výstavba a podstupování finančních rizik.	In some countries – notably, the United States, Spain, and Ireland – rising real-estate prices, speculative construction, and financial risk-taking were mutually reinforcing.
Současně si země vzájemně umocňovaly růst prostřednictvím obchodu.	At the same time, countries were amplifying one another’s growth through trade.
Stěžejní pro globální boom byla Čína, zvedající se obr, který zaplavil svět lacinými exporty, čímž shora tlačil na globální inflaci.	Central to the global boom was China, the rising giant that flooded the world with cheap exports, putting a lid on global inflation.
Neméně důležité je, že Čína dovážela obrovské objemy komodit, čímž posilovala řadu afrických a latinskoamerických ekonomik, a nakupovala německé automobily a stroje, čímž zase umožnila rušný chod regionálních dodavatelských řetězců největší evropské ekonomiky.	Equally important, China imported a huge volume of commodities, thereby bolstering many African and Latin American economies, and purchased German cars and machines, enabling Europe’s largest economy to keep its regional supply chains humming.
Tento vývoj se otočil kolem března 2008, kdy USA zachránily před krachem svou pátou největší investiční banku, Bear Sterns.	This dynamic reversed around March 2008, when the US rescued its fifth-largest investment bank, Bear Sterns, from collapse.
Jelikož banky v eurozóně byly také silně zapletené do šlamastyky s podřadnými hypotékami a zoufale jim scházely americké dolary, Amerika a velká část Evropy začaly neúprosně sklouzávat do recese.	With the eurozone banks also deeply implicated in the subprime mortgage mess and desperately short of US dollars, America and much of Europe began a remorseless slide into recession.
Zatímco v letech konjunktury světový obchod šířil hojnost, teď rozséval neduhy.	Whereas in the boom years, world trade had spread the bounty, it was now spreading the malaise.
Jakmile zpomalil růst HDP jedné země, následoval její import, takže zpomalil také růst jejích obchodních partnerů.	As each country’s GDP growth slowed, so did its imports, causing its trading partners’ growth to slow as well.
Americká ekonomika se z recese začala dostávat ve druhé polovině roku 2009, hlavně díky rázné měnové politice a opatřením ke stabilizaci finanční soustavy.	The US economy began to emerge from its recession in the second half of 2009, thanks largely to aggressive monetary policy and steps to stabilize the financial system.
Tvůrci politik v eurozóně naproti tomu měnovou stimulaci odmítli, zavedli opatření k fiskálnímu zpřísnění a ignorovali prohlubující se nesnáze tamních bank.	Eurozone policymakers, by contrast, rejected monetary stimulus and implemented fiscal austerity measures, while ignoring the deepening distress of their banks.
Eurozóna tak zatlačila svět do druhé globální recese.	The eurozone thus pushed the world into a second global recession.
Když už se zdálo, že tato recese dobíhá, začaly se hroutit rozvíjející se ekonomiky.	Just when that recession seemed to have run its course, emerging economies began to unravel.
Pozorovatelé léta velebili vládní a prorůstové reformy, jež vůdci těchto zemí údajně uskutečnili.	For years, observers had been touting the governance and growth-enhancing reforms that these countries’ leaders had supposedly introduced.
V říjnu 2012 MMF chválila „odolnost“ rozvíjejících se ekonomik.	In October 2012, the IMF celebrated emerging economies’ “resilience.”
Jako na pokyn se tato fasáda začala rozpadat a odhalila nepříjemnou pravdu: faktory jako vysoké komoditní ceny a rozsáhlé přílivy kapitálu zastíraly vážné ekonomické slabiny a dodaly legitimitu kultuře křiklavé nerovnosti a rozbujelé korupce.	As if on cue, that facade began to crumble, revealing an inconvenient truth: factors like high commodity prices and massive capital inflows had been concealing serious economic weaknesses, while legitimizing a culture of garish inequality and rampant corruption.
Tyto problémy teď ještě zhoršuje zpomalení růstu v Číně, opoře globálního obchodu.	These problems are now being compounded by the growth slowdown in China, the fulcrum of global trade.
A nejhorší teprve přijde.	And the worst is yet to come.
V Číně je nezbytné zmírnit obrovskou přebytečnou průmyslovou kapacitu a přesycení realitního trhu, přibrzdit domýšlivost roztáčející tamní globální akvizice a rozprášit korupční sítě.	China’s huge industrial overcapacity and property glut needs to be wound down; the hubris driving its global acquisitions must be reined in; and its corruption networks have to be dismantled.
Krátce, faktory, které globální ekonomiku táhly dolů v roce 2015, v novém roce přetrvají – a v některých případech se ještě vyostří.	In short, the factors that dragged down the global economy in 2015 will persist – and in some cases even intensify – in the new year.
Rozvíjející se ekonomiky zůstanou slabé.	Emerging economies will remain weak.
Eurozónu, která se těšila z dočasné úlevy od fiskální přísnosti, bude omezovat malátný globální trh.	The eurozone, having enjoyed a temporary reprieve from austerity, will be constrained by listless global trade.
Stoupající úrokové sazby u firemních dluhopisů předznamenávají pomalejší růst v USA.	Rising interest rates on corporate bonds portend slower growth in the US.
Hroutící se ceny čínských aktiv by mohly vyvolat finanční turbulence.	China’s collapsing asset values could trigger financial turbulence.
Tvůrci politik přitom zmítají události a mají chatrné politické páky k zastavení těchto trendů.	And policymakers are adrift, with little political leverage to stem these trends.
MMF by měl přestat předpovídat růst a vydat výstrahu, že globální ekonomika zůstane slabá a zranitelná, pokud se světoví lídři energicky nezasadí o popohnání inovací a růstu.	The IMF should stop forecasting renewed growth and issue a warning that the global economy will remain weak and vulnerable unless world leaders act energetically to spur innovation and growth.
Taková snaha má už značné zpoždění.	Such an effort is long overdue.
	
Trumpovská nejistota	Trumpian Uncertainty
NEW YORK – Každý rok se v lednu snažím sestavit prognózu pro nadcházející rok.	NEW YORK – Every January, I try to craft a forecast for the coming year.
Ekonomické předpovědi jsou nechvalně proslulé svou složitostí; navzdory pravdě ukryté v žádosti Harryho Trumana o jednorukého ekonoma (který by argumentačně nemohl ukazovat na jednu i na druhou stranu) je ale historie mých prognóz věrohodná.	Economic forecasting is notoriously difficult; but, notwithstanding the truth expressed in Harry Truman’s request for a one-armed economist (who wouldn’t be able to say “on the other hand”), my record has been credible.
V posledních letech jsem správně předvídal, že bez silnější fiskální stimulace (která nebyla na dohled v Evropě ani ve Spojených státech) bude zotavení z Velké recese roku 2008 pomalé.	In recent years, I correctly foresaw that, in the absence of stronger fiscal stimulus (which was not forthcoming in either Europe or the United States), recovery from the Great Recession of 2008 would be slow.
Při tvorbě prognóz jsem spoléhal spíš na analýzu fundamentálních ekonomických sil než na spletité ekonometrické modely.	In making these forecasts, I have relied more on analysis of underlying economic forces than on complex econometric models.
Na začátku roku 2016 se například zdálo jasné, že se stěží dramaticky změní nedostatky globální agregátní poptávky, zjevné už několik posledních let.	For example, at the beginning of 2016, it seemed clear that the deficiencies of global aggregate demand that have been manifest for the last several years were unlikely to change dramatically.
Domníval jsem se proto, že ti, kdo předpovídali silnější zotavení, měli na očích růžové brýle.	Thus, I thought that forecasters of a stronger recovery were looking at the world through rose-tinted glasses.
Ekonomické dění se odvíjelo v zásadě tak, jak jsem očekával.	Economic developments unfolded much as I anticipated.
To ovšem neplatí pro politické dění roku 2016.	Not so the political events of 2016.
Roky jsem psal, že pokud se nebude řešit narůstající nerovnost, především v USA, ale i v mnoha dalších zemích po celém světě, bude mít politické důsledky.	I had been writing for years that unless growing inequality – especially in the US, but also in many countries throughout the world – was addressed, there would be political consequences.
Nerovnost se ale nadále zhoršovala. Ohromující údaje přitom doložily, že v USA klesá průměrná naděje dožití.	But inequality continued to worsen – with striking data showing that average life expectancy in the US was on the decline.
Tyto výsledky předznamenala loňská studie Anne Caseové a Anguse Deatona, která ukázala, že naděje dožití je na sestupu v rozsáhlých segmentech populace – včetně takzvaných rozzlobených mužů v americkém Rezavém pásu.	These results were foreshadowed by a study last year, by Anne Case and Angus Deaton, which showed that life expectancy was on the decline for large segments of the population – including America’s so-called angry men of the Rust Belt.
Vzhledem k tomu, že příjmy dolních 90 % už téměř třetinu století stagnují (a značnou část té doby upadají), údaje o zdravotním stavu však jen potvrdily, že pro rozsáhlé oblasti země nejde vývoj správným směrem.	But, with the incomes of the bottom 90% having stagnated for close to a third of a century (and declining for a significant proportion), the health data simply confirmed that things were not going well for very large swaths of the country.
A byť je Amerika možná extrémním případem tohoto trendu, jinde není situace o mnoho lepší.	And while America might be at the extreme of this trend, things were little better elsewhere.
Jestliže se ale zdálo jasné, že se politické důsledky projeví, jejich podoba a časové okolnosti byly mnohem méně zřetelné.	But, if it seemed clear that there would be political consequences, their form and timing were far less obvious.
Proč se v USA zvedla vlna odporu, právě když se zdálo, že se ekonomika začíná dávat do pořádku, a ne už dřív?	Why did the backlash in the US come just when the economy seemed to be on the mend, rather than earlier?
A proč se projevila výkyvem doprava?	And why did it manifest itself in a lurch to the right?
Vždyť to byli právě republikáni, kdo blokoval pomoc pro ty, kteří přišli o práci v důsledku globalizace, již přičinlivě popoháněli.	After all, it was the Republicans who had blocked assistance to those losing their jobs as a result of the globalization they pushed assiduously.
Byli to právě republikáni, kdo ve 26 státech odmítl umožnit rozšíření programu Medicaid, který zajišťuje zdravotní pojištění lidem na dně.	It was the Republicans who, in 26 states, refused to allow the expansion of Medicaid, thereby denying health insurance to those at the bottom.
A proč se vítězem stal člověk, který si udělal živobytí ze zneužívání ostatních, otevřeně přiznal, že neplatí daně, jak by se spravedlivě slušelo, a z vyhýbání se dani ještě udělal otázku hrdosti?	And why was the victor somebody who made his living from taking advantage of others, openly admitted not paying his fair share of taxes, and made tax avoidance a point of pride?
Donald Trump vystihl ducha doby: nedařilo se a mnoho voličů si přálo změnu.	Donald Trump grasped the spirit of the time: things weren’t going well, and many voters wanted change.
Teď ji dostanou: nic nebude jako obvykle.	Now they will get it: there will be no business as usual.
Zřídkakdy však bylo víc nejistoty.	But seldom has there been more uncertainty.
Jaké politiky bude Trump uskutečňovat, zůstává neznámé, nemluvě o nejistotě, které uspějí či jaké budou mít důsledky.	Which policies Trump will pursue remains unknown, to say nothing of which will succeed or what the consequences will be.
Trump vzbuzuje dojem, že si umanul vyvolat obchodní válku.	Trump seems hell-bent on having a trade war.
Jak ale budou Čína a Mexiko reagovat?	But how will China and Mexico respond?
Trump si nejspíš uvědomuje, že jeho návrhy poruší pravidla Světové obchodní organizace, ale možná také ví, že bude trvat dlouho, než WTO vydá rozhodnutí, které půjde proti němu.	Trump may well understand that what he proposes will violate World Trade Organization rules, but he may also know that it will take a long time for the WTO to rule against him.
A tou dobou už by americký obchodní účet mohl být v rovnováze.	And by then, America’s trade account may have been rebalanced.
Jenže tuhle hru mohou hrát oba: Čína může podnikat podobné kroky, třebaže její reakce budou nejspíš jemnější.	But two can play that game: China can take similar actions, though its response is likely to be more subtle.
Kdyby měla propuknout obchodní válka, co by se stalo?	If a trade war were to break out, what would happen?
Trump má možná důvod si myslet, že by mohl vyhrát; vždyť Čína na vývozu do USA závisí víc než USA na vývozu do Číny, což dává USA výhodu.	Trump may have reason to think he could win; after all, China is more dependent on exports to the US than the US is on exports to China, which gives the US an advantage.
Jenže obchodní válka není hra s nulovým součtem.	But a trade war is not a zero-sum game.
Tratit budou nutně i USA.	The US stands to lose as well.
Čína může umět účinněji zaměřovat odvetu tak, aby působila akutní politické bolesti.	China may be more effective in targeting its retaliation to cause acute political pain.
Číňané jsou snad také ve výhodnějším postavení k reakcím na pokusy USA způsobit jim trýzeň, než jsou USA k reakcím na trýzeň, již může Čína působit Američanům.	And the Chinese may be in a better position to respond to US attempts to inflict pain on them than the US is to respond to the pain that China might inflict on Americans.
Kdo dokáže bolesti lépe snášet, je ve hvězdách.	It’s anybody’s guess who can stand the pain better.
Budou to USA, kde obyčejní občané trpí už tak dlouho, anebo Čína, jíž se navzdory nelehkým časům daří tvořit růst přesahující 6 %?	Will it be the US, where ordinary citizens have already suffered for so long, or China, which, despite troubled times, has managed to generate growth in excess of 6%?
Obecněji se republikánský/Trumpův program, charakteristický daňovými škrty vychýlenými ve prospěch bohatých ještě víc, než by vyplývalo z běžného receptu americké pravice, zakládá na představě prosperity stékající shora dolů – navazuje na ekonomiku strany nabídky z Reaganovy éry, která nikdy skutečně nefungovala.	More broadly, the Republican/Trump agenda, with its tax cuts even more weighted toward the rich than the standard GOP recipe would imply, is based on the idea of trickle-down prosperity – a continuation of the Reagan era’s supply-side economics, which never actually worked.
Zlost těch, jež Reaganova revoluce nechala pokulhávat daleko za úspěšnými, možná tiší projevy pronášené bez servítků či nepříčetná prohlášení ve tři ráno na Twitteru, tedy alespoň prozatím.	Fire-breathing rhetoric, or raving three a.m. tweets, may assuage the anger of those left behind by the Reagan revolution, at least for a while.
Ale jak dlouho to vydrží?	But for how long?
A co se stane potom?	And what happens then?
Trump by možná rád zrušil běžné zákonitosti ekonomiky, až přikročí ke své verzi vúdú ekonomiky.	Trump might like to repeal the ordinary laws of economics, as he goes about his version of voodoo economics.
To ale nemůže.	But he can’t.
Přesto by vhledem k tomu, že největší ekonomika světa míří v roce 2017 a v dalších letech do nezmapovaných politických vod, bylo pro pouhého smrtelníka opovážlivé pokusit se o prognózu jdoucí nad pojmenování toho, co je očividné: vody budou téměř jistě neklidné a mnoho – ne-li většina – expertních lodí na této plavbě ztroskotá.	Still, as the world’s largest economy leads the way into uncharted political waters in 2017 and beyond, it would be foolhardy for a mere mortal to attempt a forecast, other than to state the obvious: the waters will almost certainly be choppy, and many – if not most – pundit ships will sink along the way.
	
Má libra blízko do bodu zlomu?	Is the Pound Close to the Breaking Point?
LONDÝN – Před třiceti lety, dne 16. září 1992, přinutili měnoví spekulanti britskou vládu ustoupit od závazku libry šterlinků vůči Evropskému mechanismu směnných kurzů.	LONDON – Thirty years ago, on September 16, 1992, currency speculators forced the British Government to abandon the commitment of pound sterling to the European Exchange Rate Mechanism.
Ve dnech následujících po „černé středě“ britská libra ztratila na hodnotě 15 %.	In the days that followed “Black Wednesday,” sterling subsequently lost 15% of its value.
Do začátku roku 1993 pak přišla o téměř třetinu své hodnoty.	By early 1993, it had lost almost one-third of its value.
Nedávná ochablost libry – minulý týden klesla vůči dolaru na nejnižší úroveň od roku 1985 – pochopitelně vyvolala vzpomínky na předchozí epizodu a objevila se přirovnání libry k měně rozvíjejícího se trhu.	The pound’s recent weakness – last week, it fell to its lowest level against the US dollar since 1985 – has understandably evoked memories of this earlier episode, leading some to compare the pound to an emerging-market currency.
Takové přirovnání je ale nepřesné a zřejmě nesprávné.	But the comparison is imprecise and arguably inaccurate.
Navzdory svým současným ekonomickým těžkostem si Spojené království zachovává silné instituce, vzkvétající demokracii a smysluplnou historii slušného růstu a nízké inflace.	Whatever its current economic travails, the United Kingdom retains strong institutions, a thriving democracy, and a reasonable track record of decent growth and low inflation.
Co se tedy vlastně pokazilo? A skutečně libru ohrožuje riziko plynoucí z obecnější ztráty důvěry v britská aktiva?	So, what exactly has gone wrong, and is the pound really at risk from a generalized loss of confidence in UK assets?
Jako téměř každé jiné měně, kromě amerického dolaru a snad eura, chybí libře znaky dominantní měny.	Like almost every other currency except the US dollar and perhaps the euro, the pound lacks attributes of a dominant currency.
Mimo obchodování uvnitř Spojeného království a mezi několika malými zeměmi Commonwealthu neexistuje přirozená mezinárodní poptávka po libře.	Aside from trade within the UK and between a few small Commonwealth countries, there is no natural international demand for sterling.
Nic nenasvědčuje ani tomu, že by byly libry drženy jako uchovatel hodnoty.	Nor is there any evidence of pounds being held as a store of value.
Když udeří nejistota, britské vládní dluhopisy obvykle stoupnou na hodnotě (nynější okolnosti ponechme stranou), ale libra má sklon oproti dolaru klesat.	When uncertainty strikes, UK government bonds typically rise in value (current circumstances notwithstanding) but the pound tends to fall against the dollar.
Libře chybí vlastnosti vytvářející dojem bezpečného přístavu, jaké má americký dolar a několik dalších měn, jimž prospívají rozsáhlé zásoby zahraničních aktiv – jelikož po dlouhou dobu setrvale hospodaří s obchodními přebytky.	The pound lacks the perceived safe-haven properties of the US dollar and a few other currencies that benefit from large stores of foreign assets – as a result of running consistent trade surpluses over long periods.
To znamená, že hodnota libry, podobně jako většiny ostatních měn, závisí na tom, zda zahraniční investoři považují ekonomické politiky vlády za prozíravé.	This means that the pound’s value, like that of most other currencies, depends on whether foreign investors consider the government’s economic policies prudent.
For a limited time, you can gain greater access to Project Syndicate – including every commentary and our entire On Point suite of subscriber-exclusive content – starting at less than $6 per month.	For a limited time, you can gain greater access to Project Syndicate – including every commentary and our entire On Point suite of subscriber-exclusive content – starting at less than $6 per month.
Brexit se v jistém smyslu nelišil od jiných negativních šoků postihujících směnné relace země: patřičně devalvovala měna.	In one sense, Brexit was no different from any other negative shock to the country’s terms of trade: the currency depreciated accordingly.
Posílil ale také obavy o setrvalou schopnost Spojeného království levně si půjčovat, vzhledem k nadcházejícímu rozvodu se svým největším obchodním partnerem.	But it also raised concerns about the UK’s continued ability to borrow cheaply, given its impending divorce from its largest trading partner.
Rané důkazy naznačují, že tyto obavy byly přehnané.	Initial evidence suggests that these concerns were overblown.
Britská potřeba externího financování, odrážející se ve schodku běžného účtu, se z 2,6 % HDP během první dekády současného století zvýšila do roku 2020 na téměř 4 % HDP.	The UK’s external financing needs, as reflected in its current account deficit, rose from 2.6% of GDP during the first decade of this century to almost 4% of GDP by 2020.
Přesto po korekci o inflaci náklady Spojeného království na financování v období po brexitu ve skutečnosti klesly.	Yet, adjusted for inflation, the UK’s financing costs actually fell in the period after Brexit.
V ještě nedávnější době vedl prudký vzestup účtu za energie k dalšímu zhoršení běžného účtu Spojeného království a výsledkem je rekordně vysoký deficit, v prvním čtvrtletí roku 2022 přes 8 %, a podstatně vyšší výpůjční náklady.	More recently, the sharp rise in its energy bill led to further deterioration in the UK’s current account, resulting in a record-high deficit of more than 8% of GDP in the first quarter of 2022 and significantly higher borrowing costs.
Ovšemže, Velká Británie není jedinou vyspělou ekonomikou, která se prokousává důsledky pandemie covidu-19 a probíhající války na Ukrajině.	To be sure, the UK is not the only developed economy muddling its way through the aftermath of the COVID-19 pandemic and the ongoing war in Ukraine.
Skutečnost, že se Spojenému království nedaří hůř než některým jiným zemím, přesto není důvodem k pocitu sebeuspokojení.	Even so, the fact that the UK is not doing worse than some other countries is no excuse for complacency.
Rozhodnutí vlády ministerské předsedkyně Trussové zastropovat tuzemské ceny energií pro domácnosti s cílem omezit dopady vyšších velkoobchodních cen na spotřebu je analogií k neúspěšnému britskému zavěšení směnného kurzu před 30 lety.	The Truss government’s decision to cap domestic energy prices for households, in order to limit the impact of higher wholesale prices on consumption, is analogous to the UK’s failed exchange-rate peg of 30 years ago.
Pokud velkoobchodní ceny plynu vyletí, jelikož Rusko zastaví dodávky do Evropy anebo protože se zahraniční dodavatelé samotného Spojeného království rozhodnou omezit vývoz plynu, aby zmírnili účinky vysokých cen energií na své domácí ekonomiky, mohla by nákladnost tohoto subvenčního programu astronomicky stoupat.	If wholesale gas prices soar, owing to Russia’s cutoff of deliveries to Europe or because the UK’s own foreign suppliers choose to limit gas exports in order to mitigate the effects of high energy prices on their own domestic economies, the cost of the subsidy scheme could skyrocket.
Při expozici bilance vlády potenciálním obřím ztrátám by byly její výpůjční náklady úzce navázané na velkoobchodní cenu plynu, nad níž nemá žádnou moc.	With the government’s balance sheet exposed to huge potential losses, its borrowing costs would become closely linked to the wholesale price of gas, over which it has no control.
Jinými slovy, Spojené království vytváří cenové zavěšení, které bude finančně těžké unést a politicky těžké odhodit.	In other words, the UK is establishing a price peg that will be financially difficult to sustain and politically difficult to remove.
Další vzestupy cen plynu by vedly k ještě vyšším úrokovým sazbám; vzhledem k vysokým hladinám britského zadlužení by téměř jistě následovala hluboká recese.	Further increases in gas prices would lead to even higher interest rates; given Britain’s high debt levels, a deep recession would almost certainly follow.
Žádné zavěšení měny jako takové by sice neexistovalo, a přece by se libra stala kolaterální obětí, až by vyschlo zahraniční financování.	There would be no currency peg to break per se, but sterling would still become collateral damage as foreign financing dries up.
Zde vyjádřené názory se nemusí shodovat s názory PIMCO.	The views expressed here are not necessarily those of PIMCO.
	
11. září a nové autoritářství	9/11 and the New Authoritarianism
Pět let po útocích na Dvojčata v New Yorku a na Pentagon ve Washingtonu už „11. září“ není jen pouhé datum.	Five years after the attacks on the Twin Towers in New York and the Pentagon in Washington, “9/11” is no longer a mere date.
Vstoupilo do dějepisu jako začátek něčeho nového, snad nové éry, každopádně však jako okamžik změny.	It has entered the history books as the beginning of something new, a new era perhaps, but in any case a time of change.
Ani bombové útoky teroristů v Madridu, Londýně a v dalších místech nebudou zapomenuty, ale „11. září“ se stalo chytlavým obratem, téměř jako „srpen 1914“.	The terrorist bombings in Madrid and London and elsewhere will also be remembered; but it is “9/11” that has become the catchphrase, almost like “August 1914.”
Avšak je to, co 11. září 2001 začalo, skutečně válka?	But was it really a war that started on September 11, 2001?
Ne všichni jsou z tohoto amerického náhledu nadšení.	Not all are happy about this American notion.
Během vrcholné doby irského terorismu ve Velké Británii dělaly britské vlády jedna za druhou vše pro to, aby IRA nepřiznaly představu, že se vede válka. „Válka“ by znamenala přijetí teroristů jako legitimních nepřátel, v jistém smyslu srovnatelných protějšků v krvavém zápase, pro nějž existují uznávaná pravidla účasti.	During the heyday of Irish terrorism in the UK, successive British governments went out of their way not to concede to the IRA the notion that a war was being waged. “War” would have meant acceptance of the terrorists as legitimate enemies, in a sense as equals in a bloody contest for which there are accepted rules of engagement.
V případě teroru nejde ani o správný popis, ani o užitečně volená slova, neboť teroristické činy je správnější charakterizovat jako činy kriminální.	This is neither a correct description nor a useful terminology for terrorist acts, which are more correctly described as criminal.
Jejich prohlášením za válku – a pojmenováním nepřítele, obvykle al-Káidy a jejího vůdce Usámy bin Ládina – vláda Spojených států ospravedlnila vnitřní změny, jež by byly v každé svobodné zemi před útoky z 11. září nepřijatelné.	By calling them war – and naming an opponent, usually al-Qaeda and its leader, Osama bin Laden – the United States government has justified domestic changes that, before the 9/11 attacks, would have been unacceptable in any free country.
Většina těchto změn byla začleněna do takzvaného „Vlasteneckého zákona USA“.	Most of these changes were embodied in the so-called “USA Patriot Act.”
Třebaže některé ze změn se týkaly pouze správních předpisů, celkovým účinkem vlasteneckého zákona bylo rozrušení velkých pilířů svobody, jako je habeas corpus , právo odvolat se k nezávislému soudu, kdykoli stát upírá jedinci svobodu.	Though some of the changes simply involved administrative regulations, the Patriot Act’s overall effect was to erode the great pillars of liberty, such as habeas corpus , the right to recourse to an independent court whenever the state deprives an individual of his freedom.
Zajatecký tábor v zálivu Guantánamo na Kubě se záhy stal symbolem něčeho neslýchaného: vazby bez soudu pro „nezákonné bojovníky“, jimž jsou upírána veškerá lidská práva.	From an early date, the prison camp at Guantánamo Bay in Cuba became the symbol of something unheard of: the arrest without trial of “illegal combatants” who are deprived of all human rights.
Svět teď uvažuje, kolik ještě těchto osob zbavených lidství je a na kolika jsou vlastně místech.	The world now wonders how many more of these non-human humans are there in how many places.
Pro všechny ostatní byl vyhlášen jakýsi stav ohrožení, který státu umožnil zasahovat do základních občanských práv. Kontroly na hranicích se pro mnohé proměnily v muka a na značné množství osob doléhá policejní perzekuce.	For everyone else, a kind of state of emergency was proclaimed that has allowed state interference in essential civil rights. Controls at borders have become an ordeal for many, and police persecution now burdens quite a few.
Atmosféra strachu zkomplikovala život každému, kdo podezřele vypadá nebo jedná, zejména muslimům.	A climate of fear has made life hard for anyone who looks suspicious or acts suspiciously, notably for Muslims.
Taková omezení svobody se po svém přijetí nesetkala s příliš silným veřejným odporem.	Such restrictions on freedom did not meet with much public opposition when they were adopted.
Právě naopak, obecně vzato se do problémů nedostali zastánci těchto opatření, nýbrž jejich kritici.	On the contrary, by and large it was the critics, not the supporters, of these measures who found themselves in trouble.
V Británii, kde ministerský předseda Tony Blair plně podpořil americký přístup, vláda zavedla podobná opatření, a dokonce předložila novou teorii.	In Britain, where Prime Minister Tony Blair supported the US attitude entirely, the government introduced similar measures and even offered a new theory.
Blair byl první, kdo prohlásil, že první svobodou je bezpečnost.	Blair was the first to argue that security is the first freedom.
Jinými slovy, svoboda neznamená právo jedince určovat svůj vlastní život, ale právo státu omezovat osobní svobodu ve jménu bezpečnosti, již může definovat jedině stát.	In other words, liberty is not the right of individuals to define their own lives, but the right of the state to restrict individual freedom in the name of a security that only the state can define.
To je začátek nového autoritářství.	This is the beginning of a new authoritarianism.
Problém se vyskytuje ve všech zemích, jež postihuje hrozba terorismu, byť se to v mnoha z nich neprojevilo až tak příznačně.	The problem exists in all countries affected by the threat of terrorism, though in many it has not become quite as specific.
Ve většině zemí kontinentální Evropy zůstalo „11. září“ americkým datem.	In most countries of continental Europe, “9/11” has remained an American date.
Probíhá dokonce debata – a existují jisté důkazy – ohledně otázky, zda angažovanost ve „válce proti terorismu“ ve skutečnosti nezvýšila hrozbu teroristických činů.	There is even a debate – and indeed some evidence – concerning the question of whether involvement in the “war against terrorism” has actually increased the threat of terrorist acts.
Němci rozhodně tento argument využívají, aby se vyhýbali jednání, kdykoli je to možné.	Germans certainly use this argument to stay out of the action wherever possible.
Tento postoj ovšem nezabránil rozšíření čehosi, pro co se v některých jazycích používá německý výraz Angst , totiž úzkost.	This stance, however, has not prevented the spread of something for which a German word is used in other languages, too: Angst .
Rozlévá se nejasný pocit znepokojení.	A diffuse anxiety is gaining ground.
Lidé se cítí nesví a neklidní, zejména když cestují.	People feel uneasy and worried, especially when traveling.
Při každém železničním neštěstí či havárii letadla teď jako první padne podezření na teroristický čin.	Any train accident or airplane crash is now at first suspected of being an act of terrorism.
To znamená, že 11. září znamenalo, ať přímo, či nepřímo, obrovský šok, a to jak pro naši psychiku, tak pro naše politické systémy.	Thus, 9/11 has meant, directly or indirectly, a great shock, both psychologically and to our political systems.
Byť se proti terorismu bojuje ve jménu demokracie, tento boj vedl k jejímu zřetelnému oslabení, zapříčiněnému úřední legislativou i všeobecnou úzkostí.	While terrorism is fought in the name of democracy, the fight has in fact led to a distinct weakening of democracy, owing to official legislation and popular angst.
Jedním ze znepokojivých rysů 11. září je to, že lze jen těžko porozumět jeho záměru kromě zášti pachatelů vůči Západu a jeho způsobům.	One of the worrying features of the 9/11 attacks is that it is hard to see their purpose beyond the perpetrators’ resentment of the West and its ways.
Zásadní znaky Západu, demokracie a právní řád, však utrpěly víc v rukou jejich obhájců než těch, kdo na ně útočí.	But the West’s key features, democracy and the rule of law, have taken a far more severe battering at the hands of their defenders than by their attackers.
Aby se v demokraciích postižených odkazem 11. září obnovila důvěra ve svobodu, je zapotřebí především dvou kroků.	Two steps, above all, are needed to restore confidence in liberty within the democracies affected by the legacy of 9/11.
Zaprvé se musíme ujistit, že daná legislativa, která se vypořádává s výzvou terorismu, je striktně přechodná.	First, we must make certain that the relevant legislation to meet the challenge of terrorism is strictly temporary.
Některá z dnešních omezení habeas corpus a občanských svobod mají doložky o dočasnosti, které omezují jejich platnost; všechny takové předpisy by měly pravidelně prověřovat parlamenty.	Some of today’s restrictions on habeas corpus and civil liberties have sunset clauses restricting their validity; all such rules should be re-examined by parliaments regularly.
Zadruhé, ještě důležitější je, aby se naši lídři snažili znepokojení veřejnosti zklidnit, a ne jej využívat.	Second, and more importantly, our leaders must seek to calm, rather than exploit, public anxiety.
Teroristé, s nimiž v současnosti vedeme „válku“, nemohou zvítězit, protože jejich temná vize si nikdy nezíská širokou všeobecnou legitimitu.	The terrorists with whom we are currently at “war” cannot win, because their dark vision will never gain broad popular legitimacy.
Tím spíš je třeba, aby se demokraté při obhajobě svých hodnot chovali důstojně – v prvé řadě tím, je budou jednat v souladu s nimi.	That is all the more reason for democrats to stand tall in defending our values – first and foremost by acting in accordance with them.
	
Jedenácté září s odstupem času	9/11 in Perspective
NEW YORK – Je tomu právě deset let, co se devatenáct teroristů zmocnilo kontroly nad čtyřmi letadly, se dvěmi narazilo do věžáků Světového obchodního centra, třetím zasáhlo Pentagon a se čtvrtým ztroskotalo na poli v Pensylvánii poté, co se jeho pasažéři vzbouřili a znemožnili teroristům dokončit jejich zlovolnou misi.	NEW YORK – It was a decade ago that 19 terrorists took control of four planes, flew two into the twin towers of the World Trade Center, hit the Pentagon with a third, and crashed the fourth in a field in Pennsylvania after passengers resisted and made it impossible for the terrorists to complete their malevolent mission.
Během pár hodin přišlo náhle a násilně o život více než 3000 nevinných lidí – většinou Američanů, ale i občanů 115 dalších zemí.	In a matter of hours, more than 3,000 innocent people, mostly Americans, but also people from 115 other countries, had their lives suddenly and violently taken from them.
Jedenácté září 2001 bylo v každém případě strašlivou tragédií, ale nebyl to historický bod zvratu.	September 11, 2001, was a terrible tragedy by any measure, but it was not a historical turning point.
Nestalo se předzvěstí nové éry mezinárodních vztahů, v níž by získali navrch teroristé s globální agendou nebo v níž by se tak okázalé teroristické útoky staly běžným jevem.	It did not herald a new era of international relations in which terrorists with a global agenda prevailed, or in which such spectacular terrorist attacks became commonplace.
Naopak: 11. září se nikomu nepodařilo napodobit.	On the contrary, 9/11 has not been replicated.
Navzdory pozornosti věnované „globální válce s terorismem“ byly nejvýznamnějšími událostmi posledních deseti let zavedení a rozšíření novátorských informačních technologií, globalizace, války v Iráku a Afghánistánu a politické vzedmutí na Blízkém východě.	Despite the attention devoted to the “Global War on Terrorism,” the most important developments of the last ten years have been the introduction and spread of innovative information technologies, globalization, the wars in Iraq and Afghanistan, and the political upheavals in the Middle East.
Pokud jde o budoucnost, tu bude s daleko vyšší pravděpodobností definovat potřeba Spojených států dát si do pořádku ekonomické záležitosti, směřování Číny uvnitř vlastních hranici i mimo ně a schopnost světových vlád spolupracovat na obnově hospodářského růstu, omezit šíření jaderných zbraní a vyřešit energetické a ekologické problémy.	As for the future, it is much more likely to be defined by the United States’ need to put its economic house in order; China’s trajectory within and beyond its borders; and the ability of the world’s governments to cooperate on restoring economic growth, stemming the spread of nuclear weapons, and meeting energy and environmental challenges.
Je a bylo by nesprávné činit z odporu proti terorismu těžiště toho, co zodpovědné vlády ve světě dělají.	It is and would be wrong to make opposition to terrorism the centerpiece of what responsible governments do in the world.
Teroristé zůstávají ojedinělými odchylkami od normy, jejichž přitažlivost je přinejlepším omezená.	Terrorists continue to be outliers with limited appeal at best.
Dokážou ničit, ale ne tvořit.	They can destroy but not create.
Stojí za zaznamenání, že lidé, kteří vyšli do ulic v Káhiře a Damašku, nevykřikovali během volání po změně slogany al-Káidy ani nepodporovali její agendu.	It is worth noting that the people who went into the streets of Cairo and Damascus calling for change were not shouting the slogans of Al Qaeda or supporting its agenda.
Navíc byla zavedena opatření vedoucí k úspěšnému potlačení teroristů.	Moreover, measures have been implemented to push back, successfully, against terrorists.
Zpravodajská aktiva byla přesměrována.	Intelligence assets have been redirected.
Hranice se staly bezpečnějšími a společnosti odolnějšími.	Borders have been made more secure and societies more resilient.
Znatelně se zvýšila mezinárodní spolupráce – mimo jiné proto, že i vlády, které se na mnoha věcech nemohou shodnout, se na potřebě spolupráce v této oblasti shodnout dokážou.	International cooperation has increased markedly, in part because governments that cannot agree on many things can agree on the need to cooperate in this area.
Jistou roli zde hraje i vojenská síla.	Military force has played a role as well.
Al-Káida ztratila svou základnu v Afghánistánu, když byla od moci odstavena vláda Talibanu, která jí poskytovala útočiště.	Al Qaeda lost its base in Afghanistan when the Taliban government that had provided it sanctuary was ousted from power.
Americké speciální jednotky konečně našly na předměstí Islámábádu Usámu bin Ládina a zabily ho.	Osama bin-Laden was finally found and killed by US Special Forces in the suburbs of Islamabad.
Bezpilotní dálkově řízené letouny se ukázaly jako účinný nástroj k zabíjení značného počtu teroristů, včetně mnoha jejich nejvýznamnějších předáků.	Drones – unmanned aircraft that are remotely steered – have proven to be effective in killing a significant number of terrorists, including many of the most important leaders.
Slabé vlády lze učinit silnějšími a ty vlády, které tolerují či podporují terorismus, musí být volány k zodpovědnosti.	Weak governments can be made stronger; governments that tolerate or support terrorism must be held accountable.
Pokrok však nelze zaměňovat s vítězstvím.	But progress is not to be confused with victory.
Teroristy a terorismus nelze eliminovat stejně tak, jako nedokážeme zbavit svět nemocí.	Terrorists and terrorism cannot be eliminated any more than we can rid the world of disease.
Vždy se najdou lidé, kteří se ve snaze o dosažení politických cílů uchýlí k použití síly proti nevinným mužům, ženám a dětem.	There will always be those who will resort to force against innocent men, women, and children in pursuit of political goals.
V určitých oblastech jsou teroristé skutečně na postupu.	Indeed, terrorists are advancing in some areas.
Pákistán zůstává útočištěm al-Káidy i některých nejnebezpečnějších světových teroristů.	Pakistan remains a sanctuary for Al Qaeda and some of the world’s other most dangerous terrorists.
Směsice nestability, slabosti vlády a převládající ideologie v zemích, jako jsou Jemen, Libye, Somálsko či Nigérie, představuje živnou půdu pro teroristy, kteří se zde mohou organizovat, cvičit a připravovat k operacím – podobně jako to dělali před deseti lety v Afghánistánu.	A mixture of instability, government weakness, and ideology in countries such as Yemen, Libya, Somalia, and Nigeria are providing fertile territory for terrorists to organize, train, and mount operations – much as they did in Afghanistan did a decade ago.
Z trosek starých skupin se ustavičně vynořují nové.	New groups constantly emerge from the ruins of old ones.
Existuje i stále větší nebezpečí domácího terorismu.	There is also a growing danger of homegrown terrorism.
Viděli jsme to ve Velké Británii a v USA.	We have seen it in Great Britain and the US.
Internet jakožto jeden z velkých vynálezů moderního západního světa se projevil jako zbraň, kterou lze využít k podněcování a výcviku těch, kdo si přejí tomuto světu uškodit.	The Internet, one of the great inventions of the modern Western world, has shown itself to be a weapon that can be used to incite and train those who wish to cause harm to that world.
Otázka, kterou v říjnu 2003 položil tehdejší americký ministr obrany Donald Rumsfeld, je stejně naléhavá i dnes: „Daří se nám každý den dopadnout, zabít či odstrašit a odradit více teroristů, než kolik jich madrasy a radikální duchovní rekrutují, vycvičí a nasadí proti nám?“ Za jinak konstantních podmínek pravděpodobně ano.	The question raised in October 2003 by then US Secretary of Defense Donald Rumsfeld is no less relevant today: “Are we capturing, killing, or deterring and dissuading more terrorists every day than the madrassas and the radical clerics are recruiting, training, and deploying against us?”
I menší teroristické úspěchy jsou však nákladné z hlediska zmařených životů, peněz a uzavírání jinak otevřených společností.	All things being equal, we probably are. But even small terrorist successes are costly in terms of lives, money, and making open societies less so.
Co se s tím dá dělat?	What is to be done?
Žádný jediný všelék bohužel neexistuje.	Alas, there is no single or silver bullet.
Založení palestinského státu nebude stačit těm teroristům, kteří si přejí zánik státu židovského, stejně jako dosažení kompromisu v otázce Kašmíru neuspokojí ty teroristy působící v Pákistánu, kteří ve vztahu k Indii sledují širší agendu.	The establishment of a Palestinian state will not be enough for those terrorists who want to see the elimination of the Jewish state, any more than reaching a compromise over Kashmir will satisfy those Pakistan-based terrorists with bigger agendas vis-à-vis India.
Snížení nezaměstnanosti je samozřejmě žádoucí, ale mnozí teroristé nepocházejí z chudobných poměrů.	Reducing unemployment is desirable, of course, but many terrorists do not come from poverty.
Pomoc při demokratizaci společností na Blízkém východě i jinde by mohla zmenšit pocit odcizení, jenž vede k radikalismu i horším věcem, ale to se snadno řekne a hůře dělá.	Helping to make societies in the Middle East and elsewhere more democratic might reduce the alienation that can lead to radicalism and worse, but this is easier said than done.
Samozřejmě chceme i nadále nacházet způsoby, jak sebe učinit zranitelnými méně a teroristy více.	Of course, we want to continue to find ways to make ourselves less vulnerable and terrorists more so.
Ze všeho nejdůležitější však možná je ukončit zejména v arabských a islámských komunitách jakoukoliv akceptaci terorismu.	But what may be most important, particularly in the Arab and Islamic communities, is to end any acceptance of terrorism.
Onen nigerijský otec, který varoval americké velvyslanectví v Lagosu, že se obává, co by mohl udělat jeho syn – než se zmíněný mladík pokusil o Vánocích 2009 odpálit na palubě letadla do Detroitu bombu –, je dobrým příkladem.	The Nigerian father who warned the US embassy in Lagos that he feared what his own son might do – before that same young man attempted to detonate a bomb aboard a flight to Detroit on Christmas Day 2009 – is an example of just this.
Teprve až se více rodičů, učitelů a lídrů společnosti bude chovat podobně, nábor teroristů ustane a policejní složky se začnou těšit plné spolupráci obyvatelstva.	Only when more parents, teachers, and community leaders behave likewise will recruitment of terrorists dry up and law-enforcement authorities receive full cooperation from the populations they police.
Terorismus musí přijít o legitimitu mezi těmi, kdo ho v minulosti podporovali či tolerovali – teprve pak začne ztrácet sílu.	Terrorism must lose its legitimacy among those who have historically supported or tolerated it before it will lose its potency.
	
Transatlantický obchod pro všechny	Transatlantic Trade for All
WASHINGTON – Jednání o vytvoření Transatlantického obchodního a investičního partnerství (TTIP) mezi Evropskou unií a Spojenými státy jsou všeobecně vítána.	WASHINGTON, DC – The negotiations to create a Transatlantic Trade and Investment Partnership between the European Union and the United States are being widely welcomed.
Britský premiér David Cameron označil TTIP za „výhru, která se naskytne jednou za generaci“, a poukázal na potenciální přínos v hodnotě 80 miliard liber (125,5 miliard dolarů) pro EU i USA a 85 miliard liber pro ostatní země.	British Prime Minister David Cameron has called the TTIP a “once-in-a-generation prize,” citing potential gains of £80 billion ($125.5 billion) each for the EU and the US and £85 billion for the rest of the world.
Pro svět unavený čekáním na uzavření nekonečného kola obchodních jednání Světové obchodní organizace z Dauhá se může i bilaterální obchodní iniciativa jevit jako dar z nebes, zvláště když výraz „bilaterální“, jak poznamenal nedávný úvodník listu Financial Times, zahrnuje v tomto případě polovinu světové ekonomiky.	For a world weary of waiting for the World Trade Organization’s interminable Doha trade round to conclude, even a bilateral trade initiative may seem like a boon, especially when, as a recent Financial Times editorial pointed out, “bilateral” covers half of the world’s economy.
Je tu však jeden závažný nedostatek: dohoda by mohla ublížit exportérům z rozvojových zemí, pokud EU a USA nevyvinou společné úsilí na ochranu zájmů těchto aktérů.	But there is a serious downside: The deal could hurt developing-country exporters, unless the EU and the US make a concerted effort to protect these actors’ interests.
Jeden rys navrhovaného paktu, který vyvolává největší nadšení – totiž jeho důraz na regulační bariéry, jako jsou povinné produktové standardy –, by měl ve skutečnosti vzbuzovat největší obavy.	The feature of the proposed pact that elicits the most excitement – its focus on regulatory barriers like mandatory product standards – should actually incite the greatest concern.
Vzhledem k nízkým clům v EU a USA – v průměru nižším než 5% – nebudou další preferenční omezení pro vnější aktéry závažným handicapem.	Given low tariffs in the EU and the US – less than 5%, on average – further preferential reductions will not seriously handicap outsiders.
Pokud však jde o standardy – jako jsou normy upravující bezpečnost, zdraví a životní prostředí –, jsou požadavky spojené s přístupem na trhy brutální a černobílé: buďto zavedený standard splníte, nebo nebudete prodávat.	But, when it comes to standards – such as those governing safety, health, and the environment – the market-access requirements are brutal and binary: either you meet the established standard or you do not sell.
V důsledku toho budou možnosti firem z třetích zemí záviset na tom, jakým způsobem budou standardy TTIP zavedeny: zda prostřednictvím harmonizace (přijetím společného standardu), nebo vzájemného uznávání (přijímáním zboží, které splňuje zavedené standardy dané země).	As a result, third-country firms’ options will depend on how TTIP standards are established: through harmonization (adoption of a common standard) or mutual recognition (acceptance of goods that meet one another’s established standards).
První varianta by umožnila producentům kdekoliv na světě využívat úspor z rozsahu.	The first option would enable producers everywhere to take advantage of economies of scale.
Harmonizovaný standard by však v některých případech mohl být přísnější než původní standardy některých zemí.	But, in some cases, the harmonized standard could be more stringent than some countries’ original standards.
Ačkoliv by nové standardy platily pro dodavatele ze všech exportních států, náklady na jejich dosažení se obvykle liší, což znamená, že by utrpěly země, které jsou méně uzpůsobené ke splnění vyšších standardů.	Even though new standards would apply to suppliers from all exporting countries, compliance costs usually vary, meaning that those less equipped to meet higher standards could suffer.
Když se EU rozhodla koncem 90. let harmonizovat standardy na aflatoxiny (skupinu toxických sloučenin produkovaných některými plísněmi), osm členských států – mimo jiné Itálie, Nizozemsko a Španělsko – podstatně zpřísnilo své národní standardy, což pravděpodobně zapříčinilo pokles afrického vývozu cereálií, sušeného ovoce a ořechů do Evropy o plných 670 milionů dolarů.	In the late 1990’s, when the EU decided to harmonize standards for aflatoxins (a group of toxic compounds produced by certain molds), eight member states – including Italy, the Netherlands, and Spain – raised their national standards substantially, which is likely to have caused African exports of cereals, dried fruits, and nuts to Europe to decline by as much as $670 million.
V případě vzájemného uznávání by EU a USA navzájem akceptovaly své standardy nebo procedury hodnocení nezávadnosti, takže by firmy musely v dané oblasti dodržovat méně striktní požadavky.	With mutual recognition, the EU and the US would accept each other’s standards or conformity-assessment procedures, allowing firms to adhere to the less stringent requirements in each area.
Pokud by se tato politika rozšířila i na firmy z třetích zemí, měla by silný liberalizující dopad.	If the policy were extended to third-country firms, it would have a powerful liberalizing impact.
Například malajsijští televizní producenti by se mohli rozhodnout, že budou dodržovat řekněme snáze splnitelné americké bezpečnostní standardy, místo aby prodávali tentýž produkt na obou trzích, díky čemuž by mohli těžit z úspor z rozsahu a současně snížit náklady na splnění standardů.	For example, Malaysian television producers could choose to comply with, say, America’s easier-to-meet safety standards, then sell the same product in both markets, reaping the benefits of economies of scale while lowering compliance costs.
Kdyby však TTIP vyřadilo z politiky vzájemného uznávání firmy z třetích zemí, jejich konkurenceschopnost oproti evropským a americkým firmám by se tím podstatně snížila.	If, however, the TTIP excluded third-country firms from the mutual recognition policy, their competitiveness vis-à-vis European and American companies would diminish substantially.
Náš výzkum ukazuje, že když dohody o vzájemném uznávání obsahují restriktivní pravidla o původu, pak se zvyšuje vnitroregionální obchod – na úkor obchodu s jinými zeměmi – a nejvíce tím trpí rozvojové státy.	Indeed, our research shows that when mutual-recognition agreements include restrictive rules of origin, intra-regional trade increases – at the expense of trade with other countries – and that developing countries tend to suffer most.
Nadměrně svazující pravidla o původu se ve skutečnosti ukazují jako problematická i pro některé předchozí dohody EU o vzájemném uznávání, například pro dohody upravující standardy profesionálních služeb.	In fact, excessively constraining rules of origin have proved problematic for some of the EU’s previous recognition agreements, such as those governing professional-services standards.
Zatímco brazilský pomeranč připuštěný k prodeji v Portugalsku je možné prodávat v celé EU, brazilský inženýr nebo účetní licencovaný v Portugalsku musí splnit zvláštní licenční požadavky, aby mohl pracovat jinde v EU, což brzdí tolik potřebnou mobilitu pracovních sil, neboť neevropští pracovníci musí podstupovat nákladné a neefektivní byrokratické procedury.	While a Brazilian orange admitted for sale in Portugal can be sold throughout the EU, a Brazilian engineer or accountant licensed in Portugal must fulfill separate licensing requirements to work elsewhere in the EU, hampering much-needed labor mobility by forcing non-European workers to endure costly and inefficient bureaucratic procedures.
V oblasti cel a standardů navíc pravidla WTO nejsou pro všechny stejná.	Furthermore, when it comes to tariffs and standards, WTO rules are not created equal.
Chrání sice země stojící mimo bilaterální nebo regionální celní dohody, čímž zajišťují, aby integrované trhy nezískávaly dodatečné výhody, avšak obsahují jen málo pojistek chránících třetí země před důsledky dohod o povinných standardech.	While they protect countries excluded from bilateral or regional tariff agreements, thereby ensuring that integrated markets do not receive additional advantages, few safeguards exist to shield third countries from the fallout of agreements on mandatory standards.
I při absenci mezinárodních pravidel by EU a USA mohly podniknout dva kroky, aby zajistily, že TTIP nebude mít nepříznivé důsledky pro rozvojové ekonomiky.	Even in the absence of international rules, the EU and the US could take two actions to ensure that the TTIP does not have adverse consequences for developing economies.
Za prvé by mohly umožnit, aby všechny země těžily z výhod bilaterální dohody o vzájemném uznávání, tím, že se dohodnou na nevymáhání restriktivních pravidel o původu.	First, they could allow all countries to reap the benefits of a bilateral mutual-recognition deal by agreeing not to impose restrictive rules of origin.
A za druhé by v oblastech, kde uvažují o harmonizaci, mohly upřednostnit méně přísné z původních standardů, nebudou-li existovat věrohodné důkazy, že by to znamenalo nesplnění příslušného regulačního cíle.	Second, where they do consider harmonization, they could favor the less stringent of the original standards, unless there is credible evidence that it would not support the relevant regulatory objective.
Podobá se to testu odchylek od zavedených mezinárodních standardů, který provádí WTO.	This is akin to a WTO test for departures from established international standards.
Kdyby EU a USA učinily tyto dva závazky, zbytek světa by mohl sledovat jednání o TTIP nikoliv s obavami, nýbrž s nadějí.	If the EU and the US made these two commitments, the rest of the world could follow the TTIP negotiations with hope, rather than trepidation.
	
Špatná dohoda pro americkou budoucnost	A Bad Deal for America’s Future
WASHINGTON – Bolestně dojednaný zákon o americkém rozpočtu, který prezident Barack Obama 2. srpna podepsal, kombinuje zvýšení dluhového stropu americké vlády se snižováním federálních výdajů, čímž odvrací hrozbu prvního případu platební neschopnosti Spojených států v jejich 224-leté historii.	WASHINGTON, DC – The painfully negotiated US budget legislation that President Barack Obama signed on August 2 combines an increase in America’s government debt ceiling with reductions in federal spending, thus averting the prospect of the first default in the 224-year history of the United States.
Dohoda však má tři velké vady na kráse.	But the agreement has three major flaws.
Dvě z nich se navzájem vyvažují, ale třetí ohrožuje to, co Amerika v nadcházejících letech potřebuje nejvíce: hospodářský růst.	Two of them offset each other, but the third threatens what America needs most in the coming years: economic growth.
První vadou je skutečnost, že výdajové škrty jsou špatně načasovány: přicházejí ve chvíli, kdy je americká ekonomika slabá, a tím zvyšují riziko odstartování další recese.	The first flaw is that the spending reductions are badly timed: coming as they do when the US economy is weak, they risk triggering another recession.
Druhý nedostatek zmíněného zákona nicméně tkví v tom, že jím předepsané omezení výdajů je spíše skromné.	The measure’s second shortcoming, however, is that the spending reductions that it mandates are modest.
Zákon sice dělá příliš málo pro vyřešení amerického problému s chronickými a stále rostoucími rozpočtovými schodky, avšak škody, které krátkodobě napáchá na ekonomice, budou pravděpodobně omezené.	While the legislation does too little to address America’s problem of chronic and rising budget deficits, the damage that it inflicts on the economy in the short term is likely to be limited.
Třetí a nejzávažnější vadou je ovšem skutečnost, že výdajové škrty přicházejí na nesprávných místech.	The third and most damaging flaw, however, is that the spending cuts come in the wrong places.
Jelikož demokraté v Kongresu mají téměř nábožné odhodlání zachovat nedotčené hlavní americké sociální programy pro starší občany Social Security a Medicare, zmíněný zákon se ani jednoho z nich nedotýká.	Because the Democrats in Congress have an almost religious commitment to preserving, intact, America’s principal welfare programs for senior citizens, Social Security and Medicare, the legislation does not touch either of them.
Náklady na tyto programy však prudce porostou, jakmile začne silná poválečná generace Američanů narozených v letech 1946 až 1964, která čítá 78 milionů osob, odcházet do důchodu a pobírat penzijní dávky, jež budou v nadcházejících letech představovat největší zvýšení vládních výdajů a potenciálních schodků.	These programs’ costs will rise sharply as the 78-million-strong baby-boom generation – those born between 1946 and 1964 – retires and collects benefits, accounting for the largest increase in government spending and prospective deficits in the years ahead.
A jelikož republikáni v Kongresu mají stejně silnou alergii na zvyšování jakýchkoliv daní za jakýchkoliv okolností, zákon se ve snaze o snížení deficitu ani trochu neopírá o zvýšení daní – a to ani nejbohatším Američanům.	And, because the Republicans in Congress have an equally strong allergy to raising any taxes, any time, under any circumstances, the bill does not rely at all on tax increases – not even for the wealthiest Americans – for the deficit reduction that it provides.
Všechny výdajové škrty směřují do „nemandatorní“ části federálního rozpočtu, což vylučuje programy Social Security a Medicare, dále program Medicaid pro chudé a platby úroků ze státního dluhu.	All of the spending cuts come from the “discretionary” part of the federal budget, which excludes Social Security, Medicare, the Medicaid program for the poor, and interest on the national debt.
Z celkového objemu federálních výdajů tak zbývá pouze asi třetina, ve které lze škrtat, přičemž velká část z této třetiny připadá na rozpočet na obranu, který se republikáni v budoucnu pokusí ochránit.	That leaves only about one-third of total federal spending from which to cut, and much of that goes to the defense budget, which Republicans will attempt to protect in the future.
Zákon z 2. srpna tedy vytváří strukturu, v níž se snižování deficitu soustřeďuje na „nemandatorní neobrannou“ část federálního rozpočtu, která představuje pouze asi 10% jeho celkového objemu.	So the structure established by the August 2 law concentrates deficit reduction on the “discretionary non-defense” part of the federal budget, which is only about 10% of it.
To je příliš malý balík peněz na to, aby se v jeho rámci dalo dosáhnout takového snížení deficitu, jaký budou USA v nadcházejících letech potřebovat.	This is too small a pool of money from which to achieve deficit reduction on the scale that the US will need in the years ahead.
Ještě horší je, že nemandatorní neobranné výdaje zahrnují programy, které jsou nepostradatelné pro hospodářský růst – a hospodářský růst je nepostradatelný pro budoucí prosperitu a globální postavení Ameriky.	Worse yet, discretionary non-defense spending includes programs that are indispensable for economic growth – and economic growth is indispensable for America’s future prosperity and global standing.
Především je růst nejlepší způsob, jak snížit rozpočtové schodky země.	Growth is, in the first place, the best way to reduce the country’s budget deficits.
Čím vyšší je tempo růstu, tím vyšší příjmy vláda inkasuje, aniž musí zvyšovat daňové sazby; a vyšší příjmy umožňují nižší schodky.	The higher the growth rate, the more revenues the government will collect without raising tax rates; and higher revenues enable smaller deficits.
Ekonomický růst je navíc nezbytný k dodržení slibu – pro jednotlivé Američany nesmírně důležitého –, že každá generace bude mít příležitost prosperovat více než generace předchozí, pro což se vžil lidový termín „americký sen“.	Moreover, economic growth is necessary to keep the promise – enormously important to individual Americans – that each generation will have the opportunity to become more prosperous than the preceding one, the popular term for which is “the American dream.”
Pro Neameričany je neméně důležitá skutečnost, že pouze silný hospodářský růst může zajistit pokračování expanzivní role USA ve světě, která podporuje globální ekonomiku a přispívá ke stabilitě v Evropě, východní Asii a na Blízkém východě.	Just as important for non-Americans, only robust economic growth can ensure that the US sustains its expansive role in the world, which supports the global economy and contributes to stability in Europe, East Asia, and the Middle East.
Jak s Thomasem L. Friedmanem vysvětlujeme v chystané knize Toto jsme bývali my: Jak Amerika zaostala ve světě, který vymyslela, a jak se můžeme vrátit do popředí, klíčovým faktorem amerického hospodářského úspěchu bylo a je pokračující partnerství mezi veřejným a soukromým sektorem, které se datuje až k založení země a jejž schéma rozpočtových škrtů uzákoněných legislativou z 2. srpna ohrožuje.	As Thomas L. Friedman and I explain in our forthcoming book That Used To Be Us: How America Fell Behind in the World It Invented and How We Can Come Back, a crucial factor in America's economic success has been an ongoing public-private partnership, which dates back to the founding of the country, that is imperiled by the pattern of budget cuts established by the August 2 legislation.
Toto partnerství má pět částí: širší příležitosti ke vzdělání s cílem vytvořit pracovní sílu se špičkovou kvalifikací; investice do infrastruktury podporující obchod – silnic, elektráren a přístavů –; vyčlenění prostředků na výzkum a vývoj s cílem rozšířit hranice znalostí způsoby, z nichž mohou vzejít nové produkty; imigrační politika, která bude přitahovat a udrží v zemi talentované občany jiných států; a natolik silná pravidla podnikání, aby dokázala zabránit podobným katastrofám, jako bylo téměř úplné zhroucení finanční soustavy v roce 2008, ale zároveň ne tak přísná, aby dusila riskování a inovace, jež generují růst.	That partnership has five components: wider opportunities for education in order to produce a workforce with cutting-edge skills; investment in infrastructure – roads, power plants, and ports – that supports commerce; funds for research and development to expand the frontiers of knowledge in ways that generate new products; an immigration policy that attracts and retains talented people from beyond America’s borders; and business regulations strong enough to prevent disasters such as the near-meltdown of the financial system in 2008 but not so stringent as to stifle the risk-taking and innovation that produce growth.
První tři ingredience amerického receptu na růst stojí peníze a tyto peníze jsou obsaženy v „nemandatorní neobranné“ části federálního rozpočtu, kterou si nyní zákon o dluhovém stropu bere na mušku.	The first three elements of the American formula for growth cost money, and that money is included in the “discretionary non-defense” part of the federal budget now targeted by the debt-ceiling legislation.
Seškrtání těchto programů dlouhodobě sníží americký hospodářský růst, s negativními důsledky doma i v zahraničí.	Cutting these programs will lower American economic growth in the long term, with negative consequences both at home and abroad.
Snižovat schodek osekáváním prostředků určených na vzdělání, infrastrukturu, výzkum a vývoj je podobné jako snažit se o snížení váhy tím, že si člověk usekne tři prsty.	Reducing the deficit by cutting funds for education, infrastructure, and research and development is akin to trying to lose weight by cutting off three fingers.
Většina váhy mu zůstane, ale podstatně se mu zhorší životní vyhlídky.	Most of the weight will remain, and one’s life prospects will have worsened significantly.
Snížení deficitu za účelem zvýšení dluhového stropu bylo správné, ale zákon z 2. srpna na to jde ze špatného konce.	Reducing deficits in order to raise the debt ceiling was the right thing to do, but the August 2 law does it in the wrong way.
Pokud pokles deficitu, který je nevyhnutelný, nebude z větší části pramenit ze snížení nárokových dávek a zvýšení příjmů a z menší části z programů nezbytných pro hospodářský růst, budou výsledkem chudší a slabší Spojené státy – a nejistější, ne-li přímo nestabilní svět.	Unless more deficit reduction, which is inevitable, comes from curbing entitlement benefits and increasing revenues, and less from programs vital for economic growth, the result will be a poorer, weaker US – and a more uncertain, if not unstable, world.
	
O vyváženosti evropské ústavy	A Balanced EU Constitution
Předseda Evropské komise Romano Prodi předložil návrh, jak posílit exekutivu Evropské unie.	EU Commission President Romano Prodi has proposed a scheme to strengthen the Union's executive.
Británie, Francie a Spanělsko pracují na protinávrhu, který má soustředit výkonnou moc EU do rukou největších členských států Unie.	Britain, France, and Spain are working on an opposing plan that will consolidate EU executive powers among the biggest EU states.
Co si o tom má myslet řadový Evropan?	What's the ordinary European to think?
Občané Evropy jen málokdy chápou ústřední témata, o nichž debatuje Evropský ústavní konvent, sídlící v Bruselu.	Europe's citizens scarcely grasp the issues at the heart of the European Constitutional Convention in Brussels.
Pro hory jednotlivostí zůstávají ožehavé otázky pro většinu lidí skryty. Sterilní a namnoze zavádějící diskuse v jednotlivých zemích, jež proti sobě stavějí euroskeptiky a eurofily, vyvolávají bouře nevole i pohoršení, ale světlo nevrhají téměř žádné.	Mountains of detail obscure problems; sterile, misleading national discussions that pit "Euroskeptics" against "Europhiles" muster sound and fury but clarify nothing.
Všechno se zdá tak spletité, že noviny a televize o Konventu raději přestaly referovat.	So complicated do many issues seem that some newspapers and broadcasters have abandoned reporting about the Convention.
Občané Evropské unie by cíle Konventu mohli pochopit mnohem snáz, kdyby si položili tuto otázku: jak by se měly funkce a kompetence vlád rozdělit mezi EU a vlády jednotlivých států?	EU citizens can secure a clearer understanding of what the Convention should achieve by asking this question: how should governmental functions be divided between the EU and its member nations?
K zodpovězení této otázky musíme mít jasnou představu o tom, co je vlastně pravým smyslem vlády.	To answer this, we need to grasp government's true purpose.
Vláda má svým občanům zabezpečovat veřejné služby: kolektivní bezpečnost, legislativu a regulaci, uplatňování zákona a sankcí.	Government should provide citizens with public goods: collective defense, legislation and regulation, enforcement of the rule of law.
Tyto služby lze zajišťovat na různých úrovních vlády: lokální, regionální, národní a nadnárodní, tedy na úrovni EU.	These can be provided at different levels: local, regional, national, or supranational government, i.e., the EU.
Která je ale ta pravá?	But what is the right level?
V některých oblastech decentralizace funguje, protože odpovídá potřebám místních či národních společenství.	In some areas, decentralization works because it recognizes diverse local or national communities.
Lokální rozhodnutí však mívají dopad i na občany jiných společenství a zemí.	However, local decisions often have repercussions on citizens in other communities.
Některé služby by tedy měly přesunuty na širší zeměpisné jednotky, protože tam funguje dezinteresovanost (tedy vzájemnost dopadů).	So certain services should be allocated to a broader geographic unit because they have externalities (that is, interdependence of effects).
Způsob přidělování vládních kompetencí v rámci Evropy by měl vycházet ze zásady, že instituce budou provádět jen ty činnosti, u nichž rozšířením působnosti dojde k úsporám nebo u nichž je zanedbatelná názorová rozdílnost.	Europe's allocation of governmental powers should be based on the principle that institutions carry out only those activities with clear economies of scale and where differences of opinion are modest.
Čím nižší je dezinteresovanost té které činnosti vlády, tím více by měla být lokalizována.	The lower a government activity's externalities, the more it should be localized.
Z nízké dezinteresovanosti vyplývají omezenější výhody centralizace; hluboké rozdíly mezi občany pak znamenají vysoké náklady na harmonizaci.	Low externalities imply limited benefits to be gained from centralization; deep differences among citizens imply that the costs of harmonization would be too high.
Euro je například jasnou výhodou centralizace. Napomáhá mezinárodnímu obchodu a brání negativní dezinteresovanosti.	The euro, for example, delivers clear advantages of scale by favoring international commerce and avoiding negative externalities.
Devalvovat liru ve prospěch italského exportu a na úkor exportu francouzského, následovaného francouzskou reakcí, už nelze.	No longer can the lira be devalued to favor Italian exports to the detriment of the French, followed by a French reaction, etc.
Přestože ne zrovna bezvadně synchronizované hospodářské cykly členských zemí Evropské unie jsou příčinou neshod ohledně měnové a kurzovní politiky, výhody společné měny převažují nad cenou nesourodosti.	Although the imperfectly synchronized economic cycles of EU members causes friction over monetary and exchange rate policy, the euro's benefits outweigh the costs of diversity.
Pokud však jde například o školskou politiku, tam by centralizace systému veřejného školství ve všech členských zemích žádné výhody nepřineslo.	In educational policy, however, to impose the same system on all members would not create economies of scale.
Kulturní rozdíly jsou příliš velké, než aby členské země dobrovolně přijaly jednotný systém.	Cultural differences are too strong to win voluntary compliance.
Bylo by absurdní přesunout vzdělávání a kulturu na nadnárodní úroveň.	It would be absurd to delegate education and culture to a supranational level.
Z dalších oblastí, kde by centralizace přinesla jasné výhody, vynikají dvě: společný trh a hospodářská soutěž jako jeden celek a zahraniční politika a obrana jako celek druhý.	Of the areas of public policy with high economies of scale or externalities, two stand out: the common market and competition; and foreign policy and defense.
K prvnímu z nich patří i protimonopolní předpisy, obchod a společná měna.	The former covers antitrust, trade, and the common currency.
Podle mínění mnohých by měla být harmonizována i fiskální politika: počínaje daňovou strukturou, přes sociální zabezpečení až k rozpočtu.	Some think that fiscal policies - from the structure of taxation to welfare, to budget balances - should also be harmonized.
Bude-li však fiskální harmonizace uplatňována mechanicky, půjde proti rozdílným národním zájmům a mohla by narazit na potencionálně rizikový odpor.	But national preferences are diverse, and if mechanically imposed, fiscal centralization might incite resistance.
Centralizovaná daňová politika nemá opodstatnění ani z ústavního pohledu.	Nor do centralized fiscal policies have any real raison d'être from a constitutional point of view.
Americká ústava například svým státům vyvážený rozpočet nijak nepředepisuje.	The US Constitution, for example, does not prescribe balanced budgets for the states.
Daňová harmonizace má opodstatnění jen za výjimečných okolností: například pro případ zákazu daňových stimulů užitých k omezení konkurence, obchodu nebo pohybu kapitálu.	Only in exceptional circumstances is fiscal harmonization justified: prohibitions, say, on fiscal incentives aimed at limiting competition, impeding commerce, or restricting the movement of capital.
Zahraniční a vojenská politika jsou pak vyloženě doménou vlád.	Foreign policy and defense belong, par excellence, at government's apex.
Zde z centralizování plynou jasné výhody.	There are clear externalities and economies of scale.
Bylo by přece absurdní, kdyby New York uskutečňoval jinou zahraniční politiku než třeba Texas.	It would be absurd if New York pursued a different foreign policy than Texas.
V Evropě je situace podobná.	Much the same is true in Europe.
Přijetí nových zemí do Evropské unie s sebou přinese ještě více vnitřních rozdílů, což znamená, že opodstatnění bude mít ještě méně centralizovaných politik.	The addition of new EU members implies that more internal differences will occur, which means that fewer centralized policies are justified.
Z těchto úvah plyne pro členy Konventu několik zásad:	These considerations suggest a series of principles for the Convention to consider:
1.	1.
Evropská ústava by měla jednoznačně stanovit, která privilegia přísluší Evropě a která členským zemím.	The EU Constitution should establish unequivocally which prerogatives belong to Europe and which to member countries.
Dojde-li k pochybám, měl by dle principu subsidiarity ve sporné oblasti převážit nárok členských zemí.	When in doubt, the principle of subsidiarity suggests that national states remain supreme;
2.	2.
Evropské instituce by měly garantovat fungování trhů, včetně hospodářské soutěže a obchodní a měnové politiky.	European-level institutions should guarantee the functioning of markets, including competition, commercial, and monetary policies;
3.	3.
Daňová oblast by měla zůstat vesměs decentralizovaná, s výjimkou několika málo konkrétních případů.	Fiscal policy should remain largely decentralized, save for a few exceptions;
4.	4.
Zahraniční a obranná politika spadají pod federální pravomoci, jimiž bude Evropa pověřena vhodným způsobem a ve vhodnou chvíli.	Foreign policy and defense are areas of federal competence, to be delegated to Europe at a proper time;
5.	5.
Tvorba nových oblastí pod federální kompetencí by měla vždy být výsledkem rozhodovacích procesů, jaké známe z ryze zastupitelských demokracií.	The creation of new areas of federal competence should be accompanied by decision-making mechanisms found in genuinely representative democracies.
Čili ,,žádná centralizace bez reprezentace".	So "No centralization without representation."
Dnešní Evropská unie se bohužel od těchto principů značně oddaluje (viz tabulka), jak dokládá zemědělství, které představuje 2 procenta evropského HDP, ale na evropských výdajích se podílí celými 40 procenty.	Today's EU diverges enormously from these principles (see table), as is demonstrated by the fact that agriculture, which represents 2% of European GDP, accounts for 40% of EU expenditures.
Rozdělení podle oblastí činností Evropské unie	Activities of EU Institutions (percent of total)
Zdroj tabulky: "What Does the European Union do?" A.	Source of Table: "What Does the European Union do?"
Alesina, I. Angeloni & L.	A. Alesina, I. Angeloni & L.Schuknecht, CEPR Discussion Paper no.
Schuknecht, CEPR Discussion Paper no. 3115.	3115.
Evropa má má před sebou historickou příležitost.	Europe faces an historic opportunity.
Otcům Ústavy Spojených států amerických se podařilo napsat dokument, který vydržel celých dvě stě let.	America's founding fathers wrote a Constitution that has lasted over 200 years.
Úkol, jenž mají před sebou členové Evropského konventu, je samozřejmě v mnoha směrech jiný a mnohem komplexnější - stejně jako společnost, které se zodpovídají.	Members of the European Convention obviously face a far more complex and diverse society-and thus a more daunting constitutional challenge.
Pokud prokáží moudrost a prozíravost, bezpochyby uspějí.	But they can succeed by displaying comparable wisdom and foresight.
	
Vyvážený pohled na čínsko-americké nevyváženosti	A Balanced Look at Sino-American Imbalances
PEKING – Před červencem roku 2007 se většina ekonomů shodovala, že nejvážnější hrozbou pro světový růst jsou globální nevyváženosti.	BEIJING – Before July 2007, most economists agreed that global imbalances were the most important threat to global growth.
Tvrdilo se, že narůstající poměr zahraniční dluhu Spojených států vůči HDP – důsledek chronických deficitů běžného účtu – začne zostra brzdit kapitálové přílivy, čímž oslabí dolar, požene nahoru úrokové sazby a pohrouží americkou ekonomiku do krize.	It was argued that the United States’ rising net foreign debt-to-GDP ratio – the result of chronic current-account deficits – would put a sharp brake on capital inflows, in turn weakening the dollar, driving up interest rates, and plunging the US economy into crisis.
Tento scénář se však nenaplnil.	But this scenario failed to materialize.
Krize namísto toho vzešla z amerického debaklu podřadných hypoték, který globální ekonomiku rychle stáhl do nejhlubší recese od 30. let 20. století.	Instead, the crisis stemmed from the US sub-prime debacle, which quickly dragged the global economy into its deepest recession since the 1930’s.
Většina ekonomů nedokázala předvídat ekonomickou dynamiku, která skutečně vyústila v krizi, protože nevěnovali dostatečnou pozornost překotnému růstu celkového amerického dluhu.	Most economists failed to foresee the economic dynamics that actually led to the crisis, because they failed to pay enough attention to the rapid increase in US total debt.
Zaměřovali se výhradně na zahraniční dluh USA a přehlíželi dluhy domácností (hypotéky a spotřební zadlužení), veřejný dluh, firemní dluhy a finanční dluh.	Instead, they focused exclusively on US foreign debt, ignoring household debt (mortgage and consumer debt), public debt, business debt, and financial debt.
Více pozornosti měli věnovat obzvláště udržitelnosti amerického hypotečního a spotřebitelského zadlužení.	In particular, they should have paid greater attention to the sustainability of US mortgage and consumer debt.
Poměr hypotečního a spotřebního dluhu k HDP činil v roce 2007 víc než 90 %, oproti 24 % u čistého zahraničního dluhu.	In 2007, the mortgage and consumer debt-to-GDP ratio was more than 90%, compared to 24% for net foreign debt.
Samozřejmě, různé složky dluhu se značně liší svým charakterem i zdroji financování – a tedy svou udržitelností.	Of course, the various components of debt differ considerably in their character and sources of financing – and thus in their sustainability.
Jenže všechny složky celkového dluhu země a způsoby jeho financování jsou vzájemně provázané.	But all parts of a country’s total debt and how it is financed are interconnected.
Z toho plynou dvě věci.	This means two things.
Zaprvé, finance z různých zdrojů jsou do jisté míry vzájemně zaměnitelné: nedostatek finančních prostředků u jedné složky úhrnného dluhu lze doplnit z přebytku prostředků původně určených k financování jiných složek.	First, funds from different sources of finance are interchangeable to a certain degree: deficiency of funds for one component of total debt can be supplemented by surplus funds originally aimed at financing other components.
Zadruhé, potíže v kterékoli složce celkového dluhu budou mít dopady na všechny ostatní složky.	Second, troubles in any single component of total debt will have an impact on all the other components.
Když propukla krize podřadných hypoték, domácnosti začaly splácet své hypoteční a spotřebitelské dluhy buď ze svých úspor, nebo prostřednictvím ztráty zástavy.	After the subprime crisis erupted, mortgage and consumer debt was paid down by households either with their savings or by default.
Snížení celkového amerického dluhu a zužování finanční mezery mezi celkovým zadlužením a domácími finančními prostředky vedlo v letech 2008-2009 k významnému zlepšení deficitu běžného účtu USA, což vyvrátilo tvrzení předsedy Rady Federálního rezervního systému USA Bena Bernankeho, že schodek byl způsoben globálním „přebytkem úspor“.	The fall in US total debt, and the narrowing of the financing gap between total debt and domestic funds, led to a significant improvement in the US current-account deficit in 2008-2009, disproving US Federal Reserve Board Chairman Ben Bernanke’s claim that the deficit was caused by a global “saving glut.”
Situace Ameriky s ohledem na běžný účet se skutečně upevnila, navzdory zhodnocování dolaru v reakci na poptávku po jistotě.	Indeed, America’s current-account position strengthened despite the dollar’s appreciation in the face of safe-haven demand.
Bohužel v důsledku zkracování dluhové páky v soukromém sektoru a zvýšení úspor domácností americká ekonomika, tažená dluhem a spotřebou, sklouzla do recese.	Unfortunately, as a result of the private-sector deleveraging and an increase in household savings, the US economy, driven by debt and consumption, slid into recession.
Aby americká vláda kompenzovala negativní dopady snižování zadluženosti v soukromém sektoru na růst, zachovává expanzivní fiskální a měnové politiky.	To offset the negative impact of private-sector deleveraging on growth, the US government has maintained expansionary fiscal and monetary policies.
Za současné situace, kdy zadlužení domácností po horečnaté vládní intervenci zůstává nejisté, fiskální pozice dramaticky upadá a bilance běžného účtu se opět zhoršuje.	Now, with household debt sustained on a knife-edge after feverish government intervention, the fiscal position has deteriorated dramatically and the current-account balance has worsened again.
Největší hrozbou pro finanční stabilitu už není udržitelnost soukromého dluhu, ale udržitelnost veřejného dluhu a jádro debaty o běžném účtu USA se přesunulo z udržitelnosti zahraničního dluhu k dopadu snižování externího deficitu na růst a zaměstnanost.	Sustainability of public debt has replaced sustainability of private debt as the biggest threat to financial stability, and the focus of debate about the US current account has shifted from the sustainability of foreign debt to the impact of reducing the external deficit on growth and employment.
Dilema, před nímž američtí tvůrci politik stojí, tkví v tom, jak stimulovat růst a zároveň snižovat hladinu celkového dluhu.	The dilemma facing US policymakers is how to stimulate growth while lowering the level of total debt.
Nejdůležitějším způsobem jak splnit oba cíle, je posílit export zvýšením americké konkurenční schopnosti.	The most important way to achieve both objectives is to increase exports by strengthening US competitiveness.
Odkud se ale vyšší konkurenceschopnost vezme?	But where will increased competitiveness come from?
Krátkodobě zlepšit konkurenční schopnost USA by mohla devalvace dolaru, ale to není řešení.	Devaluation of the dollar could improve US competitiveness in the short run, but it is not a solution.
Jelikož rychlý fiskální úpadek investory přivádí k obavám z kapitálových ztrát u cenných papírů americké vlády, devalvace by cizince přiměla k ještě větší zdráhavosti vůči financování amerického rozpočtového deficitu.	Because rapid fiscal deterioration now has investors worrying about capital losses on US government securities, devaluation would make foreigners more hesitant to finance America’s budget deficit.
Nebudou-li k dispozici finance ze zahraničí, zisky z amerického vládního dluhu porostou a ekonomika USA se opět propadne do recese.	If foreign financing is not forthcoming, yields on US government debt will rise and the US economy will fall back into recession.
V dlouhodobém výhledu musí vzorec amerického růstu projít strukturálním posunem od spoléhání na dluh a spotřebu k opoře v tvůrčích a novátorských schopnostech, jež Američané vyzdvihují.	In the long run, America’s growth pattern must undergo a structural shift from reliance on debt and consumption one based on Americans vaunted capacity for creativity and innovation.
Jedině pak Amerika zlepší svou konkurenční schopnost natolik, že své vládě umožní snižovat jak soukromý, takže veřejný dluh na udržitelné úrovně a zároveň zachovávat slušné tempo růstu.	Only then will America improve its competitiveness enough to allow the government to reduce both private and public debt to sustainable levels while maintaining a respectable growth rate.
Ani vyšší konkurenční schopnosti, ani snížení celkového zadlužení ovšem nelze dosáhnout přes noc.	But neither improved competitiveness, nor reduction of total debt, can be achieved overnight.
Krátkodobě deficit běžného účtu USA přetrvá, ať už s bilaterálními přebytky hospodaří kterákoli země.	In the short run, the US current-account deficit will remain, regardless of which country runs bilateral surpluses.
Vytrvalé reinvestice čínského přebytku obchodní bilance do amerických vládních cenných papírů jsou tedy pro růst a finanční stabilitu USA nesmírně důležité.	Thus, China’s continued reinvestment of its current-account surplus in US government securities is of utmost important for US growth and financial stability.
Vzhledem k tomu, že Amerika má z čínských nákupů vládních cenných papírů USA obrovský užitek, není snadné pochopit, proč si americká vláda a kongres na bilaterální deficit běžného účtu tolik stěžují.	Given that America benefits mightily from China’s purchases of US government securities, it is difficult to understand why the US government and Congress have been complaining so much about the bilateral current-account deficit.
Těžko pochopitelné je i to, proč se Čína tak zdráhá snížit svůj bilaterální přebytek, vzhledem k mizivým výnosům z držených vládních cenných papírů USA a setrvalému riziku rozsáhlých kapitálových ztrát v budoucnu.	It is also difficult to grasp why China is so reluctant to reduce its bilateral surplus, given meager returns on its massive holdings of US government securities and a sustained risk of large capital losses in the future.
Dobrou zprávou je, že po nedávné návštěvě prezidenta Chu Ťin-tchaa ve Washingtonu Amerika i Čína uskutečňují pozitivní kroky k vyřešení svých sporů nad bilaterální bilancí běžného účtu.	The good news is that, following President Hu Jintao’s recent visit to Washington, both America and China have been taking positive steps to resolve their differences over the bilateral current-account balance.
To je dobrým znamením pro racionálnější a konstruktivnější čínsko-americký dialog o globálních nevyváženostech, který by určitě prospěl celé globální ekonomice.	That augurs well for a more rational and constructive Sino-American dialogue on global imbalances, which would certainly benefit the global economy.
	
Abba Eban: Hlas Izraele	Abba Eban: The Voice of Israel
Po téměř dvě generace byl Abba Eban hlasem Izraele - jeho kurýrem k vysoce postaveným a mocným mezi národy a k židovskému národu po celém světě.	For almost two generations, Abba Eban was Israel's voice - its messenger to the high and mighty among the nations as well as to the Jewish people all over the world.
Od dob, kdy se na konci 40. let prvně objevil po boku dr. Chaima Weizmanna během boje za židovskou státnost a suverenitu, nebylo mnoho těch, kdo by dokázali vyjádřit sionistické a později izraelské zájmy s porovnatelnou výmluvností a přesvědčením.	Since he first appeared at the side of Dr. Chaim Weizmann in the late 1940's during the struggle for Jewish statehood and sovereignty, few people could articulate the Zionist and later the Israeli case with comparable eloquence and conviction.
Prostřednictvím churchillské prózy a téměř shakespearovských kadencí jeho zvučný hlas po desetiletí šířil slovy chutnajícími po medu poselství naděje z lůna národa, který mohl veškerou naději a důvěru v lidstvo ztratit během hrůz druhé světové války.	With his Churchillian prose and almost Shakespearean cadences, his mellifluous phrases and sonorous voice carried for decades a message of hope from a people that could have lost all hope and trust in humanity after the horrors of World War II.
Jako velvyslanec ve Spojených státech a v OSN a později ministr zahraničí zastupoval Izrael, s nímž se mohla ztotožnit světová liberální představivost.	As Ambassador to the United States and the UN, and later as Foreign Minister, he represented an Israel with which the world's liberal imagination could identify.
Větší a mocnější národy hleděly se závistí na tak dobrého řečníka a jeho projevy se staly učebnicovými příklady pro státníky a diplomaty v odlehlých zemích.	Larger and more powerful nations were envious of so a powerful spokesman, and his speeches became textbook models for statesmen and diplomats in distant lands.
Jeho knihy - na jejichž psaní si našel čas i přes hektické nároky diplomacie - byly jedinečnou kombinací ohromné erudice a krystalické jasnosti.	His books - which he found time to write despite the hectic demands of diplomacy - were a unique combination of enormous erudition and crystalline clarity.
Jeho akademické vzdělání a rétorické nadání se ojedinělým způsobem doplňovaly.	His scholarly training and rhetorical gifts supplemented each other in a rare fashion.
Jen vzácně malou zemi zastupoval státník takového světového formátu: srovnávat lze snad jen s Tomášem Masarykem a Janem Smutsem.	Rarely has a small country been represented by a statesman of such world stature: only Thomas Masaryk and Jan Smuts come to mind to compare with him.
Byl pravým patriotem v původním smyslu slova: hrdý na svůj národ, ale nikdy etnocentrický; světa znalý, ale hluboce zakořeněný v židovském kulturním dědictví; soustředěný na potíže a bolesti židovského národa, ale nikdy bez souvislosti s celosvětovým obzorem lidstva.	He was a true patriot, in the old-fashioned sense of the word: proud of his people, but never ethno-centric; a man of the world, but deeply embedded in Jewish cultural heritage; focused on the plights and tribulations of the Jewish people, but never losing the universal horizon of mankind.
Krátce, byl moderním Židem v nejlepším smyslu slova.	In short, he was a modern Jew in the best sense of the word.
O premiéru Levi Eškolovi bylo řečeno, že hovořil sedmi jazyky a všemi v jidiš.	It was said of Prime Minister Levi Eshkol that he spoke seven languages, all of them in Yiddish.
O Ebanovi by se dalo říci, že hovořil deseti jazyky a všemi s oxfordským či cambridgeským přízvukem.	Of Eban it could be said that he spoke ten languages, and all of them with an Oxford/Cambridge accent.
Co přitahovalo okolní svět, nebylo ovšem vždy aktivem v izraelské politice ostrých loktů.	Yet what appealed to the outside world was not always an asset in the rough and tumble of Israeli politics.
Eban byl možná příliš uhlazený, měl snad příliš mnoho ze vzdělance a džentlmena, aby uspěl - použijeme-li Disraeliho obrat - při šplhání na tomto žebříku.	Perhaps Eban was too urbane, too much of a scholar and gentleman to be able to make it - in Disraeli's phrase - to the top of the greasy pole.
Společně s Goldou Meirovou a Moše Dajanem musel opustit vládu roku 1974 v důsledku jomkipurské války.	Together with Golda Meir and Moshe Dayan he had to leave government in 1974 in the wake of the Yom Kippur War.
Jen stěží mohl být odpovědný za aroganci, která vedla k lavině událostí roku 1973, a přece jej také smetla.	He could hardly have been held responsible for the hubris which led to the avalanche of 1973, yet it nonetheless brought him down as well.
Nikdy už nenašel cestu zpátky a tváří v tvář Nové politice primárek a populismu byl sklíčený, když se s novým stylem nedokázal vypořádat.	He never found his way back, and when confronted with the New Politics of primaries and populism, he became dispirited when he could not cope with this new style.
Na mezinárodním kolbišti bylo Ebanovi jeho pero mečem a mluvené slovo kopím.	In the international arena, Eban's pen was his sword, and the spoken word his lance.
Méně zdatný byl v aréně izraelské politické rivality.	He was less adept in political infighting in Israel.
Dokázal být nelítostným bojovníkem a chránit své území, a přesto je pravda, že po roce 1967 mohl ve vládě, v níž pracoval, za své umírněné názory nakloněné dialogu bojovat neoblomněji.	He could be a fierce turf fighter, yet it is fair to say that he could have fought harder for his moderate and dovish views in the post-1967 government in which he served.
Vezmeme-li v úvahu neexistenci nezávislé politické základny, vůbec není jisté, zda by zvítězil, ale kdyby se byl rozhodl hodit rukavici svým protivníkům, jeho mezinárodní prestiž a pozice by mu dávaly šanci uspět.	It is far from clear if he would have prevailed, given his lack of an independent political base, but his international prestige and standing might have given him a chance if he would have chosen to throw the gauntlet.
Nikdy to ovšem neudělal.	He never did.
Ebanovo mlčení v posledních letech nevycházelo pouze z jeho rozčarování z izraelské politiky či z jeho slábnoucího zdraví.	Eban's silence in the last years was not only a product of his disenchantment with Israeli politics or his failing health.
V době, kdy je veřejná debata v Izraeli rozpolcená mezi názory pseudonáboženských nacionalistických fanatiků a antisionistů, kteří se převlékají za postmodernisty, může Ebanovo morální přesvědčení při veškeré jeho jemnosti vyznít plytce.	At a time when public debate in Israel is torn between pseudo-religious nationalist fanatics and anti-Zionists masquerading as post-modernists, the moral certitudes of Eban, for all their urbanity, may sound shallow.
Ale budování národa vyžaduje morální výdrž a té dal Eban svému lidu i světu požehnaně.	But nation-building requires moral stamina, and Eban provided it to his people and the world in abundance.
Přestože jsem s Ebanem v posledních letech nemluvil, nepochybuji o tom, že byl nesmírně nešťastný kvůli zvratu událostí po neúspěchu dohod z Camp Davidu a Taby v letech 2000 až 2001 a že současný kurz izraelské politiky by jej naplňoval zlými předtuchami.	Without having spoken to Eban in the last few years, I have no doubt that he would be extremely unhappy about the turn of events after the failure of Camp David and Taba in 2000-01, and the present course of Israeli policies would fill him with foreboding.
A přesto by s největší pravděpodobností byl ještě hlouběji zklamán neschopností Palestinců vyrovnat se s existencí židovského státu.	Yet in all probability he would have been even more deeply disappointed in the inability of the Palestinians to come to terms with the existence of the Jewish state.
Coby vystudovaný arabista pohroužený do arabské a muslimské kultury Eban stále doufal, že bude možné oživit skvělou arabskou minulost a že arabská a muslimská kultura tolerance může zvítězit nad fanatismem a extremismem.	As an Arabist by training, immersed in Arab and Muslim culture, he always hoped that the glorious Arab past could be rejuvenated, that an Arab and Muslim culture of tolerance could triumph over fanaticism and extremism.
To byl základní princip jeho víry v usmíření mezi Židy a Araby.	This was the bedrock of his hope for reconciliation between Jew and Arab.
To, že se tato arabská renesance - abychom užili termínu vynikajícího palestinského učence George Antonia - neuskutečnila, možná bylo Ebanovým největším zklamáním.	That this Arab renaissance - to use the phrase of the great Palestinian scholar George Antonius - did not take place may have been Eban's greatest disappointment.
Navzdory dojmu aristokratičnosti, který vzbuzoval, byl Eban velmi zranitelný: to, co někteří občas vnímali jako znaky ješitnosti, zřejmě pramenilo z jeho prostého původu.	Despite the high-born image Eban projected, he was an extremely vulnerable person: what some occasionally discerned as traits of vanity may have had their origins in his humble origins.
Ač se zdálo, že vládne královskou angličtinou, Eban se nenarodil s modrou krví: pocházel z nanejvýš prostého okraje angložidovského prostředí.	While appearing to own the Queen's English, Eban was not to the manor born: he came from the extremely modest fringes of Anglo-Jewry.
Vypracoval se vlastní silou a svých úspěchů dosáhl díky odvaze, ctižádosti, elánu a niterné víře ve vlastní osud.	He was, in the true sense of the word, a self-made man, whose pluck, ambition, drive and inner belief in his destiny carried him to the pinnacle of his achievements.
Patřil k aristokratům ducha.	His was the aristocracy of the spirit.
A právě v tom byl Abba Eban opravdovým představitelem národa, který tak majestátně reprezentoval.	In this Abba Eban was a true representative of the people he so gloriously represented.
	
Abdulláh jde s kůží na trh	Abdullah Out On A Limb
Mírový návrh saúdského korunního prince Abdulláha se zrodil v Saúdské Arábii, ale podle některých zdrojů měl vzniknout v USA.	
Jako první se o něm dozvěděl jistý americký novinář během soukromé večeře se samotným korunním princem.	
Jde o plán ,,úplné normalizace`` vztahů mezi Izraelem a všemi arabskými zeměmi, výměnou za což se má Izrael stáhnout ze všech palestinských území, která od roku 1967 okupuje. Návrh na sebe soustředí pozornost také během schůzky prezidenta Bushe a korunního prince v Texasu, ale jeho životnost závisí na tom, jak jej přijme arabský summit, který se příští středu sejde v Bejrútu.	Crown Prince Abdullah’s peace proposal was born in Saudi Arabia but some allege that it was conceived in the US. Revealed to a visiting American journalist during a private dinner with the Crown Prince, the plan centers on a “full normalization” of relations between Israel and all Arab countries, in return for an Israeli withdrawal from all the Palestinian territories it occupied in 1967. The proposal may get a boost when Abdullah meet President Bush in Texas later this spring, but its early survival depends first on its reception at the upcoming Arab summit in Beirut.
Pochybnosti kolem Abdulláhovy mírové iniciativy, které ji líčí jako nezdařenou od samého počátku, vycházejí z názoru, že vznikla s cílem uklidnit americké kritiky Saúdské Arábie a odvrátit jejich pozornost od saúdskoarabských domácích problémů. Od 11. září je Saúdská Arábie pod enormním tlakem a musí vysvětlovat (a ospravedlňovat) své kontakty s al-Kájdou, poněvadž patnáct z devatenácti únosců mělo saúdskoarabský pas (vlastně většina vězňů na americké vojenské základně v Guantánamu jsou údajně Saúdští Arabové) a poněvadž Saúdská Arábie je často považována za hlavní zdroj financování al-Kájdy.	The suspicions which surround Abdullah’s peace initiative, and which dismiss it as stillborn, are founded in the belief that it was conceived to appease Saudi Arabia’s American critics and to divert them from focussing on Saudi domestic tensions. Since September 11th, Saudi Arabia has felt intense pressure to explain (and explain away) its links to Osama bin Laden’s al-Qaeda terrorist network because fifteen of the nineteen plane hijackers were Saudis (indeed, the majority of prisoners held by the US at Guantanamo Bay in Cuba are said to be Saudi citizens) and Saudis are often viewed as a major source of al-Qaeda’s finances. Moreover, it is alleged that the Saudi government has become preoccupied with appeasing America, despite the beginning of the second Palestinian intifada, and Israel’s ongoing occupation of Palestine.
Saúdskoarabská vláda se teď prý snaží Ameriku uklidňovat, bez ohledu na to, že druhá intifáda je v plném proudu a že Izrael pokračuje v okupaci Palestiny.	
Spolu s tím se vyhrocuje veřejné mínění v Saúdské Arábii, především z důvodu zjevné apatie saúdské panovnické rodiny vůči mizérii palestinského národa, zejména v kontrastu s bin Ládinovou smrtonosnou propagandou. Od teroristických útoků z 11. září saúdští vládci cítí, že musí vyjít vstříc veřejnosti a jejímu nesouhlasu s trýzněním Palestinců, ale obávají se, že když tak učiní, ohrozí už beztak křehké vztahy s Amerikou ještě více.	At the same time, Saudi public opinion has been inflamed, mostly because of their rulers’ apparent apathy toward the plight of the Palestinian people, particularly when contrasted with Osama bin Laden’s lethal propaganda. Since the terrorist attacks of September 11th, Saudi leaders have felt pressed to accommodate public revulsion about the mistreatment of the Palestinians, but worry that doing so may even further jeopardize their now brittle relations with America.
Iniciativa korunního prince Abdulláha svět převážně překvapila, ovšem ne proto, že by šlo o naprosto novou myšlenku, ale proto, kde a v jaké době vznikla.	
Návrh na ,,úplnou normalizaci``, přicházející z islámské země, která svou legitimitu staví na přísné islámské doktríně wahhábovců, je až nebývale pokrokový. Dlouho a pečlivě pěstovaný obrázek Saúdské Arábie jako země stabilní, shovívavé a mysticky harmonické však americký tisk svou neustálou kritikou už rozbil.	Crown Prince Abdullah’s initiative provoked widespread surprise, not because the idea is so startlingly new, but because of its source and timing. A proposal for “full normalization” with Israel coming from an Islamic regime that bases its legitimacy on the austere Islamic doctrines of the Wahhabi seems both peculiar and progressive. But Saudi Arabia’s long-cultivated image of stability, benevolence, and mystical communal harmony has given way under the endless glare of the American press. Its educational system, too, is increasingly portrayed as a breeding ground for hatred of the West. Something had to give.
Navíc i saúdskoarabský školský systém se dnes běžně popisuje jako semeniště nenávisti vůči Západu.	
Něco se s tím už muselo dělat.	
Americký zdánlivě odmítavý zájem o tuto iniciativu vyvolal domněnku, že v mírové iniciativě korunního prince Abdalláha jde nejspíše o saúdskoarabskou propagandistickou protiofenzívu, pojatou na velvyslanectví Saúdské Arábie ve Washingtonu s cílem překlenout rozpory se Spojenými státy. Následné hromové ticho dalších saúdských politiků k tomuto návrhu jako by potvrzovalo, že šlo o reklamní tah, pro nějž oni nemusejí riskovat nic ze svého vlastního domácího politického kapitálu.	America’s seemingly hostile attention gave rise to the speculation that Crown Prince Abdullah’s initiative really denotes a Saudi public relations counteroffensive, hatched in the Saudi embassy in Washington to cover over the rift with the US. Indeed, the subsequent, deafening silence by other Saudi leaders to the proposal appears to confirm it as a public relations move for which they need not risk any of their own domestic political capital.
Ačkoli Západ za saúdskoarabského vůdce obvykle považuje Abdulláha, skutečnou moc v království představuje šest neduživých vlastních bratrů krále Fahda. Král a jeho bratři, společně označovaní jako ,,Sudairiové`` nezaujali vlastně žádné stanovisko - ať už kladné či záporné.	Although Abdullah is usually referred to in the West as Saudi Arabia’s ruler, the debilitated King Fahd’s six full brothers are the ones who truly represent the real power in the Kingdom. Almost nothing, neither in support nor in opposition, has been uttered by the King and these other brothers, collectively known as the “Sudairis.”
Sudairiové, zdá se, nechali svého nevlastního bratra na holičkách. Abdulláhův návrh by tak mohl významně oslabit jeho domácí postavení, především ve vztahu k vlivným saúdskoarabským islamistům.	The Sudairis, it seems, have apparently left their half brother alone to twist in the wind. Abdullah’s proposal could weaken his position domestically, particularly in relation to the country’s powerful Islamists.
Poněvadž i když korunní princ Abdulláh má kolem sebe svou vlastní loajální družinu včetně Národní gardy, odporu čelí hlavně ze strany nejvyšších náboženských představitelů.	For although Crown Prince Abdullah has his own loyal entourage, including the National Guard, he confronts opposition from senior figures in the religious establishment.
Myšlenka normalizace vztahů s Izraelem vyvolala u některých imámů krajní odpor - v mešitách i na internetu.	The idea of normalizing relations with Israel has incited fierce hostility among some imams in the mosques as well as on the Internet.
Proto byl nakonec Abdulláhův původní návrh rozředěn až do té míry, že když se 8. března v Káhiře konala schůzka ministrů zahraničních věcí arabských států, z ,,úplné normalizace`` zbyl už jen ,,úplný mír`` - ovšem kdoví, co tento termín vlastně znamená.	As a result, Abdullah’s initial proposal has been diluted, so much so that, by the time of the Arab foreign ministers meeting held in Cairo on 8 March, the phrase “full normalisation” was watered down to the more amorphous phrase “full peace,” the meaning of which no one knows.
Znamená to snad, že v Rijádu bude viset vlajka s Davidovou hvězdou, nebo že Abdulláh pojede do Jeruzaléma, kde jej polibkem přivítá sám Ariel Saron? Kdoví, ale už jen to, že si tyto otázky někdo v Saúdské Arábii klade, znamená pro Abdulláha obrovské riziko.	Does it mean an Israeli Star of David flag flying in Riyadh, or that Abdullah will visit Jerusalem to be greeted with a kiss from Ariel Sharon? No one knows, but the very fact that such questions are being raised in Saudi Arabia poses a serious risk to Abdullah.
Je slyšet námitky také proti tomu, že se plán korunního prince nezmiňuje o právech Palestinců v exilu na návrat do svých domovů na Západním břehu, v pásmu Gazy i v samotném Izraeli, a že Arabové musí své diplomatické iniciativy uzpůsobovat vkusu amerického tisku. Běžný obyvatel Saúdské Arábie tuto iniciativu považuje za zradu či za předehru nové potupy Arabů.	Objections are also voiced against the fact that the Crown Prince’s plan does not mention the right of exiled Palestinians to return to their homes in the West Bank and Gaza, as well as Israel proper, and that Arabs must tailor their diplomatic initiatives to the taste of the American media. To the average Saudi, the initiative appears as either a sell-out or the prelude to a fresh Arab humiliation. In either case, it is widely feared that either of these outcomes is intended simply to appease America.
Stále více obyvatel pak věří, že ať už je jejím cílem první nebo druhé, jde v prvé řadě o to, nerozházet si to s Amerikou.	
V blízkovýchodních reakcích se odrážejí odvěká politická rivalita i obavy z amerických a izraelských záměrů. Egypt Abdulláhův návrh vnímá jako pouhý dialog, jako cosi zdaleka ne tak závažného jako písemná diplomatická iniciativa.	Reactions in the Middle East reflect longstanding rivalries for leadership, as well as fears about American and Israeli intentions. Egypt’s leaders deem the proposal a mere conversation, something not nearly as serious as a written diplomatic initiative. Libya offered its own supposedly more “encompassing and comprehensive” proposal.
Libye předložila svůj vlastní, údajně mnohem ,,obsažnější a ucelenější`` návrh. Mohammed Fadlalláh, vůdce hnutí Hizbulláh, definoval tuto iniciativu jako výraz arabského podrobení a Sýrie žádá záruku svých zájmů v Golanských výšinách.	Hizbollah’s leader Mohammed Fadlallah defined the initiative as one of Arab submission, while Syria demanded a guarantee of its interests in the Golan Heights.
Úředníci Ligy arabských států pak návrh odsouhlasili.	Arab League officials approved the proposal.
Iniciativa korunního prince Abdulláha má být oficiálně přednesena na summitu Ligy arabských států v Bejrútu, který se koná ve dnech 27. a 28. března.	Crown Prince Abdullah’s initiative is meant to be made official during a speech at the Arab League summit in Beirut of 27-28 March.
To, jak bude přijata, může rozhodnout nejen o tom, jak se budou do budoucna vyvíjet izraelsko-palestinské vztahy, ale i o míru uvnitř Saúdské Arábie.	How it is received may not only determine the state of Israel-Palestine negotiations for a considerable time to come, but Saudi Arabia’s domestic peace as well.
	
Berlínský konsenzus?	A Berlin Consensus?
HONGKONG – Nedávná cesta do Berlína ve mně vyvolala vzpomínky na dřívější návštěvu v létě 1967, kdy jsem jako chudý student žasl nad Zdí, která měla ještě další dvě desítky let rozdělovat a pustošit celou společnost.	HONG KONG – A recent trip to Berlin brought back memories of an earlier visit in the summer of 1967, when I was a poor student who marveled at the Wall that would divide and devastate an entire society for another two decades.
Dnešní Berlín, živý a omlazený, obrozený pilnou prací německého lidu a jeho obětí ve prospěch sjednocení země, byl příhodným prostředím pro konferenci Institutu pro nové ekonomické myšlení (INET), kvůli níž jsem tam přicestoval.	Berlin today is vibrant and rejuvenated, rebuilt by the German peoples' hard work and sacrifice to unify the country, and an apt setting for the conference of the Institute for New Economic Thinking (INET), which I was there to attend.
Na konferenci na téma „Ztracené paradigma“ se sešlo přes 300 ekonomů, politologů, systémových analytiků a ekologů, aby revidovali ekonomickou a politickou teorii s ohledem na výzvy a nejistoty, jež přináší narůstající nerovnost, zvyšující se nezaměstnanost, globální finanční zmatek a změna klimatu.	The conference’s theme was “Paradigm Lost,” with more than 300 economists, political scientists, systems analysts, and ecologists gathering to rethink economic and political theory for the challenges and uncertainty posed by growing inequality, rising unemployment, global financial disarray, and climate change.
Téměř všichni se shodli, že staré paradigma neoklasické ekonomie je rozvrácené, leč nebyla shoda v tom, co by jej mohlo nahradit.	Almost everyone agreed that the old paradigm of neoclassical economics was broken, but there was no agreement on what can replace it.
Laureát Nobelovy ceny Amartya Sen přičetl evropskou krizi čtyřem selháním – politickému, ekonomickému, sociálnímu a intelektuálnímu.	Nobel laureate Amartya Sen attributed the European crisis to four failures – political, economic, social, and intellectual.
Globální finanční krize, která začala v roce 2007 jako krize podřadných hypoték v USA a rozšířila se do evropské krize suverénního dluhu (a bank), přinesla otázky, na něž nedokážeme odpovědět, vinou nadměrné specializace a fragmentace znalostí.	The global financial crisis, which began in 2007 as a crisis of US subprime lending and has broadened into a European sovereign-debt (and banking) crisis, has raised questions that we cannot answer, owing to over-specialization and fragmentation of knowledge.
Nikdo však nepopírá, že se svět příliš zkomplikoval na jednoduchou všezahrnující teorii, která by vysvětlovala spletité ekonomické, technologické, demografické a environmentální posuny.	And yet there is no denying that the world has become too intricate for any simple, overarching theory to explain complex economic, technological, demographic, and environmental shifts.
Konkrétně jde o to, že vzestup rozvíjejících se trhů zpochybnil tradiční západní deduktivní a induktivní logiku.	In particular, the rise of emerging markets has challenged traditional Western deductive and inductive logic.
Deduktivní vyvozování nám umožňuje předpovídat účinky, jestliže známe principy (pravidlo) a příčinu.	Deductive inference enables us to predict effects if we know the principles (the rule) and the cause.
Induktivním uvažováním dokážeme dovodit principy, jestliže známe příčinu a následky.	By inductive reasoning, if we know the cause and effects, we can infer the principles.
Východní myšlení je naproti tomu abduktivní, takže se pohybuje od pragmatismu k odhadování dalších kroků.	Eastern thinking, by contrast, has been abductive, moving from pragmatism to guessing the next steps.
Abduktivní inference je pragmatická, sleduje pouze výsledky, pravidlo odhaduje a zjišťuje příčinu.	Abductive inference is pragmatic, looking only at outcomes, guessing at the rule, and identifying the cause.
Teorii společenských věd píšou, podobně jako historii, vítězové a utváří ji kontext a výzvy doby.	Like history, social-scientific theory is written by the victors and shaped by the context and challenges of its time.
Volnotržní uvažování se vyvíjelo od anglosaských teoretiků (mnozí byli ze Skotska), kteří migrovali a kolonizovali nová území, přičemž jedincům, jimž přálo štěstí, dávali možnost předpokládat, že spotřeba nemá hranice.	Free-market thinking evolved from Anglo-Saxon theorists (many from Scotland), who migrated and colonized territories, allowing fortunate individuals to assume that there were no limits to consumption.
Evropské kontinentální myšlení, reagující na urbanizaci a nezbytnost společenského řádu, zdůrazňovalo institucionální analýzu politické ekonomie.	European continental thinking, responding to urbanization and the need for social order, emphasized institutional analysis of political economy.
Nástup neoklasické ekonomie v devatenáctém století tak velmi silně ovlivnila newtonovská a karteziánská fyzika, přičemž došlo k posunu od kvalitativní analýzy ke kvantifikaci lidského chování vycházející z předpokladu racionálního chování a odhlížení od nejistoty.	Thus, the emergence of neoclassical economics in the nineteenth century was very much influenced by Newtonian and Cartesian physics, moving from qualitative analysis to quantifying human behavior by assuming rational behavior and excluding uncertainty.
Toto myšlení založené na „předurčené rovnováze“ – promítající se do názoru, že trhy se vždy samy korigují – vedlo k paralýze politik za Velké hospodářské krize, kdy nabrala na síle argumentace Johna Maynarda Keynese ve prospěch vládních intervencí zacílených na řešení nezaměstnanosti a mezer výstupu.	This “predetermined equilibrium” thinking – reflected in the view that markets always self-correct – led to policy paralysis until the Great Depression, when John Maynard Keynes’s argument for government intervention to address unemployment and output gaps gained traction.
Do 70. let neoklasická škola všeobecné rovnováhy už keynesiánskou ekonomii dobyla pomocí modelů reálného sektoru, jež předpokládaly, že „finance jsou závoj“, takže nevěnovaly pozornost destabilizačním účinkům finančních trhů.	By the 1970’s, the neoclassical general-equilibrium school captured Keynesian economics through real-sector models that assumed that “finance is a veil,” thereby becoming blind to financial markets’ destabilizing effects.
Ekonomové jako Hyman Minsky, kteří se to snažili korigovat, byli vesměs přehlíženi, zatímco Milton Friedman a další v čele profese prosazovali volné trhy a minimální zásahy vlád.	Economists like Hyman Minsky, who tried to correct this, were largely ignored as Milton Friedman and others led the profession’s push for free markets and minimal government intervention.
Jenže technika, demografický vývoj a globalizace přinesly dramatické nové výzvy, jež neoklasický přístup nedokázal předvídat.	But then technology, demographics, and globalization brought dramatic new challenges that the neoclassical approach could not foresee.
Zatímco vyspělé země světa pomocí pákového efektu derivátového finančnictví žily nadspotřebou, čtyři miliardy z celkových sedmi miliard lidí na světě se začaly posouvat do středněpříjmového postavení, což vyvolalo obrovské nároky na globální zdroje a upozornilo na problém ekologické udržitelnosti.	Even as the world’s advanced countries over-consumed through leveraging from derivative finance, four billion of the world’s seven billion people began moving to middle-income status, making huge demands on global resources and raising the issue of ecological sustainability.
Zvládnutí těchto rozsáhlých a systémových změn, jakož i integrace obrů typu Číny a Indie do moderního světa vyžaduje nové myšlení.	New thinking is required to manage these massive and systemic changes, as well as the integration of giants like China and India into the modern world.
Změna uvažování je nutná nejen na Západě, ale i na Východě.	A change of mindset is needed not just in the West, but also in the East.
Číně to v roce 1987 vysvětlil historik Ray Huang:	In 1987, the historian Ray Huang explained it for China:
„Jak svět vstupuje do moderní éry, většina zemí pod vnitřním i vnějším tlakem se musí transformovat tím, že styl řízení vycházející z agrární zkušenosti nahradí novou soustavou pravidel založených na obchodování… To je snazší říct než udělat.	“As the world enters the modern era, most countries under internal and external pressure need to reconstruct themselves by substituting the mode of governance rooted in agrarian experience with a new set of rules based on commerce.…This is easier said than done.
Obrodný proces by mohl zasáhnout horní i dolní vrstvu a je nevyhnutelně nutné upravit institucionální vazby mezi nimi.	The renewal process could affect the top and bottom layers, and inevitably it is necessary to recondition the institutional links between them.
Na místě je často naprostá destrukce; a může trvat desítky let, než se dílo dokončí.“	Comprehensive destruction is often the order; and it may take decades to bring the work to completion.”
Pomocí tohoto makrohistorického rámce vidíme japonskou deflaci, evropský dluh, ba i Arabské jaro jako fáze systémových změn ve spletitých strukturách, které spolu interagují v nové, multipolární globální soustavě.	Using this macro-historical framework, we can see Japanese deflation, European debt, and even the Arab Spring as phases of systemic changes within complex structures that are interacting with one another in a new, multipolar global system.
Jsme svědky souběžné globální konvergence (zužování mezer v příjmech, bohatství a znalostech mezi zeměmi) a lokální divergence (rozšiřování mezer v příjmech, bohatství a znalostech uvnitř zemí).	We are witnessing simultaneous global convergence (the narrowing of income, wealth, and knowledge gaps between countries) and local divergence (widening income, wealth, and knowledge gaps within countries).
Adaptivní systémy se během svého vývoje perou s řádem a tvořivostí.	Adaptive systems struggle with order and creativity as they evolve.
Jasnozřivě to vyjádřil filozof Bertrand Russell: „Bezpečí a spravedlnost vyžadují centralizované vládní řízení, které musí dospět k vytvoření světové vlády, má-li být efektivní.	As the philosopher Bertrand Russell presciently put it: “Security and justice require centralized governmental control, which must extend to the creation of a world government if it is to be effective.
Pokrok naopak vyžaduje co největší rozsah osobní iniciativy, která je se společenským řádem slučitelná.“	Progress, on the contrary, requires the utmost scope for personal initiative that is compatible with social order.”
Probíhá nová vlna toho, co ekonom Joseph Schumpeter proslule označil za „kreativní destrukci“: přestože se centrální banky zaplavováním trhů likviditou usilovně snaží zachovat stabilitu, úvěrů pro podniky a domácnosti ubývá.	A new wave of what the economist Joseph Schumpeter famously called “creative destruction” is under way: even as central banks struggle to maintain stability by flooding markets with liquidity, credit to business and households is shrinking.
Žijeme v době souběžného strachu z inflace i deflace, bezprecedentní prosperity vprostřed narůstající nerovnosti a technologických pokroků za současného vyčerpávání zdrojů.	We live in an age of simultaneous fear of inflation and deflation; of unprecedented prosperity amid growing inequality; and of technological advancement and resource depletion.
Stávající politické systémy přitom slibují slušná pracovní místa, zdravou správu věcí veřejných, udržitelné životní prostředí a sociální harmonii bez obětí – ráj sobeckých černých pasažérů, který lze zachovat jedině tím, že obětujeme přirozené životní prostředí a blahobyt budoucích generací.	Meanwhile, existing political systems promise good jobs, sound governance, a sustainable environment, and social harmony without sacrifice – a paradise of self-interested free riders that can be sustained only by sacrificing the natural environment and the welfare of future generations.
Tištěním peněz nelze bolest korekce oddalovat donekonečna.	We cannot postpone the pain of adjustment forever by printing money.
Udržitelnosti lze dosáhnout jedině tím, že movití projeví ochotu přinést oběť méně movitým.	Sustainability can be achieved only when the haves become willing to sacrifice for the have-nots.
Washingtonský konsenzus volnotržních reforem pro rozvojové země skončil před více než dvěma desetiletími.	The Washington Consensus of free-market reforms for developing countries ended more than two decades ago.
Konference INET v Berlíně poukázala na potřebu nového konsenzu, který bude oporou oběti v zájmu jednoty.	The INET conference in Berlin showed the need for a new one – a consensus that supports sacrifice in the interest of unity.
Evropa by toho mohla využít.	Europe could use it.
	
Lepší a bezpečnější Evropa	A Better and Safer Europe
Pro mnoho lidí, mě v to počítaje, je rozšíření Severoatlantické aliance - mimo jiné také o bývalé sovětské republiky Estonsko, Lotyšsko a Litvu - splněním nemožného snu.	To many, myself included, NATO's enlargement to take in, among others, the Baltic states of Estonia, Latvia, and Lithuania -- which were once Soviet republics -- is an impossible dream come true.
Když se myšlenka členství pobaltských republik asi před deseti lety poprvé objevila, bral ji vážně málokdo.	When the idea was first floated some 10 years ago, expansion into the Baltics was taken seriously by few people.
Vážnou překážkou bylo až donedávna Rusko, které své takzvané "blízké zahraničí" považovalo za zónu svého zvláštního zájmu a vlivu.	Until recently, Russia's robust opposition to the idea posed a serious obstacle, because it sharpened the impression that Russia regarded its so-called "near abroad" as a zone of special interest and influence.
Rozšíření NATO dává jasně najevo, že žádná země v nové Evropě nemůže být vnímána jako "zóna" jiné země.	NATO's enlargement makes it crystal clear that no country in the new Europe can be regarded as part of another country's "zone."
Pro tři malé pobaltské republiky je rozšíření zárukou, že noční můra v podobě okupace velkými sousedy (Hitlerovou třetí říší a Stalinovým Sovětským svazem), kterou musely celé půlstoletí snášet, se nebude opakovat.	It assures the three small Baltic countries that the nightmare of occupation by big neighbors (Hitler's Reich and Stalin's USSR), which they endured for half-a-century -- will not be repeated.
Revanšistickým tendencím vůči Pobaltí byla v Rusku učiněna přítrž: Evropa se tak stala bezpečnějším místem a Rusku bylo pomoženo v jeho změnit se z impéria v národní stát.	By putting paid to any revanchist tendencies in Russia concerning the Baltics, Europe is made a safer place, and Russia is helped in its effort to redefine itself as a national state and not an empire.
Rozšířením vznikne i lepší Evropa, protože rozšířením se zvětší území, skládající se ze zemí, které jsou zavázány politickým hodnotám Severoatlantické aliance, jako jsou například práva jednotlivce a práva menšin.	Expansion will also create a better Europe because enlargement widens the territory in which countries are committed to NATO's political values, including individual rights as well as the rights of minorities.
Hodnotu této politické stránky rozšíření NATO už snad Rusko naštěstí chápe.	Fortunately Russia now seems to grasp the value of this political aspect of NATO-enlargement.
A dělá dobře. Rozšíření NATO není "expanzí", jež by pro Rusko či jiné země usilující o demokratické politické reformy byla hrozbou.	Rightly so: enlargement of NATO is not an "expansion" that threatens Russia or other countries which strive for democratic political reforms.
Právě naopak. Rozšíření smétá obavy - ať už skutečné či smyšlené - početných rusky mluvících menšin, které dnes žijí mimo Rusko v bývalých sovětských republikách.	On the contrary, expansion takes away the worries - be they real or imagined - that surround the situation of the large Russian-speaking populations that now live outside of Russia but within the borders of the former Soviet Union.
Občanská práva ruských menšin v pobaltských republikách i jinde jsou teď zakotveny v právním řádu, zhusta i díky požadavkům Aliance.	The civil rights of the Russian minorities in the Baltics and elsewhere are now enshrined in law, due in no small part to NATO demands.
V těchto iniciativách na ochranu občanských práv ze strany NATO se odráží stále věcnější přístup, s jakým dnes Rusko, Evropa a Amerika přistupují k řešení vzájemných neshod.	Those civil rights initiatives on the part of NATO reflect the increasingly workmanlike way that Russia, Europe, and America now work out their disagreements.
K rozšíření NATO ostatně dochází jen pár dní poté, co se Rusko s Evropskou unií dohodly na vyřešení sporné otázky o přístupu do ruské enklávy Kaliningrad.	Indeed, enlargement of NATO comes only a few days after a deal was struck between Russia and the EU on the tricky question of access to the Russian enclave of Kaliningrad.
Tento malý kus Ruska, který se rozprostírá na břehu Baltského moře a v němž bydlí milion obyvatel, je vklíněn mezi Polsko a Litvu, dva budoucí členy Evropské unie.	This small piece of Russia, with 1 million inhabitants and bordering on the Baltic Sea, is squeezed between Poland and Lithuania, two future members of the EU.
To mohlo vést ke komplikacím, neboť Rusové by pro cestu mezi Kaliningradem a zbytkem Ruska museli složitě žádat o víza.	This could have incited a complicated situation where Russians were faced with tough visa requirements when travelling between Kaliningrad and Russia proper.
Ruský prezident Putin a Evropská unie se dohodli na opatření, které tyto překážky značně ulehčuje, aniž by statut Litvy a Polska v rámci režimu Evropské unie byl jakkoli narušen.	A deal was struck between President Putin and the EU that makes access much easier without compromising the status of Lithuania and Poland within the EU-regime.
Kompromisem bylo dosaženo situace, v níž se žádná ze stran necítí poražená, což je pro budoucí vztahy mezi Unií a Ruskem velmi důležité.	This, in turn, created once again the kind of win-win situation that is so important for future relations between the EU and Russia.
Až bude Evropská rada za měsíc v Kodani rozhodovat o rozšíření Evropské unie o země střední a východní Evropy, bude závěr jasný: díky rozhodnutím Severoatlantické aliance a Evropské unie na podzim roku 2002 se Evropa stala mnohem lepším a bezpečnějším místem.	When the enlargement of the EU into Central and Eastern Europe is finally decided by the European Council in Copenhagen next month, the conclusion is clear: Europe has become a much better and safer place to live in, thanks to the decisions taken by NATO and the EU during the crucial autumn of 2002.
Avšak neradujme se příliš.	But this is no cause for complacency.
Ta skutečně tvrdá práce je totiž teprve před námi. Budeme muset nejen řešit vnitřní praktické a politické problémy, které rozšíření s sebou přinese, ale i počítat se zeměmi v čekárně na členství, konkrétně s Ruskem.	For the really hard work is only now beginning: dealing with all the internal practical and political problems that these enlargements will bring, as well as reckoning with countries in the membership waiting rooms, in particular Russia.
Má-li Evropa i nadále zvyšovat životní úroveň svých občanů a umět řešit jejich obavy o bezpečnost, jsou vztahy s Ruskem nesmírně důležité.	Relations with Russia are of vital importance if Europe is to continue to improve the quality of life of its citizens and address concerns of safety.
Společné hrozbě mezinárodního terorismu je nutno čelit společnými silami.	The common threat of international terrorism must be faced jointly.
Musíme jeden druhého přesvědčit, že boj proti tomuto společnému nepříteli je třeba vést s ohledem na rovnováhu potřeb bezpečnosti a potřeb lidských práv a práv menšin.	We need to convince each other that the fight against this common enemy has to be fought with a keen eye to balancing the needs of security with those of human and minority rights.
Lakmusovým papírkem těchto vztahů může být Kaliningrad.	Kaliningrad could be a litmus test of these relations.
První překážka byla překonána dohodou o přístupu do této ruské enklávy.	The first hurdle has been overcome with the agreement on access to the enclave.
Další překážkou bude podpora Kaliningradu v jeho boji proti nemocím a kriminalitě a v posilování jeho hospodářských a společenských struktur.	The next hurdle is to support Kalingrad's fight against disease and crime as well as strengthening its economic and social structures.
Od Evropské unie si tento cíl žádá štědrost, od Moskvy pak pružnost.	This calls for generosity from the EU and flexibility from Moscow.
V širším kontextu by tento vývoj mohl vést k posílení takzvané Severní dimenze Evropské unie, jejímž cílem je oblast volného obchodu všech zemí ležících při Baltském moři.	In a wider context this could lead to a strengthening of the so-called Northern Dimension of the EU, where the goal is a free trade area to include all the countries around the Baltic Sea.
Je to uskutečnitelný projekt. Stačí mít politickou vůli a prosadit ji.	Such a grand project can be achieved if the political will exists and asserts itself.
Rozšíření Evropské unie a Severoatlantické aliance - ještě před pár lety šlo o výjevy z divokého snu.	Only a few years ago EU and NATO enlargement were regarded as wild dreams.
Odhodlanost a politická vůle dokázaly tento sen proměnit ve skutečnost.	But determination and political will has now made the dreams come true.
Teď si Evropa může vytyčit nové ambiciózní cíle.	Now is the time to set new ambitious goals for Europe.
	
Lepší způsob, jak snížit jaderná rizika	A Better Way to Reduce Nuclear Risks
Když jsem v roce 1977 působil v administrativě prezidenta Jimmyho Cartera na ministerstvu zahraničí, byl jsem vyslán do Indie, abych její vedoucí činitele odradil od vývoje jaderné bomby.	In 1977, when I served in President Jimmy Carter's State Department, I was sent to India to dissuade that country's leaders from developing a nuclear bomb.
Moji hostitelé opáčili, že potřebují udržet tempo s Čínou.	My hosts replied that they needed to keep up with China.
Prohlásil jsem, že jejich krok bude nevyhnutelně následovat Pákistán a svět se stane méně bezpečným.	I said that Pakistan would inevitably follow suit and the world would become less safe.
Indie slíbila, že nebude své zbrojní technologie vyvážet.	India promised that it would not export its weapons technology.
Pokud je nám známo, její představitelé zatím drží slovo.	So far as we know, its leaders have kept their word.
Odhalení o síti pašeráků jaderných zbraní, kterou organizoval otec pákistánské jaderné bomby A. K.	But revelations about the nuclear weapons smuggling network organized by A. Q. Khan, the father of Pakistan's bomb, confirm the danger I predicted back then.
Chán, však potvrzují nebezpečí, které jsem v té době předvídal. Někteří lidé označují existenci Chánovy sítě za snahu o rozšíření „islámské bomby", ale vzhledem k tomu, že na seznamu příjemců figurovala spolu s Libyí a Íránem i Severní Korea, by bylo trefnější označit ji spíše za bombu korupční.	Some call Khan's network an effort to spread an "Islamic bomb," but given that North Korea was on the list of recipients along with Libya and Iran, it might better be termed a corrupt bomb.
Jak dokládají události v Pákistánu, šíření jaderných technologií nezvyšuje stabilitu plynoucí z vzájemného zastrašování.	As events in Pakistan illustrate, the spread of nuclear technology does not extend the stability that comes with mutual deterrence.
Spíše zvětšuje pravděpodobnost korupčního úniku, díky němuž mohou získat teroristické skupiny přístup k jaderným zbraním.	Rather, it increases the prospects of corrupt leakage that may allow terrorist groups access to nuclear weapons.
Všichni jsou pak více ohroženi.	That makes everyone less safe.
Jakákoliv patologická skupina extremistů by dokázala zničit Dillí, Tokio, Paříž nebo kterékoliv jiné město podle svého uvážení.	Any pathological group of extremists could destroy New Delhi, Tokyo, Paris, or any city they chose.
Pozornost světa se nyní soustřeďuje na Írán jakožto jednoho z příjemců pákistánských technologií a zemi, která zřejmě nejdychtivěji prahne po vytvoření vlastního jaderného arzenálu.	Now the world's attention is focussed on Iran, one recipient of Pakistani technology, as the country seemingly keenest to create its own nuclear arsenal.
Podle Mezinárodní agentury pro atomovou energii (IAEA) začal Írán loni v srpnu obohacovat uran na pilotní centrifuze a buduje rozsáhlejší podzemní komplexy na obohacování uranu.	According to the International Atomic Energy Agency (IAEA), Iran began enriching uranium at a pilot centrifuge plant last August, and is constructing larger underground enrichment facilities.
Írán prohlašuje, že jeho programy jsou určeny na mírovou výrobu jaderné energie, ale inspektoři již zde nalezli stopy vysoce obohaceného uranu.	Iran proclaims that its programs are for peaceful generation of nuclear energy, but inspectors have already found traces of highly enriched weapons-grade uranium.
Šéf IAEA Muhammad Baradej loni v říjnu oznámil, že Írán přistoupil na rozšířené inspekční procedury.	Last October, Mohamed El Baradei, the head of the IAEA, announced that Iran had accepted enhanced inspection procedures.
Po návštěvách ministrů zahraničí Francie, Británie a Německa navíc Írán ohlásil dočasné přerušení svého programu na obohacování uranu.	In addition, after visits by the French, British, and German foreign ministers, Iran announced a temporary suspension of its enrichment program.
Nyní naznačuje, že by mohl obohacování obnovit, a nedávné tiskové zprávy o dovozech z Pákistánu naznačují, že Teherán neprozradil IAEA všechno.	Now it hints that it may resume enrichment, and recent press reports about the imports from Pakistan suggest Iran failed to disclose everything to the IAEA.
Írán tvrdí, že jako signatář Smlouvy o nešíření jaderných zbraní má právo obohacovat uran pro mírové účely.	Iran claims that as a party to the Non-Proliferation Treaty, it has the right to enrich uranium for peaceful purposes.
To je pravda, poněvadž tato smlouva již od počátku obsahuje zadní vrátka.	Correct, because the NPT was born with a loophole.
I když totiž určitý členský stát přistoupí na dalekosáhlé inspekce IAEA, může pod rouškou mírového energetického programu legálně hromadit obohacený uran (nebo znovuzpracované plutonium) a poté zničehonic prohlásit, že se změnily okolnosti, a odstoupit od smlouvy - obdařen schopností vyrobit v krátké době jaderné zbraně.	Even if a country agrees to broad ranging IAEA inspections, it can legally accumulate enriched uranium (or reprocessed plutonium) under the guise of a peaceful energy program, and then suddenly declare that circumstances have changed and withdraw from the treaty - with the ability to produce nuclear weapons on short notice.
Pokud by to Írán učinil, nejenže by to prohloubilo rizika v nestabilním regionu, ale pravděpodobně by to nastartovalo proces rozpadu režimu nešíření po celém světě.	If Iran did this, it would not only add to the dangers in an unstable region, but would likely begin a process of unravelling the non-proliferation regime worldwide.
Írán si může položit otázku, jakým právem mohou jiní požadovat, aby se zřekl jaderných zbraní.	Iran may ask what right others have to demand that it forego nuclear weapons.
Odpověď se skrývá jednak ve skutečnosti, že to při podpisu smlouvy o nešíření přislíbil, a jednak v důsledcích, které by to znamenalo pro ostatní.	The answer lies both in the fact that it promised not to do so when it signed the NPT and in the consequences that it would impose on others.
Z těchto důvodů prohlásil prezident Bush, že íránská jaderná zbraň je nepřijatelná.	For these reasons, President Bush declared an Iranian nuclear weapon unacceptable.
Možnosti jednostranných akcí Spojených států jsou však omezené.	However, America's unilateral options are limited.
Nejenže je americká armáda zaměstnána iráckým snažením, ale způsob, jakým USA vstoupily do Iráku - který měl, jak se ukázalo, méně jaderných kapacit než Írán -, podkopal americkou důvěryhodnost, takže se nyní Spojeným státům těžko získávají spojenci, kteří by pomohli udržet jaderné ambice Íránu na uzdě.	Not only is the US military busy trying in Iraq, but the way the US went into Iraq - which proved to have fewer nuclear capabilities than Iran - undermined American credibility, making it difficult to recruit allies to contain Iran's nuclear ambitions.
Naštěstí je tu jedno multilaterální řešení a existující precedens.	Fortunately, there is a multilateral option and an existing precedent.
V polovině sedmdesátých let plánovalo mnoho signatářů smlouvy o nešíření dovoz a vývoj komplexů pro obohacování a znovuzpracování.	In the mid-1970's, many parties to the NPT planned to import and develop enrichment and reprocessing facilities.
Země tak rozmanité jako Sovětský svaz, Francie, Německo a Japonsko si poté uvědomily, že je tím ohrožen režim nešíření, a vytvořily „Skupinu jaderných dodavatelů", která omezila vývoz takových komplexů.	Realizing the threat to the non-proliferation regime, countries as diverse as the Soviet Union, France, Germany, and Japan formed a "Nuclear Suppliers Group" that restrained the export of enrichment and reprocessing facilities.
Tím se sice zadní vrátka ve smlouvě ucpala, ale neodstranila.	That plugged part of the loophole in the treaty without amending it.
Dnes by se takové země měly spojit a nabídnout Íránu (a dalším) obchod.	Today, such countries should join together to offer Iran (and others) a deal.
Státy, které si přejí vyvíjet jadernou energii, ale nikoliv jaderné bomby, by měly získat mezinárodní záruky na dodávky paliva a nakládání s vyhořelým palivem.	Countries that wish to develop nuclear energy but not nuclear bombs should be given international guarantees of fuel supply and disposal of spent fuel.
Například Rusko, které pomáhá Íránu při výstavbě jaderného reaktoru v Bušéhru, by mělo této zemi nabídnout záruku dodávek nízko obohaceného uranu a znovuzpracování vyhořelého paliva z reaktoru tím, že je bude posílat zpět do Ruska, pokud se Írán vzdá jeho obohacování a znovuzpracování.	For example, Russia, which is helping Iran construct a nuclear reactor at Bushehr, should offer Iran a guarantee of low enriched uranium fuel and reprocessing of the reactor's spent fuel by sending it back to Russia if Iran agrees to forego enrichment and reprocessing.
Takové dohodě by poté mohla „opatřit zuby" Rada bezpečnosti OSN.	This deal could then be given teeth by the UN Security Council.
Ta by deklarovala, že další šíření jaderných zbraní je ohrožením míru a že jakákoliv země, která bude tímto směrem postupovat, se vystavuje riziku sankcí.	The Council would declare that further proliferation of nuclear weapons is a threat to peace, and that any country moving in that direction is subject to sanctions.
Taková rezoluce by obsahovala nejen bič, ale i cukr v podobě záruky, že Írán bude mít přístup k bezpečným fázím jaderného palivového cyklu.	Such a resolution would also include a carrot by guaranteeing Iran access to the non-dangerous parts of the nuclear energy fuel cycle.
Výsledná podoba by se dala ještě více změkčit nabídkami na uvolnění existujících sankcí a poskytnutí bezpečnostních záruk, pokud Írán zůstane nejadernou zemí.	The pot could be further sweetened by offers to relax existing sanctions and provide a security guarantee if Iran remains non-nuclear.
Ministři zahraničí evropských států již vyjádřili z íránského jaderného programu obavy.	European foreign ministers have already expressed their concerns about Iran's nuclear program.
Rusko naznačuje, že je ochotno takové „palivové služby" poskytnout.	Russia indicates that it is willing to provide such fuel services.
Je načase, aby se Rada bezpečnosti pokusila internacionalizovat nejnebezpečnější fáze jaderného palivového cyklu.	It is time for the Security Council to try to internationalize the most dangerous parts of the nuclear fuel cycle.
Stále není pozdě poučit se z nešťastné epizody A. K.	It is not too late to learn the lessons of the misadventures of A. Q. Khan.
Chána.	
	
Velká šance pro malé rolníky	A Big Chance for Small Farmers
NEW YORK – Iniciativa G8 na podporu zemědělství drobných rolníků ve výši 20 miliard dolarů, zahájená na nedávném summitu skupiny v italské L’Aquile, má potenciál stát se historickým průlomem v boji proti hladovění a krajní chudobě.	NEW YORK – The G-8’s $20 billion initiative on smallholder agriculture, launched at the group’s recent summit in L’Aquila, Italy, is a potentially historic breakthrough in the fight against hunger and extreme poverty.
Při seriózním hospodaření s těmito novými prostředky v Africe prudce vzroste potravinová produkce.	With serious management of the new funds, food production in Africa will soar.
Nová iniciativa by se v kombinaci s dalšími snahami v oblastech zdravotnictví, školství a infrastruktury mohla stát prozatím největším krokem k dosažení Rozvojových cílů tisíciletí, mezinárodně smluvené snahy do roku 2015 snížit o polovinu krajní chudobu, nemocnost a hladovění.	Indeed, the new initiative, combined with others in health, education, and infrastructure, could be the greatest step so far toward achieving the Millennium Development Goals, the internationally agreed effort to reduce extreme poverty, disease, and hunger by half by 2015 .
V letech 2002-2006 jsem pro tehdejšího generálního tajemníka OSN Kofiho Annana vedl Projekt tisíciletí Organizace spojených národů, jehož cílem bylo dosažení Rozvojových cílů tisíciletí.	During 2002-2006, I led the United Nations Millennium Project, which aimed to achieve the Millennium Development Goals, for then-UN Secretary General Kofi Annan.
Jedním z úhelných kamenů projektu byli „drobní zemědělci“, tedy rolnické rodiny v Africe, Latinské Americe a Asii, pracující na farmách do velikosti kolem jednoho hektaru.	One cornerstone of the project was “smallholder farmers,” meaning peasant farm families in Africa, Latin America, and Asia – working farms of around one hectare (2.5 acres) or less.
Patří k nejchudším domácnostem na světě a paradoxně též k nejhladovějším, třebaže jsou sami producenty potravin.	These are some of the poorest households in the world, and, ironically, some of the hungriest as well, despite being food producers.
Hladovějí, protože není v jejich možnostech pořídit si vysoce výnosná osiva, hnojiva, zavlažovací zařízení a další nástroje potřebné ke zvýšení produktivity.	They are hungry because they lack the ability to buy high-yield seeds, fertilizer, irrigation equipment, and other tools needed to increase productivity.
Jejich výstup je tudíž chabý a nedostačuje jim ani na prosté živobytí.	As a result, their output is meager and insufficient for their subsistence.
Jejich chudoba je příčinou nízké zemědělské produktivity a nízká zemědělská produktivita zase zesiluje jejich chudobu.	Their poverty causes low farm productivity, and low farm productivity reinforces their poverty.
Je to bludný kruh, odborně nazývaný past chudoby.	It’s a vicious circle, technically known as a poverty trap.
Pracovní skupina Projektu tisíciletí OSN pro problematiku hladovění, vedená dvěma předními světovými vědci, M.	
S.	
Swaminathanem a Pedrem Sanchezem, přezkoumala, jak tento bludný kruh rozetnout. Pracovní skupina dospěla k závěru, že kdyby se drobným rolníkům dostalo pomoci ve formě zemědělských vstupů, Afrika by mohla výrazně zvýšit svou potravinovou produkci.	The UN Millennium Project’s Hunger Task Force, led by two world-leading scientists, M. S. Swaminathan and Pedro Sanchez, examined how to break this vicious circle.
Projekt tisíciletí doporučil na tento účel výrazně navýšit globální financování. Na základě této práce a souvisejících vědeckých poznatků Annan v roce 2004 spustil výzvu k africké zelené revoluci, založené na rozšířeném partnerství mezi Afrikou a dárcovskými zeměmi.	The Hunger Task Force determined that Africa could substantially increase its food production if help was given to smallholder farmers, in the form of agricultural inputs. The Millennium Project recommended a big increase in global funding for this purpose. Drawing on that work and related scientific findings, Annan launched a call in 2004 for an African Green Revolution, based on an expanded partnership between Africa and donor countries.
Mnozí z nás, především současný generální tajemník OSN Pan Ki-mun, pilně usilují o to, aby se tato možnost otevřela, přičemž Pan opakovaně zdůraznil obzvláštní naléhavost, která plyne z celosvětové potravinové, finanční a energetické krize posledních dvou let.	Many of us, notably current UN Secretary General Ban Ki-moon, have worked hard to make this possible, with Ban repeatedly emphasizing the special emergency arising from the global food, financial, and energy crises of the past two years.
Prohlášení G8 je odrazem těchto letitých snah a samozřejmě také podpory plynoucí z vůdčí úlohy amerického prezidenta Baracka Obamy, španělského premiéra Josého Luise Zapatera, australského premiéra Kevina Rudda, prezidenta Světové banky Roberta Zoellicka, evropského komisaře Louise Michela, evropského poslance Thijse Bermana a dalších.	The G-8 announcement reflects these years of effort, and of course the boost from the leadership of US President Barack Obama, Spanish Prime Minister Jose Luis Zapatero, Australian Prime Minister Kevin Rudd, World Bank President Robert Zoellick, European Commissioner Louis Michel, European Parliamentarian Thijs Berman, and others.
Zásadní je teď zajistit, aby se této snaze dařilo.	Now the key is to make this effort work.
Ponaučení z dějin jsou jasná.	The lessons of history are clear.
Poskytnout drobným zemědělcům osivo a hnojivo za silně dotované ceny (či v některých případech zdarma) přináší trvalé výsledky.	Getting seed and fertilizer to smallholder farmers at highly subsidized prices (or even free in some cases) will make a lasting difference.
Nejenže v krátkodobém výhledu vzroste potravní výtěžek sklizní, ale rolnické domácnosti svých vyšších výdělků a lepšího zdravotního stavu využijí k hromadění rozličných aktiv: peněžních zůstatků, půdních živin, hospodářských zvířat a zdraví a vzdělání svých dětí.	Not only will food yields rise in the short term, but farm households will use their higher incomes and better health to accumulate all sorts of assets: cash balances, soil nutrients, farm animals, and their children’s health and education.
Takto posílená aktiva zase umožní fungování místních úvěrových trhů, například finančnictví na mikroúrovni.	That boost in assets will, in turn, enable local credit markets, such as micro-finance, to begin operating.
Zemědělci budou schopni si vstupy zakoupit, a to buď z vlastních peněz, anebo z prostředků vypůjčených na základě své zlepšené úvěrové schopnosti.	Farmers will be able to buy inputs, either out of their own cash, or by borrowing against their improved creditworthiness.
Dnes už sice bylo dosaženo konsenzu na nutnosti pomoci rolníkům, ale překážky přetrvávají.	A consensus has now been reached on the need to assist smallholders, but obstacles remain.
Snad největším rizikem je, že teď o sebe zakopávají „byrokratické aparáty pomoci“ ve snaze dostat se k oněm 20 miliardám dolarů, takže velkou část spolykají schůzky, odborné konzultace, režijní výdaje, reporty a další schůzky. „Partnerství“ dárců se samo o sobě může stát nákladným cílem a jen zdrží skutečnou aktivitu.	Perhaps the main risk is that the “aid bureaucracies” now trip over each other to try to get their hands on the $20 billion, so that much of it gets taken up by meetings, expert consultations, overhead, reports, and further meetings. “Partnerships” of donors can become an expensive end in themselves, merely delaying real action.
Pokud dárcovské vlády skutečně stojí o výsledky, měly by peníze odejmout oněm přinejmenším třiceti samostatným aparátům pomoci a koncentrovat je do jednoho nebo dvou míst, přičemž těmi nejlogičtějšími místy by byla Světová banka se sídlem Washingtonu a Mezinárodní fond pro zemědělský rozvoj (IFAD) se sídlem v Římě.	If donor governments really want results, they should take the money out of the hands of thirty or more separate aid bureaucracies and pool it in one or two places, the most logical being the World Bank in Washington and the International Fund for Agricultural Development (IFAD) in Rome.
Účtem s několika miliardami dolarů by pak disponovala jedna z těchto agentur, případně obě.	One or both of these agencies would then have an account with several billion dollars.
Vlády z regionů sužovaných hladem, zejména z Afriky, by pak předkládaly národní akční plány předestírající podrobnosti toho, jak hodlají prostředky od dárců využít na nákup vysoce výnosných osiv, hnojiv, zavlažování, zemědělských nástrojů, skladovacích sil a místního poradenství pro chudé rolníky.	Governments in hunger-stricken regions, especially Africa, would then submit national action plans that would provide details on how they would use the donor funds to get high-yield seeds, fertilizer, irrigation, farm tools, storage silos, and local advice to impoverished farmers.
Národní plány by přezkoumal nezávislý expertní tým, aby ověřil jejich vědeckou a manažerskou soudržnost.	An independent expert panel would review the national plans to verify their scientific and managerial coherence.
Za předpokladu, že by plán obstál, peníze na jeho podporu by byly urychleně vyplaceny.	Assuming that a plan passes muster, the money to support it would quickly be disbursed.
Poté by se každý národní plán monitoroval, kontroloval a hodnotil.	Afterward, each national program would be monitored, audited, and evaluated.
Tento přístup je přímočarý, efektivní, zodpovědný a vědecky důkladný.	This approach is straightforward, efficient, accountable, and scientifically sound.
V poslední době právě tento přístup použily dvě úspěšné iniciativy: Globální aliance v oblasti vakcín a imunizace, která s úspěchem zajišťuje imunizaci malých dětí, a Globální fond pro boj proti AIDS, TBC a malárii, který podporuje národní akční plány k potírání těchto vražedných nemocí.	Two major recent success stories in aid have used this approach: the Global Alliance on Vaccines and Immunizations, which successfully gets immunizations to young children, and the Global Fund to Fight AIDS, TB, and Malaria, which supports national action plans to battle these killer diseases.
Obě v uplynulém desetiletí zachránily miliony životů a vydláždily cestu pro nové, účinnější a vědecky vhodnější metody rozvojové pomoci.	Both have saved millions of lives during the past decade, and have paved the way to a new more efficient and scientifically sound method of development assistance.
Není divu, že řada orgánů OSN a agentur rozvojové pomoci v bohatých zemích proti tomuto přístupu brojí.	Not surprisingly, many UN agencies and aid agencies in rich countries fight this approach.
Velice často jde spíš o obranu vlastního dvorečku než o zápas za co nejefektivnější urychlení pomoci pro chudé.	All too often, the fight is about turf, rather than about the most effective way to speed help to the poor.
Budou-li se Obama, Rudd, Zapatero a další lídři s myšlením upřeným do budoucna závazky ze summitu G8 nadále zabývat a budou-li trvat na tom, aby pomoc skutečně fungovala, mohou tudíž dokázat velké věci.	Obama, Rudd, Zapatero, and other forward-thinking leaders can therefore make a huge difference by following up on their pledges at the G-8 and insisting that the aid really works.
Je nutné obejít byrokratické aparáty, aby se pomoc dostala tam, kde je jí třeba: na půdu obdělávanou nejchudšími rolnickými rodinami na světě.	The bureaucracies must be bypassed to get help to where it is needed: in the soil tilled by the world’s poorest farm families.
	
Černobílá otázka	A Black and White Question
NEW YORK – Šestnáctého července odpoledne vše nasvědčovalo tomu, že se do jednoho hezkého domu v zámožné čtvrti města Cambridge v americkém státě Massachusetts vloupávají dva muži.	NEW YORK – In the afternoon of July 16 two men appeared to be breaking into a fine house in an expensive area of Cambridge, Massachusetts.
Na základě telefonátu občana se na místo činu promptně dostavil policista.	Alerted by a telephone call, a policeman arrived smartly on the scene.
Spatřil v domě černocha a vyzval ho, ať vyjde ven.	He saw one black male standing inside the house and asked him to come out.
Muž to odmítl.	The man refused.
Policista ho tedy vyzval, ať se legitimuje.	He was then told to identify himself.
Muž, který stále odmítal vyjít z domu, prohlásil, že je profesorem Harvardovy univerzity, ukázal policistovi legitimaci a varoval ho, aby si s ním nezahrával.	The man, still refusing to step out, said he was a Harvard professor, showed his ID, and warned the cop not to mess with him.
Prohlásil něco v tom smyslu, že černoši v Americe jsou terčem zvůle, a požádal policistu, který byl bílý, aby se mu představil a legitimoval.	He said something about black men in America being singled out, and asked the cop, who was white, for his name and identification.
Policista, k němuž se mezitím přidalo několik kolegů, profesora zatkl za nepřístojné chování.	The cop, joined by several colleagues, arrested the professor for disorderly conduct.
Dnes už víme, že onen profesor vnikl za pomoci svého šoféra do vlastního domu, protože se mu zabouchly dveře.	We now know that the professor had broken into his own home, with the help of his chauffeur, because the door was jammed.
Na celém případu nebyla neobvyklá policistova nesmlouvavost.	What was unusual here was not the cop’s heavy-handedness.
Většina lidí v USA ví, že když se policistům odporuje, začnou být velmi rychle nepříjemní.	Most people in the US know that if you talk back to the police, they will get nasty very fast.
Skutečnost, že onen muž byl černoch, mohla i nemusela policistu přimět, aby vytáhl pouta dříve, než by to učinil za normálních okolností.	The fact that the man was black might or might not have made the cop go for his handcuffs even sooner than he might normally have done.
Ani na tom by nebylo nic neobvyklého.	That, too, would not have been unusual.
Zvláštnost případu spočívala v tom, že Henry Louis Gates alias „Skip“ je jedním z nejvěhlasnějších profesorů v zemi, který proslul svými knihami, články a bezpočtem televizních vystoupení.	What made this case special was that Henry Louis “Skip” Gates is one of the most celebrated professors in the country, famous for his books, his articles, and numerous television appearances.
Patří k elitě akademického i mediálního světa, která boří konvence a posouvá vývoj vpřed, a je přítelem prezidenta Baracka Obamy.	He is a grandee, a mover and shaker in the academic and media world, a friend of President Barack Obama.
Proto varoval policistu, seržanta Jamese Crowleyho, veterána cambridžského policejního sboru, aby si s ním nezahrával.	That is why he warned the cop, Sgt. James Crowley, a veteran of the Cambridge police force, not to mess with him.
Třídní a rasové kategorie se v USA překrývají.	Class and race overlap in the US.
V tomto případě je od sebe nelze oddělit.	In this instance, it is impossible to pry them apart.
Gates, hluboce svědomitý člověk a nesporný specialista na strašlivé dějiny rasových vztahů ve své zemi, instinktivně předpokládal, že se stal obětí předsudků.	Gates, deeply conscious, indeed a specialist of the terrible history of race relations in his country, instinctively assumed that he was a victim of prejudice.
Jak dále vyplývá z jeho slov, vadilo mu také, že mu policista neprojevuje úctu, jaká renomovanému harvardskému profesorovi a mediální celebritě náleží.	From his words it appears that he was equally conscious of not getting the proper respect due to a distinguished Harvard professor and media celebrity.
V rozhovoru se svou dcerou, který byl zveřejněn na internetu, uvedl: „[Crowley] měl vylézt a říct: ‚Omlouvám se, pane, a přeji hodně štěstí.	As he put it to his daughter in an interview published online: “[Crowley] should have gotten out of there and said, ‘I’m sorry, sir, good luck.
Ten [televizní] seriál s vámi se mi moc líbil – tak zase někdy!‘“	Loved your [television] series—check with you later!’”
Seržant Crowley však o žádném profesoru Gatesovi nikdy neslyšel.	Alas, Sgt.Crowley had never heard of Professor Gates.
Jakožto místní občan, jehož bratři do jednoho pracují u policie, sportovní fanoušek a amatérský trenér basketbalu se pohybuje v jiných společenských kruzích než Gates.	A local man whose brothers all serve in the police force, a sports fan, and an amateur basketball coach, Crowley does not move in the same social circles as Gates.
Veškerá obvinění byla řádně stažena a případ mohl být uložen k ledu, kdyby na obranu svého „přítele“ Gatese nevystoupil prezident Obama, unavený a frustrovaný po několikatýdenním boji za svůj návrh zákona o zdravotní péči, a neoznačil policii za „stupidní“.	As it happens, the charges were duly dropped, and there the case might have rested if President Obama, tired and frustrated after weeks of fighting for his healthcare bill, had not weighed in on behalf of his “friend” Gates, and called the police “stupid.”
On i Gates pak začali mluvit o „ponaučení“ z incidentu.	Both he and Gates then spoke of “learning” from the incident.
Gates možná dokonce plánuje televizní dokument o rasově ovlivněném posuzování občanů.	Gates might even be planning a television documentary on racial profiling.
Pokud jsme to nevěděli už dříve, můžeme si z tohoto incidentu skutečně odnést jedno ponaučení: totiž jak těsně pod povrchem života v Americe bublá téma rasové citlivosti, a to navzdory zvolení černocha prezidentem.	One thing to be learned, if we didn’t know this already, is how close racial sensitivities are to the surface of US life, despite the election of a black president.
Otázky černošského hněvu, bělošské viny a černošského i bělošského strachu jsou tak spletité a sporné, že většina Američanů raději nemluví o rasových záležitostech vůbec.	The complexities of black anger, white guilt, and of black, and white fear, are so vexed that most Americans prefer not to talk about race at all.
Toto pole je příliš zaminované.	The field is too full of mines.
Jedním z Obamových velkých úspěchů je skutečnost, že prostřednictvím své geniální a důvtipné rétoriky učinil z těchto otázek závažné téma.	One of Obama’s great achievements is that he made it into a serious topic through the brilliance and subtlety of his rhetoric.
A k probrání je toho opravdu spousta: až groteskně neúměrný počet černochů v amerických věznicích, nedostatek vzdělávacích příležitostí v chudých, většinou černošských oblastech, otřesný systém zdravotní péče i velmi reálná brutalita policistů vůči černochům, kteří se nemohou pochlubit legitimací z Harvardu.	And there remains plenty to talk about: the grotesquely disproportionate number of black men in US prisons; the lack of educational opportunities in poor, mostly black areas; the appalling healthcare system; and the very real brutality used by police officers against blacks, who don’t have the privilege of a Harvard ID.
Zřejmě je pravda, že řadu bělošských policistů, třebaže jsou stejně jako seržant Crowley cvičeni k tomu, aby se vyhýbali posuzování lidí podle rasového klíče, je třeba přesvědčit, že občan černé pleti může bydlet v jednom z hezčích domů v Cambridži nebo kterémkoliv jiném americkém městě.	It is probably true that many white policemen, even if they are trained to avoid racial profiling, as Sgt. Crowley was, need to be convinced that a black man can be at home in one of the finer houses of Cambridge, or any other American city.
Je však Gatesova aféra správným způsobem, jak tuto diskusi zahájit?	But is the Gates affair the right way to enter into this discussion?
Leckdo by mohl prohlásit, že ano.	One might argue that it was.
Kdo jiný než profesor Gates by ji mohl rozproudit?	If not Professor Gates, then who?
Právě proto, že je mediální hvězdou, může obrátit pozornost celé země na závažné téma.	Precisely because he is a grandee, he is in the position to draw national attention to a serious issue.
Kdyby se totéž stalo neznámému muži v Harlemu, případně jiné chudinské či převážně černošské čtvrti, nikdo by se o tom nikdy nedozvěděl.	If the same thing had happened to an unknown man in Harlem, or some other poor, or predominantly black district, no one would ever have heard about it.
Protože to však potkalo profesora v Cambridži, všichni rázem zbystřili pozornost.	The fact that it happened to a professor in Cambridge makes everyone sit up and take notice.
Existuje však nebezpečí, že celá epizoda bude mít nepříznivý dopad na nezbytnou celostátní diskusi o rasové otázce.	There is, however, a danger that it will have an adverse affect on the necessary national discussion about race.
Jelikož Gates učinil z relativně bezvýznamného incidentu tak velké téma, mohl by mu někdo vyčíst, že trivializuje daleko horší případy zneužívání pravomocí.	By having made such a big issue out of what was in fact a relatively minor event Gates could be accused of trivializing much worse instances of abuse.
Dokonce ani nevíme jistě, zda se v Gatesově případě vůbec o zneužití pravomocí jednalo.	Indeed, we don’t even know for certain whether this was such an instance.
Crowley se o barvě Gatesovy kůže ani jednou nezmínil.	Crowley never mentioned the color of Gates’ skin.
O násilí nemohlo být řeči.	There was no question of violence.
V podstatě šlo jen o pocuchané nervy a přecitlivělost na náznaky neúcty, a to na straně profesora i policisty.	There were just very raw nerves and hypersensitivity to hints of disrespect, on the part of the professor, and of the cop.
Pohoršovat se nad údělem profesora, se kterým není radno si zahrávat, lze těžko pokládat za nejlepší způsob, jak diskutovat o nelehkém osudu bezpočtu chudých bezejmenných lidí, které většina z nás až příliš snadno ignoruje.	Outrage about a professor who is not to be messed with is not the best way to discuss the plight of countless, poor, anonymous people, whom most of us find it too easy to ignore.
	
Bomba v každém reaktoru	A Bomb in Every Reactor
BERLÍN – Nezbývá než doufat, že pětadvacet let po jaderné katastrofě v Černobylu dala dosud probíhající katastrofa v jaderném reaktoru Fukušima v Japonsku jednou provždy jasně najevo, že údajná požehnání jaderné éry jsou pouhými iluzemi: že jaderná energie není čistá, bezpečná ani levná.	BERLIN – Twenty-five years after the nuclear disaster at Chernobyl, the ongoing catastrophe at the Fukushima nuclear reactor in Japan has – it must be hoped – made clear once and for all that the purported blessings of the nuclear age are mere illusions: nuclear power is neither clean nor safe nor cheap.
Ve skutečnosti platí pravý opak.	Indeed, the opposite is true.
Jaderná energie je zatížena třemi velkými nevyřešenými riziky: bezpečností elektráren, jaderným odpadem a také nejzlověstnější hrozbou v podobě rizika vojenského šíření.	Nuclear power is saddled with three major unresolved risks: plant safety, nuclear waste, and, most menacing of all, the risk of military proliferation.
Alternativy jaderné energie – a fosilních paliv – jsou navíc známé a technicky mnohem vyspělejší a udržitelnější.	Moreover, the alternatives to nuclear energy – and to fossil fuels – are well known and technically much more advanced and sustainable.
Podstupovat jaderné riziko není nezbytné; je to uvážená politická volba.	Taking on nuclear risk is not a necessity; it is a deliberate political choice.
Fosilní paliva a jaderná energie patří k technologickým utopiím devatenáctého a dvacátého století, které byly založeny na víře v nevinnost technologicky proveditelných věcí a na skutečnosti, že v té době těžila z technologického pokroku jen menšina obyvatel světa, převážně na Západě.	Fossil-fuel and nuclear energy belong to the technological utopias of the nineteenth and twentieth centuries, which were based on a belief in the innocence of the technologically feasible and on the fact that, at the time, only a minority of people worldwide, largely in the West, benefited from technological progress.
Naproti tomu jednadvacáté století bude formováno vědomím, že globální ekosystém a jeho zdroje, nepostradatelné pro přežití lidského druhu, jsou konečné a že z toho vyplývá trvalá zodpovědnost chránit, co máme.	By contrast, the twenty-first century will be informed by the realization that the global ecosystem and its resources, which are indispensable for human survival, are finite, and that this implies an enduring responsibility to preserve what we have.
Plnění tohoto závazku představuje jak enormní technologickou výzvu, tak i příležitost předefinovat význam modernosti.	Meeting this imperative entails both an enormous technological challenge and an opportunity to redefine the meaning of modernity.
Energetická budoucnost devíti miliard lidí, což je předpokládaný počet obyvatel na zeměkouli v polovině tohoto století, nespočívá ve fosilních palivech ani v jaderné energii, nýbrž v obnovitelných zdrojích energie a v dramatických zlepšeních energetické účinnosti.	The energy future of nine billion people, which is what the world population will be in the middle of the century, lies neither in fossil fuels nor in nuclear energy, but in renewable energy sources and dramatic improvements in energy efficiency.
To už víme.	We already know this.
Proč tedy zejména nejrozvinutější země světa podstupují riziko megakatastrofy, když se snaží vyrábět energii radioaktivním štěpením?	Why, then, do the most advanced countries, in particular, take on the risk of a mega-catastrophe by seeking to create energy from radioactive fission?
Základní odpověď se neukrývá v jakémkoliv civilním využití jaderné energie, nýbrž hlavně a především v jejích vojenských aplikacích.	The answer, ultimately, doesn’t lie with any civilian use of nuclear energy, but first and foremost with its military applications.
Energie získaná štěpením atomů uranu a plutonia se původně využívala v nejmodernější zbrani, totiž v atomové bombě.	The energy derived from splitting uranium and plutonium atoms was originally used for the ultimate weapon, the atomic bomb.
Členství v klubu jaderných mocností zajišťuje suverénním státům ochranu a prestiž.	Being a nuclear power provides sovereign states with protection and prestige.
Dokonce i dnes dělí Bomba svět do dvou skupin: na několik málo států, které ji mají, a na mnoho států, které ji nemají.	Even today, the Bomb divides the world into two classes: the few states have it, and the many that do not.
Staré světové uspořádání z éry studené války bylo založeno na závodech v jaderném zbrojení, které probíhaly mezi dvěma supervelmocemi, Spojenými státy a Sovětským svazem.	The old Cold War world order was based on the nuclear arms race between the two superpowers, the United States and Soviet Union.
Aby se ostatní země nesnažily stát se jadernými mocnostmi, což by znásobilo a rozšířilo riziko jaderné konfrontace, byla v 60. letech koncipována Smlouva o nešíření jaderných zbraní (NPT).	To stop others from trying to become nuclear powers, which would have multiplied and spread the risk of nuclear confrontation, the Non-Proliferation Treaty (NPT) was framed in the 1960’s.
Tato smlouva dodnes upravuje vztahy mezi jadernými mocnostmi a zbytkem světa a ukládá nejaderným státům, aby se těchto zbraní zřekly, a jaderným státům, aby se zavázaly k jadernému odzbrojení.	To this day, it governs the relationships between the nuclear powers and the rest of the world, imposing renunciation on the have-nots and nuclear-disarmament obligations on the haves.
Země, které NPT nikdy nepodepsaly, samozřejmě její pravidla opakovaně porušují nebo obcházejí.	Of course, the NPT has repeatedly been violated or circumvented by states that never subscribed to it.
Dodnes proto přetrvává riziko, že se počet jaderných států zvětší, zvláště když malé a střední mocnosti doufají, že zvýší svou prestiž a zlepší své postavení v regionálních konfliktech.	To this day, therefore, the risk remains that the number of nuclear powers will increase, particularly given small and medium powers’ hope to enhance their prestige and position in regional conflicts.
Nejaktuálnějším příkladem tohoto myšlení je Írán.	Iran is the most current example of this.
Hrozí, že vzhledem k nuklearizaci těchto ne vždy stabilních států budou regionální konflikty jednadvacátého století mnohem nebezpečnější a že se také podstatně zvýší riziko, že jaderné zbraně nakonec skončí v rukou teroristů.	The nuclearization of these not-always-stable states threatens to make the regional conflicts of the twenty-first century much more dangerous, and will also substantially increase the risk that nuclear weapons eventually end up in the hands of terrorists.
Zřetelné oddělení civilního a vojenského využití jaderné energie navzdory NPT nefunguje vždy nebo nefunguje zcela, poněvadž pravidla NPT umožňují všem signatářským zemím vyvíjet a používat – pod mezinárodním dohledem – všechny části jaderného palivového cyklu k civilním účelům.	Despite the NPT, a clear separation between civilian and military use of nuclear energy hasn’t always worked, or worked completely, because the NPT’s rules permit all signatory states to develop and use – under international supervision – all of the components of the nuclear fuel cycle for civilian purposes.
Pak už stačí jen pár drobných technických krůčků a rozhodnutí politických špiček je udělat a z dané země se stane jaderná mocnost.	From here, then, all that is required to become a nuclear power are a few small technical steps and political leaders’ decision to take them.
Právě kvůli této politické moci, nikoliv kvůli požadavkům energetické politiky, je tak obtížné se jaderné energie vzdát.	This political power, not the requirements of energy policy, is what makes giving up nuclear energy so difficult.
Cesta ke statusu jaderné mocnosti vždy začíná takzvanými „civilními“ jadernými programy.	As a rule, the path to nuclear-power status always begins with so-called “civilian” nuclear programs.
Údajné „civilní“ jaderné ambice Íránu tak například vedly k velkému počtu podobných „civilních“ programů v sousedních státech.	The supposed “civilian” nuclear ambitions of Iran have thus, for instance, led to a large number of such “civilian” programs in neighboring states.
Hanba tomu, kdo nečisté má myšlenky!	Honni soit qui mal y pense!
A takzvané „utajené země na prahu“ budou pochopitelně bedlivě sledovat a analyzovat reakce jaderných mocností na katastrofu ve Fukušimě.	And, of course, the reactions of the nuclear powers to the disaster at Fukushima will be watched and analyzed closely by the so-called “clandestine threshold countries.”
Jak tedy svět – a především hlavní jaderné mocnosti – na katastrofu ve Fukušimě zareaguje?	So how will the world – first and foremost, the main nuclear powers – react to the Fukushima disaster?
Obrátí se skutečně trend a popožene svět směrem k jadernému odzbrojení a budoucnosti bez jaderných zbraní?	Will the tide truly turn, propelling the world towards nuclear disarmament and a future free of nuclear weapons?
Anebo budeme svědky pokusů zlehčit rozsah katastrofy a co nejdříve se vrátit k „normálnímu“ provozu?	Or will we witness attempts to downplay the calamity and return to business as usual as soon as possible?
Fukušima postavila svět před zásadní rozhodnutí s dalekosáhlými důsledky.	Fukushima has presented the world with a far-reaching, fundamental choice.
Tentokrát to bylo Japonsko, technologicky vyspělá země par excellence (tedy nikoliv pozdní Sovětský svaz), které se ukázalo jako neschopné přijmout dostatečná opatření, aby odvrátilo katastrofu ve čtyřech reaktorových blocích.	It was Japan, the high-tech country par excellence (not the latter-day Soviet Union) that proved unable to take adequate precautions to avert disaster in four reactor blocks.
Jak tedy bude vypadat budoucí hodnocení rizik, začnou-li podstatně méně organizované a rozvinuté země – s aktivní pomocí jaderných mocností – získávat civilní jaderné kapacity?	What, then, will a future risk assessment look like if significantly less organized and developed countries begin – with the active assistance of the nuclear powers – to acquire civilian nuclear-energy capabilities?
Jakékoliv rozhodnutí pokračovat tak jako dosud by vyslalo utajeným zemím na prahu, které se pokoutně snaží získat jaderné zbraně, jednoznačný vzkaz: navzdory vzletné rétorice a rozvláčným dokumentům chybí jaderným mocnostem politická vůle ke změně kurzu.	Any decision to continue as before would send an unambiguous message to the clandestine threshold countries that are secretly pursuing nuclear weapons: despite lofty rhetoric and wordy documents, the nuclear powers lack the political will to change course.
Pokud by se však rozhodly jaderné energie vzdát, pak by tato jejich epochální změna postoje představovala zásadní příspěvek ke globální jaderné bezpečnosti – a tím i k boji proti šíření jaderných zbraní.	Were they to abandon nuclear energy, however, their epochal change of heart would constitute a seminal contribution to global nuclear security – and thus to the fight against nuclear proliferation.
	
Obroda Společné zemědělské politiky	A Born-Again CAP
WAGENINGEN, NIZOZEMSKO – Společná zemědělská politika (SZP), spatřila světlo světa v roce 1957, takže jí je dnes už přes 50 let a Evropská komise předkládá návrh, který označuje za zdravotní prohlídku svého potomka ve středních letech.	WAGENINGEN, NETHERLANDS – Born in 1957, the Common Agricultural Policy (CAP) is now more than 50 years old, and the European Commission is proposing what it calls a health check for its middle-aged child.
Povrchní úpravy ale budoucí potřeby Evropské unie nenaplní.	But superficial repairs will not meet the European Union’s future needs.
SZP se musí přerodit.	The CAP must be born again.
Práce na její obrodě mají začít právě teď a kompletní projekt má být hotový v roce 2013.	Work on its renewal is due to start now, with the completed project ready in 2013.
Je ale zapotřebí mnohem hlubšího přehodnocení.	But a much more profound re-think is needed.
Původním záměrem SZP bylo zajistit zdroj potravin pro prvotních šest členských států Unie, které potraviny dovážely a usilovaly o jistou míry soběstačnosti.	The CAP’s original aim was to provide a secure source of food for the six original member states of the Union, which were importers of food and sought a degree of self-sufficiency.
Bylo třeba zajistit dostupnost kvalitních, zdravých a levných potravin pro všechny občany.	Good, healthy, and cheap food had to be accessible for all citizens.
Zlepšení zemědělské produktivity mělo prospět venkovským oblastem a zajistit zemědělcům poměrný podíl na narůstajícím bohatství Unie.	Improved agricultural productivity would benefit rural areas and give farmers a comparative share in the Union’s growing wealth.
Byly vyvinuty nástroje k dosažení těchto cílů a dosaženo potravinové bezpečnosti.	Instruments to achieve those objectives were developed, and food security was achieved.
Na SZP se brzy začalo pohlížet jako na klenot evropského projektu.	The CAP quickly came to be seen as the jewel in the crown of the European project.
Jak se EU rozvíjela a rozšiřovala, sílila komplikovanost potravinářských systémů, které se dotýkají výroby, zpracování, organizace dodavatelského řetězce a velkoprodejní i maloprodejní distribuce, přičemž ve všech těchto oblastech se vyskytují nové problémy, například ve vztahu ke zdraví a životnímu prostředí.	As the EU has evolved and expanded, food systems have become more complex, involving production, processing, supply-chain organization, and wholesale and retail distribution, with all of these involving new issues like health and the environment.
Využití půdy také prochází důkladnější revizí.	The use of land is also receiving more serious scrutiny.
Studie nizozemské Vědecké rady pro vládní politiku z roku 1991, nazvaná Podklad pro rozhodování, doložila, že potravní nabídku EU by bylo možné zajistit a ušetřit přitom 50% obdělávané půdy, 80% pesticidů a 50% nákladů.	A 1991 study by the Netherlands Scientific Council for Governmental Policy, entitled Ground for Choices, demonstrated that the EU’s food supply could be met with 50% less cultivated land, 80% less pesticides, and at 50% less cost.
Znečišťování okolí by se snížilo o 70%, díky úbytku dusičnanů v povrchových vodách, a vznikalo by méně skleníkových plynů.	Pollution would be reduced by 70% as a result of fewer nitrates in the surface water, and greenhouse gases would be cut.
Tato čísla platila pro EU tvořenou 15 státy, takže s dnešními 27 členy jsou možnosti ještě větší.	Those figures were for an EU of 15 countries, so with today’s 27 members the possibilities are even greater.
Holandská analýza využití půdy ukázala, že aplikací nejlepších technických a ekologických prostředků na nejkvalitnější dostupné půdě, by bylo možné v produkci potravin dosáhnout podstatných nárůstů.	A Dutch analysis of land use has shown that by employing the best technical and ecological means on the best available land, substantial gains could be made in food production.
Není tedy divu, že počet potřebných zemědělců výrazně klesl.	So it is not surprising that the number of farmers needed has fallen substantially.
Viděno z pohledu potravinové bezpečnosti a bohatství venkovských oblastí, je dnes naléhavě třeba revidovat hlavní nástroje SZP, aby bylo možné zavést nový vzorec této politiky.	Viewed from the standpoint of food security and the wealth of rural areas, there is now an urgent need to revisit the CAP’s main instruments so that a new policy formula can be introduced.
Je nutné zarazit zvrácené dotace a znovu promyslet nedávné nové dotace upřednostňující produkty jako biopaliva.	Perverse subsidies must be removed and recent new ones favoring products such as bio-fuels reconsidered.
Je zřejmé, že status quo se musí změnit.	The status quo clearly has to be changed.
Politika venkova se v EU často redukuje na garance příjmů pro zemědělskou obec.	Rural policy in the EU is too often reduced to income guarantees for the farming community.
Takový přístup ale podrývá změnu.	But that attitude is undermining change.
Je nutné povzbudit konkurenční soupeření, neboť rurální podnikání posílí zemědělskou komunitu, kde bude sice méně zemědělců, ale lepší farmy.	Competition must be encouraged, as more rural entrepreneurship will strengthen the farming community, with fewer farmers but better farms.
Jednodušší SZP by motivovala k čistějšímu, produktivnějšímu a účinnějšímu zemědělství.	A simplified CAP would encourage cleaner, more productive, and efficient agriculture.
Vedlejším přínosem pro postavení EU ve světě by mohlo být to, že by bylo možné znovu zahájit pozastavená jednání Světové obchodní organizace započatá v Dauhá, jakmile by se zemědělci v rozvojových zemích ujistili, že jim Evropa nabízí férovou dohodu.	A side benefit for the EU’s standing in the world could be that the World Trade Organization’s stalled Doha negotiations could be restarted once farmers in developing countries are assured of getting a fair deal from Europe.
Zavedením revidovaných politik by navíc v Evropě mohla ožít role SZP coby motoru politické a společenské integrace.	Moreover, the CAP’s role as a motor of political and social integration in Europe could be restored once renewed policies are in place.
Takovou obrodu ale nelze přenechat globálním tržním silám, poněvadž výsledky by pak nemusely prospívat ani evropskému zemědělství, ani společnosti.	But renewal of this sort cannot be left to global market forces, as the results might not necessarily benefit European agriculture and society.
Bude-li trh „zlobit“, zemědělce by to mohlo přivést na mizinu, což by vyústilo v zanedbanost rozlehlých oblastí Evropy.	If the market “misbehaves,” farmers could be reduced to poverty, leading to the neglect of large areas of Europe.
Jde o reálné nebezpečí, o němž tvůrci politik musí seriózně přemýšlet, až budou SZP na základě následujících pěti pilířů reformovat.	That is a real enough danger to which policymakers must give serious thought as they reform the CAP on the basis of the following five pillars.
1. EU potřebuje politiku znalostí a inovací, která posílí konkurenční schopnost evropského zemědělství.	1. The EU needs a knowledge and innovation policy that strengthens European agriculture’s competitiveness.
Taková politika se v Nizozemsku osvědčila a významně přispěla k rozvoji a síle tamního zemědělského podnikání.	Such a policy has been successful in the Netherlands, substantially contributing to the development and power of the country’s agribusiness.
Deset z 21 odvětví zemědělského podnikání v Nizozemsku, mimo jiné se zahradnickými semeny, dekorativními rostlinami, sadbovými brambory a telecím, patří mezi přední přispěvatele k národnímu hospodářství a obchodní bilanci země.	Ten of 21 branches of Dutch agribusiness, including horticultural seeds, ornamentals, seed potatoes, and veal, are among the top contributors to the national economy and the country’s trade balance.
V EU jako celku by politika zaměřená na výzkumné programy stimulující vědecké úspěchy a větší soudržnost evropské soustavy znalostí významně posílila konkurenční schopnost zemědělství a přispěla k potravinové bezpečnosti a udržitelnému rozvoji.	In the EU as a whole, a policy directed toward research programs stimulating scientific excellence and greater coherence in the European knowledge system would greatly strengthen agriculture’s competitiveness and contribute to food security and sustainable development.
2. Evropa dále potřebuje restrukturalizaci politiky využívání půdy.	2. Europe also needs a restructuring policy for land use.
Četné programy strukturálního zlepšování se financují na evropské úrovni, ale zemědělská výroba a využití půdy k nim nepatří.	Many structural improvement programs have been financed at the European level, but agricultural production and land use are not among them.
Sestavením nosné konstrukce pro zemědělství by se doplnila Evropská ekologická nosná konstrukce.	The development of an Agricultural Main Structure would compliment the European Ecological Main Structure.
Součástí politiky využívání půdy by také mělo být opětovné zalesňování a ozdravování přirozených ekosystémů.	Reforestation and the repair of natural ecosystems should also be part of a land use policy.
3. Politika evropských potravinových systémů by se současně věnovala produkci, zpracování, distribuci, logistice a maloobchodnímu prodeji.	3. A policy for European food systems would treat production, processing, distribution, logistics, and retailing in combination.
Spotřební vzorce a preference jsou nedílnou součástí takových systémů.	Consumption patterns and preferences are an integral part of such systems.
Předběžné studie v rámci projektu „Pohled vpřed na evropské potravinové systémy“ Evropské vědecké nadace by se při koncipování unijní politiky mohly ukázat jako užitečné.	Preliminary studies by the European Science Foundation’s “Forward Look on European Food Systems” could prove useful in devising an EU-wide policy.
4. Metropolitní zemědělství v překotně se urbanizujícím světě může zajistit vysoce kvalitní produkci na malých plochách půdy.	4. Metropolitan agriculture in a rapidly urbanizing world can provide high-quality produce on small amounts of land.
Nabízí odpověď na vzrůstající poptávku po zdravých potravinách s minimálními vedlejšími účinky na životní prostředí.	It offers an answer to rising demand for healthy food with minimal environmental side effects.
5. Nová SZP by měla zahrnovat politiku k ochraně evropské krajiny.	5. A new CAP should include a policy to safeguard Europe’s landscapes.
Kulturní dědictví by se ale nemělo zachovávat všude a také by nemělo přehlížet náklady.	But a cultural heritage should not be maintained everywhere, nor should it ignore cost.
A nemělo by se jednat o defenzivní politiku onoho typu, který má sklon zaměřovat se na půdu nízké kvality.	And it should not be a defensive policy of the sort that tends to concentrate on poor-quality land.
Těchto pět pilířů přináší drastická rozhodnutí, ale od evropských daňových poplatníků si pravděpodobně vyžádají méně peněz, nikoli více.	These five pillars involve drastic choices, but they will probably require less money from Europe’s taxpayers, not more.
Mohly by zajistit opravdový příspěvek k čistějšímu, produktivnějšímu a efektivnějšímu zemědělství a využití půdy a přitom vycházet vstříc společenským potřebám.	They could make a real contribution to cleaner, more productive, and efficient farming and land use, while addressing social needs.
	
Jak potratové pokrytectví zabíjí ženy	How Abortion Hypocrisy Kills Women
KISUMU, KEŇA – Odpor vůči potratům je tak intenzivní, že i tam, kde ženy mají právo ukončit těhotenství, může být mimořádně obtížné získat přístup ke službám nutným k uplatnění tohoto práva.	KISUMU, KENYA – Opposition to abortion is so intense that even where women have the legal right to terminate their pregnancy, it can be extremely difficult to access the services needed to exercise that right.
Ještě horší je, že odpůrci potratů mají sklon přehlížet pochybení dohánějící ženy do situace, kdy vůbec o potrat usilují.	But, worse than that, opponents of abortion tend to ignore the failures that lead women to the point where they seek one in the first place.
Following its targeted killing of Iran's second most powerful leader, the US could well find itself with no alternative but to devote more military resources to the Middle East, a path that could lead to additional Iranian provocations.	Following its targeted killing of Iran's second most powerful leader, the US could well find itself with no alternative but to devote more military resources to the Middle East, a path that could lead to additional Iranian provocations.
And that shift would occur at a time of growing challenges to US interests elsewhere in the world.	And that shift would occur at a time of growing challenges to US interests elsewhere in the world.
The targeted killing by the United States of one of Iran's top military leaders represents a significant symbolic defeat for the Iranian regime, but it does not augur all-out war.	The targeted killing by the United States of one of Iran's top military leaders represents a significant symbolic defeat for the Iranian regime, but it does not augur all-out war.
After all, Iran and the US have already been at war for decades, and neither side has an interest in an uncontrolled military escalation now.	After all, Iran and the US have already been at war for decades, and neither side has an interest in an uncontrolled military escalation now.
As in previous years, Project Syndicate asked its commentators to offer their best guesses about the events and trends that will define the coming 12 months.	As in previous years, Project Syndicate asked its commentators to offer their best guesses about the events and trends that will define the coming 12 months.
If there is one common theme in this year's selection, it is that what happens in 2020 will weigh on the present for many years to come.	If there is one common theme in this year's selection, it is that what happens in 2020 will weigh on the present for many years to come.
Z morálního hlediska lze nalézt silné argumenty, proč je lepší respektovat osobní svobodu a tělesnou autonomii ženy než ji nutit, aby dávala všanc své zdraví nebo psychickou pohodu nechtěným či nebezpečným těhotenstvím.	From a moral standpoint, there is a strong case to be made for respecting a woman’s personal freedom and bodily autonomy, rather than forcing her to put her health or wellbeing at risk by carrying an unwanted or unsafe pregnancy to term.
Vzhledem k tomu, jak je toto téma zamořené dezinformacemi a zakalené pomýlenými argumenty, však politické debaty často nikam nevedou, pokud se potraty nezasadí za prvé a především do zdravotnického rámce.	Yet, given how rife with misinformation and muddied by misplaced arguments the issue is, policy debates often go nowhere unless they frame abortion first and foremost as a health matter.
Vezměme si například Keňu.	Consider the case of Kenya.
Přestože má tato země jeden z nejpokrokovějších potratových zákonů v Africe – žena má právo ukončit těhotenství, pokud „existuje potřeba naléhavé léčby, jsou ohroženy život či zdraví matky nebo to připouští jakýkoliv jiný psaný zákon“ –, přetrvávající odpor vůči potratům brání jeho uplatnění.	Despite having one of Africa’s most progressive abortion laws – a woman has the right to terminate a pregnancy if “there is need for emergency treatment, or the life or health of the mother is in danger, or if permitted by any other written law” – enduring opposition to abortion has undermined implementation.
A to nemluvíme o ženách, které tato pravidla ani nesplňují.	And this is to say nothing of the women who would not qualify for an abortion under these rules.
Zároveň je dobře doloženo, že postavením mimo zákon se potraty nevymýtí.	But it is well documented that outlawing abortion does not end the practice.
Spíše dochází k tomu, že když úřady uvězní člověka, o němž se šušká, že provádí bezpečné potraty, ženy v Keni i jinde se nakonec uchýlí k poskytovatelům, kteří používají vysoce nebezpečné metody.	Rather, when the authorities jail anyone who is rumored to be providing safe abortions, as occurs in Kenya, women end up turning to providers who use highly dangerous methods to get the job done.
Například propichují ženám dělohu ostrými předměty, sedají si jim na břicho, aby vytlačili plod, a předepisují nebezpečné odvary.	For example, they perforate women’s uteruses with sharp objects, sit on women’s bellies to eject the fetus, and prescribe unsafe concoctions.
Ve snaze vyhnout se těmto pokoutním poskytovatelům se ženy snaží vyvolat potrat tím, že pozřou velké množství léků proti bolesti nebo si způsobí otravu čisticími prostředky.	To avoid these back-alley providers, women try to induce abortions by ingesting large amounts of painkillers or poisoning themselves with detergents.
Některé zemřou, jiné přijdou o dělohu a další se potýkají s komplikacemi, jako jsou cervikovaginální píštěle.	Some die; others are left with no uterus; still others are left managing complications like cervicovaginal fistulas.
Po letech práce v oblasti reprodukčního zdraví mohu se vší rozhodností prohlásit, že ženy neukončují těhotenství z rozmaru.	After years working in reproductive health, I can say authoritatively that women do not terminate pregnancies on a whim.
Neplatí nekvalifikované osobě za bodání do dělohy proto, že na to zrovna mají náladu.	They do not pay an unqualified person to stab their uterus because the mood strikes them.
Nepřesvědčíme je tím, že je budeme odsuzovat nebo že budeme předřazovat vývoj plodu před potřeby, práva a pohodu matky.	Condemning them will not change their minds; nor will prioritizing the development of a fetus over the needs, rights, and wellbeing of its mother.
Tím vším jen zvýšíme pravděpodobnost, že ženy budou ohrožovat své zdraví a životy vyhledáváním nebezpečných potratů.	All it will do is make them more likely to risk their health and lives seeking an unsafe abortion.
Chceme-li snížit poptávku po potratových službách, musíme si uvědomit, že jde často o vyvrcholení řady systémových selhání, která začínají už během dětství, kdy by se měla vyžadovat všeobecná sexuální výchova.	If we want to reduce demand for abortion services, we must recognize that it is often the culmination of a series of systemic failures that begin during childhood, when a comprehensive sexual education (CSE) should be required.
V jejím rámci se mladí lidé dozvídají informace o sexu a vztazích kulturně citlivým, realistickým, nezaujatým a vědecky přesným způsobem odpovídajícím jejich věku, přičemž výchova může vést k vyšší míře používání antikoncepce. Ta snižuje míru těhotenství teenagerů, zvláště pokud se zvolí genderově založený přístup kladoucí důraz na rozšiřování práva mladých dívek na ochranu vlastního zdraví.	A CSE teaches young people about sex and relationships in an age-appropriate, culturally sensitive, realistic, nonjudgmental, and scientifically accurate way, and can increase the use of contraceptives and reduce teen pregnancy rates, particularly if it takes a gender-based approach, focusing on empowering young girls to protect their own health.
Taková osvěta není výsadou, nýbrž právem.	Such an education is not a privilege, but a right.
Článek 35 keňské ústavy například zaručuje každému občanovi „právo na přístup k informacím, jimiž disponuje jiná osoba a které jsou nezbytné pro uplatnění či ochranu jakéhokoliv práva či základní svobody“.	In Kenya, Article 35 of the constitution guarantees every citizen “the right of access to information held by another person and required for the exercise or protection of any right or fundamental freedom.”
To zahrnuje i právo na reprodukční zdravotní péči, které je zakotvené v Článku 43.	This includes the right to reproductive health care, enshrined in Article 43.
Stejně jako právo na potrat se však i právo na sexuální výchovu často nerespektuje kvůli moralizujícímu odporu náboženských vůdců, hnutím zaměřeným proti svobodě volby, ale i dalším faktorům, jako jsou malé rozšíření osnov a nedostatek patřičně vyškolených učitelů.	But, like the right to abortion, the right to CSE is often not respected, owing to moralizing resistance from religious leaders and anti-choice movements, as well as other factors, such as weak dissemination of the curriculum and a dearth of adequately trained teachers.
V důsledku toho jsou stále velmi rozšířené mýty a pověry.	As a result, myths and misconceptions remain widespread.
To v kombinaci s nedostatkem financí a kulturními faktory (jako je nízké zapojení mužů do otázek reprodukčního zdraví) přispívá k nízkému využívání antikoncepce – moderní antikoncepční prostředky používá v Keni pouhých 58% žen, které by to měly dělat.	This, together with funding shortages and cultural factors (such as a lack of male involvement in reproductive-health issues), contribute to low contraceptive uptake, with only 58% of women in Kenya who should be using modern contraceptives actually doing so.
Není tedy divu, že procento těhotenství teenagerek zůstává nepřijatelně vysoké.	Unsurprisingly, teenage pregnancy is unacceptably high.
Je načase řešit systémová selhání, která vedou k tomu, že dívky a ženy končí zmrzačené nebo mrtvé.	It is time to address the systemic failures that lead to girls and women ending up maimed or dead.
Špetka prevence zde vydá za hromadu léčby: antikoncepce ve zdravotnických rozpočtech, kvalitní sexuální výchova ve školách a služby reprodukčního zdraví přívětivé k mladým lidem.	Here, an ounce of prevention is worth a pound of cure: contraception in health budgets, quality CSE in schools, and youth-friendly reproductive-health services.
I léčba však musí být jednou z variant.	But the cure must also be an option.
Pravidla trestající ženy se musí nahradit moderními zákony – odpovídajícími mezinárodním rámcům lidských práv –, které budou chránit reprodukční svobodu žen včetně zaručení přístupu k bezpečným potratovým službám.	Rules that punish women must be replaced with modern laws – in line with international human-rights frameworks – that protect women’s reproductive freedom, including by guaranteeing access to safe abortion services.
Zapotřebí jsou i psané směrnice, jež ukončí ostrakizaci poskytovatelů potratových služeb.	Written guidelines to end the victimization of abortion service providers are also needed.
Jak může vláda, která nedokáže zajistit sexuální výchovu ani dostatečně investovat do plánování rodičovství, postihovat vlastní ženy za nechtěná těhotenství?	How can a government that fails to ensure CSE or invest adequately in family planning penalize its women for unwanted pregnancies?
Jak může společnost, která ignoruje utrpení žen, klást obětem za vinu vlastní nečinnost?	How can a society that ignores women’s suffering blame the victims for its inaction?
Ti, kdo nedělají nic pro prevenci nechtěných těhotenství a jen se snaží trestat ženy, které takové těhotenství potká, nemají právo kázat o morálce.	Those who do nothing to prevent unwanted pregnancies – and everything to punish the women affected by them – cannot claim the moral high ground.
	
Průlom v boji proti hladovění	A Breakthrough Against Hunger
NEW YORK – Dnešní celosvětová hladová krize je bezprecedentně vážná a vyžaduje bezodkladná opatření.	NEW YORK – Today’s world hunger crisis is unprecedentedly severe and requires urgent measures.
V pasti chronického hladu vězí téměř miliarda lidí – asi o 100 milionů víc než přede dvěma lety.	Nearly one billion people are trapped in chronic hunger – perhaps 100 million more than two years ago.
Vůdčí úlohy v zápase proti hladovění se ujímá Španělsko, neboť pozvalo světové lídry na konec ledna do Madridu, aby se posunuli od slov k činům.	Spain is taking global leadership in combating hunger by inviting world leaders to Madrid in late January to move beyond words to action.
Pod vedením Španělska a za partnerské spolupráce generálního tajemníka OSN Pan Ki-muna několik dárcovských zemí navrhuje převedení finančních prostředků do společného fondu, aby nejchudší zemědělci světa dokázali vypěstovat dostatek potravin a z pasti hladovění se vymanit.	With Spain’s leadership and United Nations Secretary General Ban Ki-moon’s partnership, several donor governments are proposing to pool their financial resources so that the world’s poorest farmers can grow more food and escape the poverty trap.
Přínosy dárcovské pomoci mohou být pozoruhodné.	The benefits of some donor help can be remarkable.
Venkovští rolníci v Africe, na Haiti a v dalších zbídačených regionech v současnosti sejí plodiny bez využití vysoce výnosných osiv a bez hnojiv.	Peasant farmers in Africa, Haiti, and other impoverished regions currently plant their crops without the benefit of high-yield seed varieties and fertilizers.
Výsledkem je sklizeň obilovin (například kukuřice), která je zhruba o třetinu nižší, než by bylo možné dosáhnout s lepšími zemědělskými vstupy.	The result is a grain yield (for example, maize) that is roughly one-third less than what could be achieved with better farm inputs.
Afričtí zemědělci produkují zhruba jednu tunu obilovin na hektar, oproti více než čtyřem tunám na hektar v Číně, kde zemědělci intenzivně hnojí.	African farmers produce roughly one ton of grain per hectare, compared with more than four tons per hectare in China, where farmers use fertilizers heavily.
Afričtí zemědělci vědí, že potřebují hnojiva, jenže si je nemohou dovolit.	African farmers know that they need fertilizer; they just can’t afford it.
S pomocí dárců by tu možnost měli.	With donor help, they can.
Tito farmáři pak nejenže uživí své rodiny, ale také si mohou začít vydělávat určitý tržní příjem a šetřit do budoucna.	Not only do these farmers then feed their families, but they also can begin to earn market income and to save for the future.
Když si za několik let vytvoří úspory, získají úvěrovou schopnost anebo dostatek hotovosti na nákup nezbytně nutných vstupů z vlastních prostředků.	By building up savings over a few years, the farmers eventually become creditworthy, or have enough cash to purchase vitally necessary inputs on their own.
V současnosti převládá všeobecný souhlas, že je třeba navýšit dárcovské financování drobných rolníků (těch, kdo hospodaří s půdou o rozloze do dvou hektarů, či chudých pastevců), což je obzvlášť naléhavé v Africe.	There is now widespread agreement on the need for increased donor financing for small farmers (those with two hectares or less of land, or impoverished pastoralists), which is especially urgent in Africa.
Generální tajemník OSN vedl loni řídicí skupinu, která stanovila, že africké zemědělství potřebuje ročně kolem osmi miliard dolarů dárcovského financování – zhruba čtyřnásobek současného úhrnu – se zřetelným důrazem na kvalitnější osiva, hnojiva, zavlažovací soustavy a osvětová školení.	The UN Secretary General led a steering group last year that determined that African agriculture needs around $8 billion per year in donor financing – roughly four times the current total – with a heavy emphasis on improved seeds, fertilizer, irrigation systems, and extension training.
Vedle přímé pomoci drobným rolníkům by dárci měli zajistit větší podporu výzkumu a vývoje, nezbytných k hledání nových vysoce výnosných odrůd osiv, zejména šlechtěním rostlin, které snesou dočasné zaplavení, nadbytek dusíku, slané půdy, škůdce a jiné komplikace udržitelné produkce potravin.	In addition to direct help for small farms, donors should provide more help for the research and development needed to identify new high-yielding seed varieties, especially to breed plants that can withstand temporary flooding, excess nitrogen, salty soils, crop pests, and other challenges to sustainable food production.
Pomáhat chudým prostřednictvím dnešních technologií a zároveň investovat do dokonalejších technologií budoucnosti představuje optimální dělbu práce.	Helping the poor with today’s technologies, while investing in future improved technologies, is the optimum division of labor.
Tato investice se úžasně vyplatí, neboť výzkumná střediska jako Mezinárodní institut pro výzkum rýže a Mezinárodní středisko šlechtění kukuřice a pšenice jsou původci vysoce výnosných osiv a novátorských zemědělských postupů, jež společně vyústily v asijskou zelenou revoluci.	This investment pays off wonderfully, with research centers such as the International Rice Research Institute and the International Maize and Wheat Improvement Centre providing the high-yield seeds and innovative farming strategies that together triggered the Asian Green Revolution.
Tato střediska sice nejsou běžně známa, ale zasloužila by si to.	These centers are not household names, but they deserve to be.
Jejich vědecké průlomy pomáhají nasytit svět a budeme potřebovat další.	Their scientific breakthroughs have helped to feed the world, and we’ll need more of them.
Několik desítek zemí s nízkými příjmy a nedostatkem potravin, snad až 40 nebo 50, vypracovalo naléhavé plány zvýšení produkce potravin na drobných farmách, ale v současnosti je brzdí chybějící finance od dárců.	Dozens of low-income, food-deficit countries, perhaps as many as 40-50, have elaborated urgent programs for increased food production by small farms, but are currently held back by the lack of donor funding.
Tyto země se s žádostí o financování obrátily na Světovou banku a ta v roce 2008 vyvinula znamenité úsilí v rámci Programu reakce na globální potravinovou krizi (GFCRP).	These countries have appealed to the World Bank for financing, and the Bank made a valiant effort in 2008 to help through its new Global Food Crisis Response Program (GFCRP).
Banka ale doposud nemá dostatek prostředků, aby naléhavé potřeby těchto zemí uspokojila, a musí pomoc přidělovat jen ve zlomcích převodů, jichž by bylo možno účinně a spolehlivě využít.	But the Bank does not yet have sufficient funds to meet these countries’ urgent needs, and has had to ration assistance to a small fraction of the flows that could be effectively and reliably used.
Stovky milionů lidí mezitím trčí v pasti hladovění.	Hundreds of millions of people, in the meantime, remain trapped in hunger.
Mnoho jednotlivých dárcovských zemí prohlásilo, že se nyní chystají navýšit finanční podporu zemědělské činnosti drobných rolníků, ale že hledají vhodné realizační mechanismy.	Many individual donor countries have declared that they are now prepared to increase their financial support for smallholder agriculture, but are searching for the appropriate mechanisms to do so.
Současné struktury pomoci nevyhovují.	The current aid structures are inadequate.
Oněch více než 20 stávajících dvoustranných i mnohostranných dárcovských agentur zaměřených na zemědělství je mimořádně roztříštěných a jednotlivě i společně nedostačují rozsahem.	The more than 20 bilateral and multilateral donor agencies for agriculture are highly fragmented and of insufficient scale individually and collectively.
Navzdory zanícenému úsilí mnoha profesionálů je reakce na hladovou krizi stále chabá.	Despite the dedicated efforts of many professionals, the response to the hunger crisis remains utterly inadequate.
Období setby roku 2008 minula s příliš malým nárůstem pomoci pro zbídačené drobné rolníky.	The 2008 planting seasons came and went with much too little additional help for impoverished small farmers.
Africké země se donekonečna a většinou marně poohlížejí po nevelkých finančních částkách, které potřebují k nákupu hnojiv a lepších osiv.	African countries search endlessly, and mostly fruitlessly, for the small amounts of funding needed for their purchases of fertilizer and improved seeds.
S kolegy, s nimiž působím v poradním výboru španělské iniciativy, doporučujeme, aby dárci vložili své prostředky na jediný mezinárodní účet, který nazýváme Finančně koordinační mechanismus (FCM).	My colleagues and I, serving on an advisory committee for the Spanish initiative, have recommended that donors pool their funds into a single international account, which we call the Financial Coordination Mechanism (FCM).
Tento sjednocený fond by umožňoval zemědělcům v chudých zemích získat hnojiva, kvalitnější odrůdy osiv a zařízení pro zavlažování v malém měřítku, jež naléhavě potřebují.	These pooled funds would enable farmers in poor countries to obtain the fertilizer, improved seed varieties, and small-scale irrigation equipment that they urgently need.
Chudé země by dostávaly včasné a předvídatelné finance na zemědělské vstupy z jediného účtu, nikoli od desítek rozličných a roztříštěných dárců.	Poor countries would receive prompt and predictable financing for agricultural inputs from a single account, rather than from dozens of distinct and fragmented donors.
Společným vložením finančních prostředků do jednotného dárcovského FCM by vznikla možnost udržovat u programů pomoci nízké administrativní náklady, dokázali bychom zajistit dostupnost toků pomoci a chudé země by kvůli získání pomoci nemusely vyjednávat 25krát.	By pooling financial resources into a single-donor FCM, aid programs’ administrative costs could be kept low, the availability of aid flows could be assured, and poor countries would not have to negotiate 25 times in order to receive help.
Doby, kdy se dalo jet ve vyjetých kolejích, jsou pryč.	The time for business as usual is over.
Dárci přislíbili zdvojnásobení pomoci pro Afriku do roku 2010, leč této metě jsou stále daleko.	The donors promised to double aid to Africa by 2010, but are still far off track.
Ostatně během posledních 20 let pomoc pro zemědělské programy ve skutečnosti snížili a tento trend obracejí až teď.	Indeed, during the past 20 years, they actually cut aid for agriculture programs, and only now are reversing course.
Mezitím den co den miliarda lidí hladoví.	Meanwhile, a billion people go hungry each day.
Potřebujeme průlom, který bude prokazatelný, veřejný, jasný a přesvědčivý, dokáže si získat city i smýšlení veřejnosti a předvede úspěch.	We need a breakthrough that is demonstrable, public, clear, and convincing, that can mobilize the public’s hearts and minds, and that can demonstrate success.
Na konci ledna se v Madridu možná budou psát dějiny, až se tu nebohatší a nejchudší země světa shromáždí, aby se pokusily najít řešení globální hladové krize.	History can be made in Madrid at the end of January, when the world’s richest and poorest countries converge to seek solutions to the global hunger crisis.
Závisí na tom životy miliardy nejchudších lidí.	The lives of the billion poorest people depend on it.
	
Přelomová příležitost pro globální zdraví	A Breakthrough Opportunity for Global Health
NEW YORK – Miliony lidí zemřou každý rok na nemoci, jimž lze předcházet a které lze léčit, a to zejména v chudých zemích.	NEW YORK – Every year, millions of people die from preventable and treatable diseases, especially in poor countries.
V mnoha případech je masová výroba život zachraňujících léků levná, ale prodávají se za ceny, které je činí nedostupnými pro ty, kdo je potřebují.	In many cases, lifesaving medicines can be cheaply mass-produced, but are sold at prices that block access to those who need them.
A mnoho lidí zemře jednoduše proto, že žádné léky ani vakcíny neexistují, jelikož se tak málo drahocenného výzkumného talentu a omezených prostředků na světě vynakládá na řešení problému onemocnění chudých.	And many die simply because there are no cures or vaccines, because so little of the world’s valuable research talent and limited resources is devoted to addressing the diseases of the poor.
Tento stav svědčí o selhání ekonomiky a práva, které je naléhavě zapotřebí napravit.	This state of affairs represents a failure of economics and law that urgently needs to be corrected.
Dobré je, že dnes existují příležitosti ke změně, přičemž tou nejslibnější je mezinárodní úsilí pod vedením Světové zdravotnické organizace (WHO) o nápravu nefunkčního režimu duševního vlastnictví, jenž brzdí vývoj a dostupnost levných léků.	The good news is that there are now opportunities for change, most promisingly through an international effort headed by the World Health Organization that would begin to fix the broken intellectual-property regime that is holding back the development and availability of cheap drugs.
Dostupnost léčiv dnes omezují dva hlavní problémy.	Two main problems limit the availability of medicines today.
Prvním z nich je skutečnost, že jsou velmi drahé nebo přesněji řečeno že cena, která je za ně účtována, je velmi vysoká, přestože skutečné výrobní náklady představují pouhý zlomek této částky.	One is that they are very costly; or, more accurately, the price charged for them is very high, though the cost of producing them is but a fraction of that amount.
Druhým problémem je fakt, že vývoj léků směřuje k maximalizaci zisku, nikoliv společenského prospěchu, což pokřivuje úsilí o tvorbu léků nezbytných pro lidské blaho.	Second, drug development is geared toward maximizing profit, not social benefit, which skews efforts directed at the creation of medicines that are essential to human welfare.
Protože mají chudí lidé tak málo peněz, nejsou farmaceutické společnosti za současného stavu příliš motivovány k tomu, aby prováděly výzkum nemocí, jimiž chudí lidé trpí.	Because the poor have so little money to spend, drug companies, under current arrangements, have little incentive to do research on the diseases that afflict them.
Nemusí to tak být.	It doesn’t have to be this way.
Výrobci léčiv tvrdí, že vysoké ceny jsou nezbytné k financování výzkumu a vývoje.	Drug companies argue that high prices are necessary to fund research and development.
Ve Spojených státech je to však vláda, kdo financuje největší část výzkumu a vývoje orientovaného na zdravotnictví – a to buď přímo prostřednictvím veřejné podpory (Národní ústavy zdraví, Národní vědecká nadace), nebo nepřímo prostřednictvím veřejných nákupů léčiv v rámci programů Medicare i Medicaid.	But, in the United States, it is actually the government that finances most health-related research and development – directly, through public support (National Institutes of Health, National Science Foundation), and indirectly, through public purchases of medicine, both in the Medicare and Medicaid programs.
A dokonce ani ta část, kterou vláda nefinancuje, není konvenčním trhem; většina individuálních nákupů léků na předpis je totiž hrazena z pojištění.	Even the part that is not government-financed is not a conventional market; most individuals’ purchases of prescription medicines are covered by insurance.
Vláda financuje zdravotnický výzkum, protože dokonalejší léčiva jsou veřejným statkem.	Government finances health-care research because improved medicines are a public good.
Z výsledných poznatků mají prospěch všichni, protože brání epidemiím a omezují hospodářské i lidské ztráty v důsledku rozšířených nemocí.	The resulting knowledge benefits everyone by stopping epidemics and limiting the economic and human toll of widespread illness.
K dosažení efektivity je však nutné co nejšířeji sdílet výsledky výzkumu, a to ihned po jejich získání.	Efficiency requires sharing research as widely as possible as soon as it is available.
Thomas Jefferson přirovnal vědomosti ke svíčkám: když se od jedné zapálí druhá, světlo té první se tím nezmenší.	Thomas Jefferson compared knowledge to candles: when one is used to light another, it does not diminish the light of the first.
Všechno naopak začne být jasnější.	On the contrary, everything becomes brighter.
V Americe i většině světa jsou však ceny léků stále přemrštěné a šíření poznatků se přísně omezuje.	Yet, in America and most of the world, drug prices are still exorbitant and the spread of knowledge is tightly limited.
Je to dáno tím, že jsme vytvořili patentový systém, který dává inovátorům dočasný monopol na to, co vytvářejí, což je motivuje k tomu, aby své poznatky „křečkovali“, protože jinak pomohou konkurentům.	That is because we have created a patent system that gives innovators a temporary monopoly over what they create, which encourages them to hoard their knowledge, lest they help a competitor.
Tento systém sice poskytuje stimuly k určitým typům výzkumu tím, že zajišťuje ziskovost inovací, ale zároveň umožňuje farmaceutickým společnostem šroubovat ceny vzhůru, přičemž stimuly nemusí nutně odpovídat společenskému přínosu.	While this system does provide incentives for certain kinds of research by making innovation profitable, it allows drug companies to drive up prices, and the incentives do not necessarily correspond to social returns.
Ve zdravotnickém sektoru může být ziskovější zaměřit výzkum na vývoj léků „me-too“ (tedy léků, které jen modifikují původní účinnou látku) než na vývoj léčby, jež skutečně něco změní.	In the health-care sector, it may be more profitable to devote research to a “me-too” drug than to the development of a treatment that really makes a difference.
Patentový systém může na inovace dokonce působit nepříznivě, protože podporuje utajování, ačkoliv nejdůležitějším vkladem do jakéhokoliv výzkumu jsou předchozí nápady.	The patent system may even have adverse effects on innovation, because, while the most important input into any research is prior ideas, the patent system encourages secrecy.
Řešením vysokých cen i špatně orientovaného výzkumu je nahrazení současného modelu fondem odměn podporovaným vládou.	A solution to both high prices and misdirected research is to replace the current model with a government-supported prize fund.
V takovém systému získávají inovátoři za nové poznatky odměny, ale nemají monopol na jejich užívání.	With a prize system, innovators are rewarded for new knowledge, but they do not retain a monopoly on its use.
Síla konkurenčních trhů může tímto způsobem zajistit, že jakmile se lék vyvine, začne být dostupný za nejnižší možnou cenu – ne za nafouknutou cenu monopolní.	That way, the power of competitive markets can ensure that, once a drug is developed, it is made available at the lowest possible price – not at an inflated monopoly price.
Někteří američtí zákonodárci se naštěstí o tento přístup silně zajímají.	Fortunately, some US lawmakers are taking a strong interest in this approach.
Kongresový návrh Zákona o fondu odměn pro boj proti HIV/AIDS, který předložil senátor Bernie Sanders, je právě takovou iniciativou.	The Prize Fund for HIV/AIDS Act, a congressional bill introduced by Senator Bernie Sanders, is just such an initiative.
Jeho návrh obsahuje rovněž důležité ustanovení na podporu open-source výzkumu, které by posunulo současný výzkumný model od tajnůstkářství ke sdílení informací.	His bill also contains an important provision aimed at encouraging open-source research, which would move the current research model away from secrecy toward sharing.
Celosvětově však náš systém inovací potřebuje mnohem zásadnější změny.	But, globally, our innovation system needs much bigger changes.
Snaha WHO o podporu rozsáhlých reforem na mezinárodní úrovni je v tomto směru klíčová.	The WHO’s efforts to encourage broad reforms at the international level are crucial.
Letos na jaře zveřejnila WHO zprávu, která doporučuje řešení podobná americkému návrhu zákona, ovšem na globální úrovni.	This spring, the WHO released a report that recommends solutions similar to those proposed in the US Senate bill, but on a global level.
A co je důležité, zpráva s názvem Výzkum a vývoj za účelem uspokojení zdravotních potřeb v rozvojových zemích doporučuje všestranný přístup včetně povinných příspěvků vlád do fondu na výzkum zdravotních potřeb rozvojových zemí, mezinárodní koordinace zdravotnických priorit a jejich zavádění do praxe a vytvoření globálního monitorovacího orgánu, který by sledoval, kde jsou potřeby největší.	Importantly, the report, “Research and Development to Meet Health Needs in Developing Countries,” recommends a comprehensive approach, including mandatory funding contributions from governments for research on developing countries’ health needs; international coordination of health-care priorities and implementation; and a global observatory that would monitor where needs are greatest.
Na konci května bude mít mezinárodní společenství příležitost započít s realizací těchto myšlenek na Schůzi WHO o světovém zdraví – pro veřejná zdravotnictví všude na světě to bude okamžik naděje.	In late May, the international community will have a chance to begin implementing these ideas at the WHO World Health Assembly – a moment of hope for public health around the world.
Reforma našeho systému inovací není jen ekonomickou otázkou.	Reforming our innovation system is not just a matter of economics.
V mnoha případech je to otázka života a smrti.	It is, in many cases, a matter of life and death.
Proto je nezbytné oddělit motivaci k výzkumu a vývoji od cen léků a podporovat širší sdílení vědeckých poznatků.	It is therefore essential to de-link R&D incentives from drug prices, and to promote greater sharing of scientific knowledge.
Pro Spojené státy znamená Sandersův návrh zákona důležitý krok vpřed.	For America, the Sanders bill marks important progress.
Pro svět představují doporučení WHO příležitost, jaká se naskytne jednou za generaci – příležitost k nápravě dlouhodobé a do očí bijící nespravedlnosti ve zdravotnictví a v širším plánu i k vytvoření takového modelu řízení globálních veřejných statků, jaký bude odpovídat éře globalizace.	For the world, the WHO’s recommendations represent a once-in-a-generation opportunity to remedy a long-standing and egregious inequity in health care, and, more broadly, to set a model for governance of global public goods befitting an era of globalization.
Nevyužít této příležitosti si nemůžeme dovolit.	We cannot afford to let this opportunity pass us by.
	
Duchem nepřítomní zabijáci	Absent-Minded Killers
Lidské bytosti mají jako biologický druh vážný problém se sebeovládáním.	As a species, human beings have a major self-control problem.
My lidé v současnosti ve všech částech světa rybaříme, lovíme zvěř, kácíme stromy a pěstujeme plodiny tak agresivně, že ostatní druhy doslova vyháníme z planety.	We humans are now so aggressively fishing, hunting, logging, and growing crops in all parts of the world that we are literally chasing other species off the planet.
Naše náruživá touha brát si z přírody vše, co jen lze, ponechává ostatním formám života žalostně málo.	Our intense desire to take all that we can from nature leaves precious little for other forms of life.
Světové vlády v roce 1992, kdy poprvé slíbily řešit člověkem způsobené globální oteplování, také slavnostně prohlásily, že budou předcházet lidskou činností vyvolanému vymírání ostatních druhů.	In 1992, when the world’s governments first promised to address man-made global warming, they also vowed to head off the human-induced extinction of other species.
Úmluva o biologické rozmanitosti, schválená na Summitu Země v Riu, potvrdila, že „biologická rozmanitost je společným zájmem lidstva“.	The Convention on Biological Diversity, agreed at the Rio Earth Summit, established that “biological diversity is a common concern of humanity.”
Signatáři se dohodli na ochraně biologické rozmanitosti prostřednictvím záchrany druhů a jejich přirozeného prostředí a na využívání přírodních zdrojů (např. lesů) udržitelným způsobem.	The signatories agreed to conserve biological diversity, by saving species and their habitats, and to use biological resources (e.g., forests) in a sustainable manner.
V roce 2002 šli signatáři úmluvy ještě dál a zavázali se k „podstatnému snížení současného tempa ubývání biodiverzity“ do roku 2010.	In 2002, the treaty’s signatories went further, committing to “a significant reduction in the current rate of biodiversity loss” by 2010.
Naneštěstí Úmluva o biologické rozmanitosti, tak jako mnoho jiných mezinárodních dohod, zůstává v podstatě neznámá, neprosazovaná a neplněná.	Unfortunately, like so many other international agreements, the Convention on Biological Diversity remains essentially unknown, un-championed, and unfulfilled.
Tato nedbalost je tragédií člověka.	That neglect is a human tragedy.
Za velice nízký – ba celkově snad vůbec žádný – peněžní výdaj, bychom mohli zachovat přírodu a tím ochránit základ vlastních životů a živobytí.	For a very low cash outlay – and perhaps none at all on balance – we could conserve nature and thus protect the basis of our own lives and livelihoods.
Nevybíjíme ostatní druhy proto, že bychom museli, ale proto, že jsme příliš nedbalí, než abychom jednali jinak.	We kill other species not because we must, but because we are too negligent to do otherwise.
Vezměme si dva neblaze proslulé příklady.	Consider a couple of notorious examples.
Některé bohaté země, například Španělsko, Portugalsko, Austrálie a Nový Zéland, mají rybářskou flotilu, která provádí takzvané „vláčení sítí po dně“.	Some rich countries, such as Spain, Portugal, Australia, and New Zealand, have fishing fleets that engage in so-called “bottom trawling.”
Trawlery táhnou těžké vlečné sítě po mořském dně a ničí při tom úžasné, neprozkoumané a ohrožené mořské druhy.	Bottom trawlers drag heavy nets over the ocean bottom, destroying magnificent, unexplored, and endangered marine species in the process.
Složité a unikátní ekologické útvary, v prvé řadě hlubinné sopky známé jako podmořské hory, jsou rvány na padrť proto, že používání vlečných sítí je „nízkonákladový“ způsob, jak vylovit několik druhů hlubinných druhů ryb.	Complex and unique ecologies, most notably underground volcanoes known as seamounts, are ripped to shreds, because bottom trawling is the “low cost” way to catch a few deep sea fish species.
Jeden z těchto druhů, červenice obecná, se komerčně loví teprve asi čtvrtstoletí, ale už je vychytána až na pokraj kolapsu.	One of these species, orange roughy, has been caught commercially for only around a quarter-century, but already is being fished to the point of collapse.
Obdobně se kvůli dobývání pastvin a pěstování potravinových plodin v mnoha částech světa mýtí tropické deštné lesy.	Likewise, in many parts of the world, tropical rainforest is being cleared for pasture land and food crops.
Důsledkem je rozsáhlý zánik přirozeného prostředí a zkáza biologických druhů, přinášející chabý ekonomický přínos za obrovskou společenskou cenu.	The result is massive loss of habitat and destruction of species, yielding a tiny economic benefit at a huge social cost.
Po vykácení pásu deštného lesa se často z půdy rychle vyplaví živiny, takže nedokáže uživit plodiny ani výživné traviny pro hospodářská zvířata.	After cutting down a swath of rainforest, soils are often quickly leached of their nutrients so that they cannot sustain crops or nutritious grasses for livestock.
Nové pastviny či zemědělská půda se tudíž rychle opouštějí, bez vyhlídky na obnovu původního pralesa a jeho jedinečných ekosystémů.	As a result, the new pasture land or farmland is soon abandoned, with no prospect for regeneration of the original forest and its unique ecosystems.
Vzhledem k tomu, že cena těchto činností je tak vysoká a jejich přínosy tak malé, bylo by snadné je zastavit.	Because these activities’ costs are so high and their benefits so low, stopping them would be easy.
Vláčení sítí po dně by se jednoduše mělo postavit mimo zákon; bylo by snadné a nepříliš nákladné rybářskému průmyslu během přechodu k jiným činnostem vyplácet kompenzace.	Bottom trawling should simply be outlawed; it would be simple and inexpensive to compensate the fishing industry during a transition to other activities.
Na druhé straně mýcení lesů by zřejmě nejlépe zastavily hospodářské pobídky, možná ve spojení s regulačními limity.	Forest clearing, on the other hand, is probably best stopped by economic incentives, perhaps combined with regulatory limits.
Prosté omezení praxe mýcení nových ploch by se pravděpodobně neosvědčilo, poněvadž farmařící rodiny a komunity by byly v obrovském pokušení zákonné limity obcházet.	Simply restricting the practice of land clearing probably would not work, since farm families and communities would face a strong temptation to evade legal limits.
Naproti tomu finanční pobídky by zřejmě uspěly, protože vykácet les kvůli získání pastviny není natolik výnosné, aby to zemědělce přimělo vzdát se výplat za ochranu půdy.	On the other hand, financial incentives would probably succeed, because cutting down forest to create pastureland is not profitable enough to induce farmers to forego payments for protecting the land.
Mnoho států s deštnými pralesy se v posledních letech sjednotilo, aby bohatým zemím navrhly vytvoření fondu na ochranu deštných pralesů, který by chudým drobným farmářům vyplácel malý peněžní obnos za ochranu lesa.	Many rainforest countries have united in recent years to suggest the establishment of a rainforest conservation fund by the rich countries, to pay impoverished small farmers a small amount of money to preserve the forest.
Dobře navržený fond by zpomalil nebo zastavil odlesňování, chránil biodiverzitu a snižoval emise oxidu uhličitého vznikající pálením vykácených lesů.	A well-designed fund would slow or stop deforestation, preserve biodiversity, and reduce emissions of carbon dioxide the burning of cleared forests.
Zároveň by drobní farmáři získali stálý příjem, který by mohli použít na mikroinvestice k pozvednutí bohatství, vzdělání a zdraví své domácnosti.	At the same time, small farmers would receive a steady flow of income, which they could use for micro-investments to improve their household’s wealth, education, and health.
Kromě zákazu vláčení sítí po mořském dně a založení globálního fondu pro neuskutečněné odlesňování bychom měli stanovit globální síť chráněných mořských oblastí, v nichž by nebylo dovoleno rybařit, plavit se na člunech, znečisťovat, narušovat dno a provádět vrty nebo jiné činnosti s negativními dopady.	Aside from banning bottom trawling and establishing a global fund for avoided deforestation, we should designate a global network of protected marine areas, in which fishing, boating, polluting, dredging, drilling, and other damaging activities would be prohibited.
Takové oblasti nejenže by umožňovaly regeneraci druhů, ale také by zajistily ekologické přínosy, které by se přelévaly i do sousedních nechráněných míst.	Such areas not only permit the regeneration of species, but also provide ecological benefits that spill over to neighboring unprotected areas.
Dále potřebujeme řádný vědecký proces, který by světu předkládal důkazy o hojnosti a vymírání druhů, tak jako dnes máme obdobný proces ohledně změny klimatu.	We also need a regular scientific process to present the world with the evidence on species abundance and extinction, just as we now have such a process for climate change.
Politici jednotlivým vědcům nenaslouchají příliš pozorně, ale promluví-li jednotným hlasem stovky vědců, jsou nuceni naslouchat.	Politicians don’t listen very well to individual scientists, but they are forced to listen when hundreds of scientists speak with a united voice.
Konečně, svět by měl nejpozději do roku 2010 vyjednat nový rámec pro zpomalení člověkem vyvolané změny klimatu.	Finally, the world should negotiate a new framework no later than 2010 to slow human-induced climate change.
Jen stěží lze pochybovat, že právě změna klimatu představuje pro přežití druhů jedno z největších rizik.	There can be little doubt that climate change poses one of the greatest risks to species’ viability.
Jak se planeta ohřívá a vzorce dešťů a bouří se dramaticky mění, mnohé druhy se ocitnou v podnebných pásech, které už nebudou vhodné k jejich přežití.	As the planet warms, and rain and storm patterns change dramatically, many species will find themselves in climate zones that no longer support their survival.
Některé se mohou přemístit, ale jiné (například lední medvědi) budou pravděpodobně dohnáni k vyhynutí, jestliže nevyvineme rozhodnou činnost k odvrácení změny klimatu.	Some can migrate, but others (such as polar bears) are likely to be driven to extinction unless we take decisive action to head off climate change.
Tato opatření jsou uskutečnitelná do roku 2010.	These measures are achievable by 2010.
Jsou cenově dostupná a ve všech případech by nakonec zajistila obrovské čisté přínosy.	They are affordable, and in each case would ultimately deliver large net benefits.
Nejdůležitější je, že by nám umožnila splnit globální slib.	Most importantly, they would allow us to follow through on a global promise.
Je příliš bolestné věřit, že by lidstvo zničilo miliony jiných druhů – a ohrozilo svou vlastní budoucnost – v záchvatu roztržité nepozornosti.	It is too painful to believe that humanity would destroy millions of other species – and jeopardize our own future – in a fit of absent-mindedness.
	
Jak překlenout propast v dostupnosti finančních služeb	Closing the Financial Services’ Accessibility Gap
KAMPALA – Ve Velké Británii se v červenci konal vůbec první Globální summit o osobách s postižením, který má pomoci obrátit pozornost světa na potřeby lidí se zdravotním postižením.	KAMPALA – Last month, the United Kingdom hosted the first-ever Global Disability Summit to help focus the world’s attention on the needs of people with disabilities.
Agenda byla plná témat, jako jsou budování spravedlivého školství, ukončení diskriminace nebo zpřístupnění technologií hendikepovaným komunitám – zejména v chudých zemích globálního Jihu.	The agenda was packed with topics like building equitable education, ending discrimination, and bringing technology to disabled communities – especially poor countries in the Global South.
Jeden problém si však zaslouženou pozornost nezískal, přestože jde o často přehlíženou složku rozvojové politiky: přístup k finančním službám.	But one challenge that did not receive the attention it deserved is an often-overlooked component of development policy: access to financial services.
Je to promarněná příležitost – nejen pro miliardu lidí s postižením, kteří na světě žijí, ale i pro instituce, jež by jim měly sloužit.	This was a missed opportunity – not only for the world’s one billion disabled people, but also for the institutions that should be serving them.
Zvýšení dostupnosti finančních služeb je dobré pro podnikání a hospodářský růst.	Increasing the accessibility of financial services is good for business and economic growth.
Průzkum provedený bankou Barclays zjistil, že když klienti s postižením dokážou spravovat své peníze, ekonomická zranitelnost klesá a celkové ekonomické zdraví zaznamenává zlepšení.	According to research by Barclays, when customers with disabilities are able to manage their money, economic vulnerability declines and overall economic health improves.
Takzvaný hendikepovaný trh, jehož disponibilní příjem převyšuje bilion dolarů, navíc patří mezi největší potenciální klientské báze na světě.	Moreover, with more than $1 trillion in disposable income, the so-called disability market is among the biggest potential client bases in the world.
Jinými slovy mají poskytovatelé finančních služeb všechny důvody vycházet postiženým osobám vstříc.	In other words, financial-service providers have every reason to cater to people with disabilities.
Proč tedy většina firem dělá pravý opak?	Why, then, are most businesses doing just the opposite?
Jedním z důvodů je nedostatek povědomí.	One reason is a lack of awareness.
Jelikož postižení lidé obvykle mají nižší příjem než jejich zdravé protějšky, postrádají poskytovatelé služeb často motivaci je podporovat.	Because people with disabilities typically have less income than their nondisabled peers, service providers have often lacked an incentive to extend support to them.
V době, kdy se větší pozornost věnuje celkovému tržnímu potenciálu, však i finanční instituce začínají přizpůsobovat svá produktová portfolia.	But, with more attention being paid to total market potential, financial institutions are starting to adjust their product lines accordingly.
Přitom je potřeba vyřešit čtyři problémy, aby se maximalizovaly přínosy pro klienty, kteří mají problémy s přístupem.	As they do, four issues must be addressed to maximize the benefits for customers with accessibility challenges.
Za prvé se musí firmy poskytující finanční služby více snažit o pochopení potřeb současných a budoucích klientů.	First, financial-services companies must work harder to understand the needs of current and future clients.
Bude-li například banka působící na určitém trhu vybavená kvalitnějšími daty, mohla by zlepšit dostupnost svých platforem mobilního bankovnictví.	For example, with better data, a bank in a particular market could improve the accessibility of its mobile-banking platforms.
V podstatě přesně toto se stalo loni v Standard Chartered Bank v Indii, když zaměstnanci vymysleli systém hlasové asistence, který pomáhá zákazníkům s poškozením zraku v přístupu k internetovým účtům.	This is essentially what happened at Standard Chartered Bank in India last year, when employees developed a voice-assisted system to help visually impaired customers access their accounts online.
Kvalitní data jsou také nezbytnou podmínkou efektivity aktivistických skupin vyvíjejících na poskytovatele nátlak, aby zlepšili své služby.	Good data are also essential to the effectiveness of advocacy groups as they push providers to improve their services.
Za druhé se angažovanost nesmí zastavit u inovativních produktů, ale musí se rozšířit i na trh práce.	Second, engagement must not stop with innovative products; it must also be extended to the labor market.
Jednoduše řečeno by sektor finančních služeb měl najmout více osob s postižením tím, že bude investovat do asistenčních technologií, jako jsou čtečky Braillova písma nebo alternativní a rozšiřující komunikační zařízení.	Simply put, the financial-services industry should hire more people with disabilities by investing in assistive technologies like braille readers and alternative and augmentative communication devices.
Potřeba diverzifikovat pracovní sílu je obzvláště akutní ve Spojených státech, kde má nějaké postižení každý pátý člověk.	The need to diversify the workforce is particularly acute in the United States, where one in five people has a disability.
Za třetí musí být lidé s postižením vždy začleněni do diskusí o otázce, jakým způsobem rozšiřovat a posilovat finanční nezávislost.	Third, people with disabilities must always be included in discussions about how to expand and strengthen financial independence.
V roce 2013, kdy Lloyds Banking Group sestavila účelovou skupinu zkoumající dopady demence na chování zákazníků, vedlo angažmá s klienty ke vzniku charty o finančních službách dostupných pro osoby s demencí.	In 2013, when the Lloyds Banking Group convened a focus group to examine the effects of dementia on customer behavior, engagement with clients led to the charter on Dementia-friendly Financial Services.
Tento inovativní dokument kodifikoval způsob, jímž by banky měly šít své produkty na míru klientům s poškozenými kognitivními funkcemi.	This innovative document codified how banks should tailor products to clients with cognitive impairments.
Budoucí iniciativy by se měly tohoto kolaborativního modelu držet, a tím zajistit, aby rozhodovací proces na všech úrovních usnadňovala řešení zaměřená na člověka.	Future initiatives should follow this collaborative model to ensure that decision-making at all levels is facilitated by human-centered design.
A konečně platí, že se k řešení tohoto problému musí přihlásit i vlády – například tím, že napodobí postup zemí, jako je Velká Británie, která spojila otázku poskytování služeb postiženým osobám s financováním rozvoje.	And, lastly, governments must commit to addressing this issue, by emulating the action of countries like the UK, which has linked services for the disabled to development funding.
Při správné podpoře může být pokrok v těchto složitých otázkách bleskurychlý; například v organizaci Financial Sector Deepening Uganda, kde pracuji, využíváme peněz z britské pomoci na rozšiřování finančních služeb o postižené osoby ve venkovských komunitách.	With the right support, progress on these complex challenges can be sweeping; for example, at Financial Sector Deepening Uganda, where I work, we are using British aid money to extend financial services to the disabled in rural communities.
Naší vizí je podněcovat vznik podobných programů i v mnoha dalších zemích po celém světě.	Our vision is to encourage the emergence of similar programs in many other countries around the world.
V době, kdy již 91 států ratifikovalo Dobrovolný protokol k Úmluvě OSN o právech osob se zdravotním postižením, je zřejmé, že tyto iniciativy mají obrovskou politickou podporu.	With 91 countries having already ratified the Optional Protocol to the Convention on the Rights of Persons with Disabilities, it is clear that there is plenty of political support for these initiatives.
Úkolem pro dnešek je přetavit závazky v akci.	The challenge now is to turn pledges into action.
V nadcházejících desetiletích světová populace osob s postižením poroste, jelikož lékařské pokroky umožní lidem žít déle, zdravěji a plněji.	In the coming decades, the world’s disabled population will grow as medical advances allow people to live longer, healthier, fuller lives.
Poskytování přístupu k finančním službám a produktům postiženým osobám patří mezi nejlepší způsoby, jak je bránit proti diskriminaci a podporovat dlouhodobé posilování jejich postavení.	Providing the disabled with access to financial services and products is among the best ways to guard against discrimination and nurture long-term empowerment.
Plná finanční inkluze bude pro komunitu, která bývá často označována za „nejrychleji rostoucí menšinu na světě“, postupovat pomalu.	Full financial inclusion will come slowly for a community often referred to as the “fastest-growing minority group in the world.”
Úkolem pro aktivisty, podporovatele, osvícené podnikatelské lídry a politiky je zdůrazňovat sociální a ekonomické přínosy úspěchu.	The task for activists, advocates, enlightened business leaders, and policymakers is to highlight the social and economic benefits of success.
	
Chirurgická léčba pro všechny	Surgery for All
BOSTON – Když jsem si během nedávné cesty do Indie zastavil rikšu, záhy jsem si všiml, že na ní šlape muž s pochroumanou nohou.	BOSTON – On a recent trip to India, I hailed a rickshaw that was pedaled, I soon noticed, by a man with a lame leg.
Prozradil mi, že ho o pár týdnů dříve srazil v rušných ulicích Dillí automobil.	It turns out that a few weeks earlier, the driver had been hit by a car while navigating the busy streets of New Delhi.
Ačkoliv se mu podařilo získat v místní lékárně léky na ukrutnou bolest – nejspíš proto, že měl zlomenou nohu –, neměl dost času ani peněz na to, aby vyhledal chirurga.	Although he had managed to obtain medication from a local pharmacy for the agonizing pain – probably because his leg was broken – he could spare neither the time nor the money to see a surgeon.
Tyto tragické počty jsou zarážejícím způsobem běžné.	This type of tragic calculus is strikingly common.
Komise Lancet pro globální chirurgii odhaduje, že přibližně pět miliard lidí – téměř 70% světové populace – postrádá přístup k bezpečné a dostupné chirurgické a anesteziologické péči, přičemž 33 milionů lidí je zatíženo nesnesitelně vysokými zdravotnickými výdaji.	The Lancet Commission on Global Surgery estimates that some five billion people – almost 70% of the world’s population – lack access to safe, affordable surgical and anesthetic care, while 33 million people are saddled with unbearably high health expenses.
Není nijak překvapivé, že nepoměrně více trpí chudí lidé z celého světa: ačkoliv v nízkopříjmových zemích žije téměř 35% lidstva, provádí se v nich pouhých 3,5% chirurgických zákroků.	Not surprisingly, the global poor suffer disproportionately: while low-income countries are home to close to 35% of humanity, they account for just 3.5% of all surgical procedures.
Jednu z největších překážek dosažení všeobecného pokrytí zdravotním pojištěním – které Organizace spojených národů označila za globální cíl – představuje financování.	One of the biggest obstacles to achieving universal health coverage – which the United Nations has declared a global goal – is financing.
A jakkoliv to může znít paradoxně, jedním z nejlepších způsobů, jak mohou vlády získat peníze potřebné k rozšíření pojistného pokrytí, je zajištění vyšší dostupnosti chirurgické péče.	And, paradoxical as it may sound, one of the best ways that governments can get the money they need to expand coverage is by making surgery more widely available.
Zdravotní problémy, u nichž se hraje o čas – jako jsou zranění při tragických nehodách nebo těhotenské komplikace –, se v nízkopříjmových a středněpříjmových zemích řadí mezi hlavní příčiny úmrtí a trvalého postižení.	Time-sensitive health problems – such as injuries from traffic accidents and pregnancy-related complications – are among the leading causes of death and disability in low- and middle-income countries.
Ekonomické produktivitě však škodí i neléčené nebo špatně léčené problémy vyžadující chirurgický zákrok.	But untreated or undertreated conditions requiring surgery also hurt economic productivity.
Například studie časopisu Lancet odhadla, že neschopnost zkvalitnit chirurgickou péči v rozvojových zemích se do roku 2030 projeví ve ztrátě 12,3 bilionu dolarů v podobě ztraceného hospodářského výkonu.	For example, the Lancet study estimated that the failure to improve surgical care in developing countries would translate into $12.3 trillion of lost economic output by 2030.
Neschopnost udržet silné chirurgické kapacity by zároveň mohla podkopat i ekonomické zisky středněpříjmových zemí, což by mohlo snížit celkový růst HDP přibližně o 2% ročně.	Failure to maintain strong surgical capacity could even undercut economic gains made by middle-income countries, reducing total GDP growth by approximately 2% annually.
Mnoho nejvyšších představitelů vnímá situaci tak, že poskytování chirurgické péče není trvale udržitelné ani nákladově efektivní.	For many leaders, the common perception is that provision of surgical care is not sustainable or cost-effective.
Jakmile musí vlády činit obtížná rozpočtová rozhodnutí, často upřednostňují programy, které bojují s infekčními a chronickými nemocemi, přičemž lidi, jako byl řidič mé rikši, ponechávají na holičkách.	When faced with tough budget choices, governments often favor programs that combat infectious and chronic diseases, leaving people like my rickshaw driver in the lurch.
Existují však stále přesvědčivější důkazy, že takové názory jsou pomýlené.	But a growing body of evidence suggests that these views are misplaced.
Když výzkumníci z Lékařské fakulty Harvardovy univerzity analyzovali chirurgické zákroky v nízkopříjmových a středněpříjmových zemích, odhalili pozoruhodný rozpor mezi ekonomickými předpoklady a realitou.	When researchers at the Harvard Medical School analyzed surgical interventions in low- and middle-income countries, they found a remarkable disconnect between economic assumptions and reality.
Například vypočítali, že peníze vynaložené na císařské řezy a operace kloubů mají vyšší návratnost než výdaje na řešení HIV či srdečních onemocnění.	For example, they calculated that money spent on cesarean sections and joint surgeries yields higher returns than spending on the management of HIV or heart disease.
Jistě, i chronické a nakažlivé nemoci vyžadují naši pozornost; zdravotnické systémy nemůžeme restrukturalizovat přes noc a ani k lidem léčeným na nechirurgické choroby bychom se neměli odvracet zády.	To be sure, chronic and infectious diseases need our attention, too; we cannot restructure health systems overnight, nor should we turn our backs on those being treated for non-surgical illnesses.
Reformy, které se více zaměřují na význam chirurgie, by však pozvedly ekonomickou produktivitu a pomohly vytvořit spravedlivější zdravotnictví pro všechny.	But reforms that focus more attention on the importance of surgery would boost economic productivity and help create more equitable health care for everyone.
Pro začátek by ministerstva zdravotnictví a lékařské organizace měly oficiálně uznat, že chirurgická a anesteziologická péče představují nezbytnou součást všeobecného zdravotního pojištění.	For starters, health ministries and physician organizations should formally recognize that surgical and anesthetic care are an essential part of universal health coverage.
Za tímto účelem budou muset poskytovatelé zdravotní péče zkvalitnit sběr a analýzu údajů o výsledcích chirurgické péče, což by zprůhlednilo informace o úmrtnosti a nemocnosti a posílilo celkovou zodpovědnost.	To make this case, health-care providers will need to improve their collection and analysis of data on surgical outcomes, which would increase transparency on mortality and morbidity and strengthen overall accountability.
Rozhodování o tom, jak rozšířit služby, by se mohlo řídit klíčovými ukazateli lancetské komise o „připravenosti“, „poskytování“ a „dopadu“ chirurgické péče.	Decisions about how to expand services could be guided by the Lancet commission’s core indicators on “preparedness,” “delivery,” and “impact” of surgical care.
Za druhé by země uvažující o všeobecném pojištění měly v zájmu sdružení rizik a obrany proti překročení nákladů zařadit chirurgickou péči do veřejně financovaných plánů.	Second, to pool risk and guard against cost overruns, countries that are considering universal coverage policies should put surgical care under publicly financed plans.
Část financí určených na rozšíření chirurgických služeb by sice mohla pocházet z daní, avšak poskytovatelé zdravotní péče by zároveň mohli zkoumat novátorské možnosti financování – například „modely sociální spravedlnosti“, v jejichž rámci lidé platí podle svých možností.	While some funding for expanding surgical services could come from taxation, health-care providers should also explore innovative financing options – such as “social justice models,” whereby people pay according to their means.
A konečně by nemocnice měly za účelem zefektivnění zdrojů a rozšíření chirurgických kapacit zkoumat možnosti sdílení povinností, kdy se neakutní případy předávají licencovaným sestrám a asistentům lékařů.	Finally, to streamline resources and increase surgical capacity, hospitals should explore task-sharing, whereby non-emergency cases are referred to licensed nurses and physician assistants.
Mezi dlouhodobější strategie pak patří vyšší investice do lékařského vzdělání, aby se rozšířily řady lékařů a chirurgů.	Longer-term strategies include investing more in medical education to bolster the ranks of doctors and surgeons.
Hnacím motorem ohromného hospodářského pokroku, který řada rozvojových zemí v posledních desetiletích udělala, byly do značné míry jejich pulzující, mladé a ctižádostivé populace.	The tremendous economic progress that many developing countries have made in recent decades has been largely driven by vibrant, young, and ambitious populations.
Jedním z nejefektivnějších způsobů, jak tento růst a rozvoj udržet, je přitom zajištění přístupu k bezpečné a dostupné zdravotní péči – včetně chirurgické léčby.	One of the most effective ways to maintain this growth and development is to ensure access to safe and affordable healthcare – including surgery.
Náklady na její poskytování jsou možná vysoké, avšak náklady na její neposkytnutí jsou ještě vyšší.	While the cost of providing it may be high, the cost of not providing it is even higher.
	
Znečišťovatelé musí platit	Polluters Must Pay
NEW YORK – Když firma BP a její těžební společníci roku 2010 způsobili v Mexickém zálivu havárii plošiny Deepwater Horizon, vláda Spojených států požadovala, aby BP financovala sanaci ropné skvrny, odškodnila ty, kdo utrpěli škody, a zaplatila trestní sankce za porušení norem, jež ke katastrofě vedly.	NEW YORK – When BP and its drilling partners caused the Deepwater Horizon oil spill in the Gulf of Mexico in 2010, the United States government demanded that BP finance the cleanup, compensate those who suffered damages, and pay criminal penalties for the violations that led to the disaster.
Na nápravu a pokuty už BP vyčlenila přes 20 miliard dolarů.	BP has already committed more than $20 billion in remediation and penalties.
Na základě vyrovnání z minulého týdne teď BP zaplatí nejvyšší trestní sankci v dějinách USA – 4,5 miliardy dolarů.	Based on a settlement last week, BP will now pay the largest criminal penalty in US history – $4.5 billion.
Tytéž standardy pro nápravu ekologických škod je třeba uplatnit na globální společnosti působící v chudších zemích, kde v porovnání s vládami mají zhusta natolik silnou moc, že řada z nich jedná beztrestně a s malou či nulovou zodpovědností pustoší životní prostředí.	The same standards for environmental cleanup need to be applied to global companies operating in poorer countries, where their power has typically been so great relative to that of governments that many act with impunity, wreaking havoc on the environment with little or no accountability.
Jelikož vstupujeme do nové éry udržitelného rozvoje, beztrestnost se musí změnit v zodpovědnost.	As we enter a new era of sustainable development, impunity must turn to responsibility.
Znečišťovatelé musí platit, v zemích bohatých i chudých.	Polluters must pay, whether in rich or poor countries.
Velké společnosti musí přijmout odpovědnost za své konání.	Major companies need to accept responsibility for their actions.
Korunním příkladem ekologické beztrestnosti firem je Nigérie.	Nigeria has been Exhibit A of corporate environmental impunity.
Přední ropné společnosti, mimo jiné Shell, ExxonMobil a Chevron, už desítky let těží ropu v deltě Nigeru, ekologicky křehkém prostředí sladkovodních bažinných lesů, mangrovníků, nížinných deštných pralesů a pobřežních bariérových ostrovů.	For decades, major oil companies, including Shell, ExxonMobil, and Chevron, have been producing oil in the Niger Delta, an ecologically fragile environment of freshwater swamp forests, mangroves, lowland rainforests, and coastal barrier islands.
Tento bohatý habitat je domovem pozoruhodné druhové pestrosti – anebo byl, než přišly ropné společnosti – a více než 30 milionů domorodých obyvatel, jejichž zdraví a živobytí závisí právě na lokálních ekosystémech.	This rich habitat supports remarkable biodiversity – or did before the oil companies got there – and more than 30 million local inhabitants, who depend on the local ecosystems for their health and livelihoods.
Před dvaceti lety Mezinárodní svaz ochrany přírody a přírodních zdrojů (IUCN) klasifikoval deltu Nigeru jako region s vysokou biodiverzitou mořské a pobřežní flóry a fauny (druhů stromů, ryb, ptáků, savců a dalších forem života), a proto její ochraně přiřadil velmi vysokou prioritu.	Twenty years ago, the International Union for Conservation of Nature and Natural Resources classified the Niger Delta as a region of high biodiversity of marine and coastal flora and fauna – tree species, fish, birds, and mammals, among other forms of life – and therefore rated it as a very high priority for conservation.
Zároveň ovšem poznamenal, že druhová pestrost v regionu je masivně ohrožena, přičemž její ochrana je přinejlepším slabá.	Yet it also noted that the region’s biodiversity was under massive threat, with little or no protection.
Globální firmy podnikající v deltě desítky let způsobují úniky ropy a hoření zemního plynu, bez ohledu na přirozené prostředí a místní komunity, zbídačené a otrávené jejich činností.	The global companies operating in the delta have spilled oil and flared natural gas for decades, without regard for the natural environment and the communities impoverished and poisoned by their actions.
Jeden odhad vyčíslil úhrnný únik za posledních 50 let na přibližně 10 milionů barelů – dvojnásobek úniku po havárii BP.	One estimate puts the cumulative spills over the past 50 years at approximately 10 million barrels – twice the size of the BP spill.
Data jsou nejistá: v daném období došlo k mnoha tisícům úniků, často nedbale zaznamenaných – jejich rozsah se zakrýval nebo jej jednoduše nezjišťovaly ani firmy, ani vláda.	The data are uncertain: there have been many thousands of spills during this period – often poorly documented and their magnitude hidden or simply unmeasured by either the companies or the government.
Ostatně právě když na BP dopadaly nové trestní sankce, ExxonMobil ohlásil další únik z ropovodu v deltě Nigeru.	Indeed, just as BP was being hit with new criminal penalties, ExxonMobil announced yet another pipeline leak in the Niger Delta.
Environmentální zkáza delty je součástí obecnějšího příběhu: zkorumpované firmy podnikají ruku v ruce se zkorumpovanými vládními činiteli.	The environmental destruction of the delta is part of a larger saga: corrupt companies operating hand in hand with corrupt government officials.
Firmy rutinně uplácejí úředníky, aby získaly ropné koncese, lžou ohledně objemu těžby a vyhýbají se daním a zodpovědnosti za škody na životním prostředí, jež způsobují.	The companies routinely bribe officials to gain oil leases, lie about output, evade taxes, and dodge responsibility for the environmental damage that they cause.
Za desítky let úplatků od mezinárodních společností, plundrujících přírodní bohatství delty, nigerijští představitelé pohádkově zbohatli.	Nigerian officials have become fabulously wealthy, owing to decades of payoffs by international companies that have plundered the delta’s natural wealth.
Na firmu Shell, největšího zahraničního podnikatele v deltě Nigeru, se opakovaně snáší kritika za nehorázné praktiky a neochotu skládat účty za své konání.	Shell, the largest foreign operator in the Niger Delta, has been criticized repeatedly for its egregious practices and its unwillingness to be held to account.
Místní populace přitom zůstává zbídačená a sužovaná chorobami zapříčiněnými nezdravým vzduchem, otrávenou pitnou vodou a znečištěním potravního řetězce.	Meanwhile, the local population has remained impoverished and beset by diseases caused by unsafe air, poisoned drinking water, and pollution in the food chain.
Místní bezpráví vyústilo ve válku gangů a neustálé krádeže ropy ilegálním „napichováním“ ropovodů, které způsobuje další rozsáhlé úniky a časté výbuchy, při nichž umírají desítky lidí, včetně nevinných okolostojících.	Local lawlessness has led to gang warfare and persistent illegal tapping into the pipelines to steal oil, leading to further massive oil spills and frequent explosions that kill dozens, including innocent bystanders.
V koloniální éře bylo dobývání bohatství ze spravovaných území oficiálním účelem imperiální moci.	In the colonial era, it was the official purpose of imperial power to extract wealth from the administered territories.
V postkoloniální době se používají skrytější metody.	In the post-colonial period, the methods are better disguised.
Když ropné firmy v Nigérii či jinde spáchají něco nekalého, ochrání je moc jejich domovských zemí.	When oil companies misbehave in Nigeria or elsewhere, they are protected by the power of their home countries.
Na tyhle společnosti nám nesahejte, slyší ze Spojených států a Evropy.	Don’t mess with the companies, they are told by the United States and Europe.
Ostatně jeden z největších úplatků (údajně 180 milionů dolarů) v poslední době v Nigérii vyplatila firma Halliburton, úzce navázaná na americkou politickou moc.	Indeed, one of the largest bribes (a reputed $180 million) paid in recent times in Nigeria was by Halliburton, a company tightly intertwined with US political power.
(Dick Cheney přešel z pozice výkonného ředitele Halliburtonu na post viceprezidenta USA.)	(Dick Cheney went from being Halliburton’s CEO to the US vice presidency.)
Program OSN pro životní prostředí (UNEP) vydal loni pozoruhodnou zprávu o Ogonilandu, významné etnické domovině v deltě Nigeru, která je epicentrem střetu mezi místními komunitami a mezinárodními ropnými společnostmi.	Last year, the United Nations Environment Program (UNEP) issued a remarkable report on Ogoniland, a major ethnic homeland in the Niger Delta that has been at the epicenter of conflict between local communities and international oil.
Zpráva byla sžíravá i vědecky zřetelná.	The report was as scathing as it was scientifically clear.
Navzdory mnoha dřívějším slibům, že dojde k sanaci, zůstává Ogoniland v environmentální agonii, zbídačený a přiotrávený ropným průmyslem.	Despite many past promises of a cleanup, Ogoniland remains in environmental agony, impoverished and sickened by the oil industry.
UNEP rovněž předložil jasná a podrobná doporučení, včetně tísňových opatření k zajištění nezávadné pitné vody, sanačních postupů zacílených na mangrovníky a půdu, zdravotnických studií zaměřených na zjištění a potlačení důsledků znečištění a nového regulatorního rámce.	UNEP also offered clear and detailed recommendations, including emergency measures to ensure safe drinking water; cleanup activities targeting the mangroves and soils; public-health studies to identify and counteract the consequences of pollution; and a new regulatory framework.
Vlády světa se nedávno dohodly, že přikročí k novému rámci pro udržitelný rozvoj, když v červnu na summitu Rio+20 oznámily záměr přijmout Cíle udržitelného rozvoje.	The world’s governments have recently agreed to move to a new framework for sustainable development, declaring their intention to adopt Sustainable Development Goals at the Rio+20 Summit in June.
Ty nabízejí světu zásadní příležitost nastavit jasné a přesvědčivé standardy chování vlád a firem.	The SDGs offer a critical opportunity for the world to set clear, compelling standards for government and corporate behavior.
Řada významných společností, a to i v ropném průmyslu, vyjádřila ochotu cíle udržitelného rozvoje podpořit.	Many major companies, including in the oil industry, have expressed their readiness to support sustainable development goals.
Vyčištění delty Nigeru by bylo nejpádnějším možným příkladem nové éry přijímání odpovědnosti.	Cleaning up the Niger Delta would provide the strongest possible example of a new age of accountability.
Shell, Chevron, ExxonMobil a další přední ropné firmy by se měly přihlásit a přispět k financování sanace, čímž by zahájily novou éru zodpovědnosti.	Shell, Chevron, ExxonMobil, and other major oil companies should step forward and help to fund the necessary cleanup, ushering in a new era of responsibility.
Hraje se také o to, aby se k zodpovědnosti přihlásila nigerijská vláda.	The Nigerian government’s own accountability is on the line as well.
Je povzbudivé, že v popředí snah o posílení vlády práva v ropném sektoru je v poslední době několik nigerijských senátorů.	It is heartening that several Nigerian senators have recently been in the forefront of efforts to strengthen the rule of law in the oil sector.
Vyčištění delty Nigeru představuje pro Nigérii, ropný průmysl i mezinárodní společenství ideální příležitost přesvědčivě uvázat, že na obzoru je úsvit nové éry.	The cleanup of the Niger Delta provides an ideal opportunity for Nigeria, the oil industry, and the international community to show convincingly that a new age has dawned.
Od teď už udržitelný rozvoj nesmí být jen heslem, ale naopak funkčním přístupem ke globální správě a k prosperitě na namáhané a zalidněné planetě.	From now on, sustainable development must not be a mere slogan, but rather an operational approach to global governance and well-being on a strained and crowded planet.
	
Zodpovědnost za Gazu	Accounting for Gaza
NEW YORK – Rada pro lidská práva Organizace spojených národů tento týden projedná zprávu zjišťovací mise vedené soudcem Richardem Goldstonem, která posuzuje porušování lidských práv během konfliktu v Gaze.	New York – This week the United Nations Human Rights Council will debate the report of the fact-finding mission led by Judge Richard Goldstone on human rights violations in the Gaza conflict.
Doufejme, že půjde o úplné a poctivé posouzení, které se bude opírat o zjištění a doporučení zprávy.	Let us hope it is a full and fair examination based on the report’s findings and recommendations.
Goldstone a jeho tým došli k závěru, že během období konfliktu, jemuž se vyšetřování věnovalo, spáchal válečné zločiny a možná též zločiny proti lidskosti jak Izrael, tak Hamás, palestinská skupina ovládající Gazu.	Goldstone and his team concluded that both Israel and Hamas, the Palestinian group controlling Gaza, committed war crimes and possibly crimes against humanity during the period of the conflict which the investigation addressed.
Zpráva vyzývá k věrohodnému vyšetření údajných porušení práv a doporučuje, aby Rada bezpečnosti OSN od obou stran požadovala, aby jí do šesti měsíců předložily výsledky, včetně trestních řízení, která v souvislosti se zjištěnými delikty proběhnou.	The report calls for credible investigations of alleged rights violations and recommends that the UN Security Council require both sides to report back within six months on the results, including any prosecutions they will carry out in connection with the violations identified.
Pokud požadavek nesplní, Rada bezpečnosti by podle názoru Goldstoneova výboru měla záležitost předat žalobci Mezinárodního trestního soudu v Haagu.	Failure to do so, in the view of Goldstone’s commission, should result in the Security Council referring the matter to the prosecutor for the International Criminal Court in The Hague.
Objevují se bohužel náznaky, že by se vlády namísto debaty o Goldstoneových podrobných zjištěních a o podstatě jeho doporučení jak postupovat dál mohly soustředit spíš na proces, který k vyšetřování vedl, a pokusit se projednávání zprávy omezit.	Unfortunately, rather than debating Goldstone’s detailed findings and the merits of his recommendations on ways to move forward, there are indications that governments may focus instead on the process leading up to the investigation and seek to limit full discussion of the report.
Jako člověk v tomto procesu angažovaný pokládám za důležité předložit své názory černé na bílém, protože má dříve pronesená vyjádření jsou nyní používána jako součást snahy o oslabení soudce Goldstonea a jeho významného díla.	As someone involved in that process, I feel it is important to put my views on record, as comments I made previously are now being used as part of the effort to undermine Judge Goldstone and his important work.
Odmítla jsem přijmout pozvání od tehdejšího předsedy Rady pro lidská práva, velvyslance Martina Uhomoibhiho z Nigérie, abych vedla vyšetřování vycházející z rezoluce Rady pro lidská práva z 12. ledna 2009.	I refused to accept the invitation from the president of the Human Rights Council at the time, Ambassador Martin Uhomoibhi of Nigeria, to lead the investigation following the Human Rights Council’s January 12, 2009 resolution.
Jako bývalá vysoká komisařka OSN pro lidská práva jsem měla silný dojem, že rezoluce je jednostranná a neumožňuje vyvážený přístup k posouzení situace v terénu.	As a former UN High Commissioner for Human Rights, I felt strongly that the Council’s resolution was one-sided and did not permit a balanced approach to determining the situation on the ground.
Zmiňovala se pouze o „závažných porušeních lidských práv na okupovaném palestinském území, zejména v důsledku nedávných izraelských vojenských útoků,“ a požadovala zřízení mise, která prošetří „veškerá porušení mezinárodních lidskoprávních zákonů a mezinárodního humanitárního práva spáchaná okupační mocí, Izraelem, na palestinském lidu“.	It referred only to “the grave violations of human rights in the Occupied Palestinian Territory, particularly due to the recent Israeli military attacks,” and called for a mission to investigate “all violations of international human rights law and international humanitarian law by the occupying power, Israel, against the Palestinian people.”
Bylo mi rovněž známo, že Rada OSN pro lidská práva v posledních dvou letech opakovaně odsoudila Izrael, leč rozsáhlému porušování lidských práv v jiných zemích věnovala málo pozornosti.	I was also aware that the UN Human Rights Council had made repeated condemnations of Israel over the past two years but had focused little attention on large-scale violations of human rights in other countries.
Tento vzorec činnosti a nečinnosti Rady dodal věrohodnosti těm, kdo tvrdí, že nejvyšší orgán OSN pro otázky lidských práv je ve své podstatě protiizraelský.	This pattern of action and inaction by the Council has given greater credence to those who believe the UN’s highest human rights body is inherently anti-Israel.
Rozhodla jsem se, že z těchto důvodů se mise nemohu ujmout.	I decided I could not undertake the mission for these reasons.
Vím, že když byl osloven soudce Goldstone, oddaný lidskoprávní právník a advokát bez poskvrny, zkraje měl tytéž obavy.	I am aware that Judge Goldstone, a dedicated and unimpeachable human rights lawyer and advocate, shared similar concerns when he was initially approached.
Dokázal si ale ve spolupráci s předsedou Rady zajistit dohodu, s níž se cítil přesvědčen, že bude mít možnost mandát interpretovat tak, že to jeho týmu umožní věnovat se činům obou stran konfliktu.	But he was able to work with the Council’s president to secure an agreement he felt confident would permit the mandate to be interpreted in such a way as to allow his team to address the actions taken by both parties to the conflict.
Experti se mohou přít, zda to bylo v souladu s pravidly a postupy OSN.	Experts can debate whether this was in conformity with UN rules and procedures.
Já nemám pochyb, že zúčastnění usilovali o nalezení cesty vpřed, která by umožnila úplné vyšetřování a pomohla překonat současný rozkol podlamující váhu Rady pro lidská práva v rámci systému OSN.	I have no doubt that those involved were seeking a way forward that would allow for a full investigation and help overcome the political divisiveness currently undermining the Human Rights Council within the UN system.
Otázkou teď je, zda vlády zjištěním soudce Goldstonea věnují seriózní pozornost, kterou si zasluhují, anebo zda se raději stáhnou k nepokrytě politickému přístupu.	The question now is whether governments will give Judge Goldstone’s findings the serious attention they deserve, or instead fall back into an overtly political posture.
Goldstoneova zpráva hovoří jasně:	As Goldstone's report makes clear:
Jak Palestince, tak Izraelce právem hněvá život, jaký jsou nuceni vést: Co se týče Palestinců, zlost na jednotlivé události – civilní oběti, škody na zdraví a majetku v Gaze v důsledku vojenských útoků, blokáda, neutuchající výstavba zdi vně hranic z roku 1967 – se spojuje s niterným hněvem kvůli setrvalé izraelské okupaci, jejím každodenním ponížením a stále nenaplněnému právu na sebeurčení.	Both the Palestinians and the Israelis are legitimately angered at the lives that they are forced to lead: For the Palestinians, the anger about individual events – the civilian casualties, injuries and destruction in Gaza following from military attacks, the blockade, the continued construction of the Wall outside of the 1967 borders – feed into an underlying anger about the continuing Israeli occupation, its daily humiliations and their as-yet-unfulfilled right to self-determination.
Co se týče Izraelců, veřejná prohlášení palestinských ozbrojených skupin oslavující raketové a minometné útoky na civilisty zesilují hluboce zakořeněnou obavu, že vyjednávání mnoho nepřinese a že jejich stát zůstává v existenčním ohrožení, před nímž svůj lid dokáže ochránit právě jen stát sám.	For the Israelis, the public statements of Palestinian armed groups celebrating rocket and mortar attacks on civilians strengthen a deep-rooted concern that negotiation will yield little and that their nation remains under existential threat from which only it can protect its people.
Takto Izraelci a Palestinci sdílejí tutéž skrytou obavu, podle některých lidí víru, že ten druhý nemá v úmyslu akceptovat naše právo na vlastní zemi.	In this way, both the Israelis and the Palestinians share a secret fear – for some, a belief – that each has no intention of accepting the other’s right to a country of their own.
Tento hněv a strach bohužel obratně zastupují mnozí politici. (odst.	This anger and fear are unfortunately ably represented by many politicians. (Para.
1705)	1705)
V zájmu lidských práv a míru v regionu doufám, že mezinárodní společenství přihlédne k těmto okolnostem, zváží zprávu soudce Goldstonea v její úplnosti a bude naléhat na zodpovědnost za nejzávažnější zločiny.	For the sake of human rights and peace in the region, my hope is that the international community will bear witness to these circumstances, consider Judge Goldstone’s report in its entirety and press for accountability for the most serious crimes.
	
Účetní triky v širém světě	Accounting Tricks Around the Globe
Účetní kličky budou významným bodem jednání bankéřů, kteří se sejdou na výroční schůzi Mezinárodního měnového fondu (MMF) a Světové banky ve Washingtonu. MMF by měl poradit, jak řešit účetní problémy, nejen soukromému sektoru, ale měl by se podívat i na účetní triky vlád a na svoje vlastní "kejkle".	Accounting chicanery will be high on the agenda of the bankers who will meet at the annual IMF/World Bank gathering in Washington, D.C. The IMF should do more than offer the private sector advice about how to fix its accounting problems; governmental accounting tricks and the IMF's own wheezes should also be addressed, says Nobel laureate Joseph Stiglitz.
To tvrdí nositel Nobelovy ceny Joseph Stiglitz.	
Skandály kolem auditora Arthura Andersena a společnosti Enron ve Spojených státech soustředily pozornost světových médií na problém účetnictví v soukromých firmách.	The Arthur Anderson and Enron scandals in America have focused attention on the problems of accounting in private businesses.
Rozsah této korupce by však nikdy neměl zastínit skutečnost, že řada nepravostí se děje i v účetnictví veřejného sektoru.	But the scale of this corruption should not blind us to the problem of public sector accounting, where many deceitful things are also being done.
Účetní pravidla vznikla proto, aby vytvořila standardní rámec, v jehož rámci lze hodnotit finanční postavení firem nebo vlád.	Accounting rules are designed to provide standardized frameworks within which the financial position of a firm, or government, can be assessed.
Spatné účetní rámce vedou ke špatným informacím a špatné informace vedou ke špatným rozhodnutím s vážnými dlouhodobými následky.	Bad accounting frameworks always lead to bad information, and bad information leads to bad decisions, with serious long term consequences.
To platí jak ve veřejném, tak v soukromém sektoru.	This is true in the public as well as the private sector.
Enron a další firmy předvedly, jak lze účetní pravidla překroutit a znásilnit s cílem předložit zavádějící obrázek o tom, co se ve firmě doopravdy děje.	America's business scandals showed how accounting rules can be bent and abused to provide a misleading picture of what is really happening in a company.
Nezapomeňme ale, že i Bushova vláda předvedla, jak lze účetní pravidla překroutit s cílem předložit zavádějící obrázek o tom, co se doopravdy děje v národním hospodářství.	The Bush Administration, not to be left behind, has shown how public accounting rules can be bent so as to provide a misleading picture of what is really happening in a national economy.
Například v loňském roce došlo k možná největšímu účetnímu podvodu vůbec, když byl více než tříbilionový megapřebytek na roky 2002 až 2011 převeden do schodku ve výši dvou bilionů dolarů.	Indeed, last year saw what may be the largest accounting fraud ever conducted, as a mega-surplus of more than $3trillion for the years 2002 to 2011 was transformed into a $2 trillion deficit.
Investoři z Enronu museli čekat roky, než zjistili, že něco neklape; nečekané a rozsáhlé změny v americkém postoji k fiskální politice však už předem dávají jasně tušit, jak masivní asi bude měřítko budoucích problémů.	Investors in Enron waited years before discovering that something was amiss. Though sudden and vast, the change in America's fiscal stance already provides a clear inkling that something was amiss.
Stejně jako v případě Enronu bude i v tomto případě trvat několik let, než na povrch vyplave všechna závažnost Bushova podvodu.	It will be years before the full magnitude of President Bush's deception is apparent.
Bushova vláda bude všechnu vinu svádět na topící se ekonomiku, smůlu a neúmyslně chybné rozpočtové odhady.	Meanwhile, the Bush Administration will blame the sinking economy, bad luck, and unintentional miscalculations for the vanished surplus.
Amerika ale není jediná země, která toleruje oficiální účetní podfuky.	But America is not alone in allowing for official accounting shenanigans.
V Latinské Americe a mnohde jinde v rozvojovém světě zavádí MMF účetní rámce, které nejenže nemají valný smysl, ale které navíc vedou ke zbytečné úspornosti.	In Latin America and elsewhere in the developing world, the IMF imposes accounting frameworks that not only make little sense, but result in excessive austerity.
U některých nejchudších zemí světa - tedy těch, které jsou nejvíce závislé na cizí pomoci - MMF tvrdí, že zahraniční pomoc by se ve vládních rozpočtových propočtech neměla objevovat jako příjmová položka.	In some of the poorest countries in the world - ie, those most dependent on aid - the IMF has argued that foreign aid should not be listed as revenue in a government's budget calculations.
Ale co jiného než příjem je finanční pomoc?	But what else is aid if it is not revenue?
Argument MMF má asi být tento: finanční pomoc zvenčí je nestálá a země se na ni tedy nemohou spoléhat.	The IMF's argument seems to be this: a country cannot rely on foreign aid because aid is too unstable.
Holá pravda je ale taková, že pomoc je v těchto chudých zemích stabilnější příjmovou položkou než vlastní příjem z daní.	The truth, of course, is that aid is more stable than tax revenues in poor countries.
Podle logiky MMF se do rozpočtů nemá počítat ani pomoc ani příjem z daní.	By the IMF's logic, neither aid nor tax revenues should be included in budgets.
Pokud se věci mají takto, jsou všechny země světa v pekném průšvihu.	If that is the case, every country in the world is in deep trouble.
Absurdní je zde myšlenka, že všechna zahraniční pomoc by měla být převedena do rezerv.	The absurdity here is the idea that all foreign aid should be added to reserves.
Země, které peníze darují na financování škol a zdravotnických zařízení, totiž chtějí vidět, jak jsou jejich peníze investovány do škol a zdravotnických zařízení. Nechtějí vidět, jak putují do státních rezerv.	But donor countries want to see the money they give to finance schools or health clinics spent on schools and health clinics; they don't want to see it added to a nation's reserves.
V rozvinutých zemích vlády dobře vědí, jak řešit otázku příjmové nestability: pružností výdajů.	Governments in developing countries have the correct answer to the problem of revenue instability: expenditure flexibility.
Stavět školy, když peníze jsou; nestavět školy, když peníze nejsou.	Build schools when you have aid; stop building them when you don't.
Ekonomové Světové banky o této logice přesvědčují MMF už léta. Zatím bohužel s pramalým úspěchem.	For years, World Bank economists have tried to convince the IMF to see this logic, with little progress.
Pohoršení budí také další účetní praktiky MMF, například to, jak jsou řešeny kapitálové výdaje státních podniků.	Other IMF accounting practices, including how the capital expenditures of government-owned enterprises are treated, are also causing outrage.
Pokud si v Latinské Americe chce státem vlastněná firma půjčit peníze na investice, je to v Latinské Americe chápáno jako státní deficit.	If a state owned enterprise in Latin America wants to borrow to make an investment, in Latin America such borrowing is treated as an addition to the deficit.
Investoři, kterým jde o velikost vládního schodku, vidí součet zisků a ztrát.	Investors, worried about the size of a government deficit, see only the bottom line.
Pokud si firma chce za půl miliardy dolarů koupit majetek ve výši jedné miliardy dolarů, ekonomická logika velí pořídit takový majetek.	But if a company can buy a $1 billion asset for $500 million, economic logic says buy the asset.
Bilanci to vylepší o půl miliardy dolarů.	The balance sheet is improved by $500 million.
Podle logiky MMF však v takovém účtování záleží jen na zvýšení výdajů a půjček, ne na hodnotě akvizic.	But by IMF logic, all you see in the accounts is increased expenditure and borrowing, not the value of the acquired asset.
Vzhledem k tomuto pravidlu by pak investoři mohli usoudit, že fiskální situace státu se zhoršuje, a mohli by začít požadovat vyšší úrokové sazby.	Because of this rule, investors may only see an apparent worsening of the country's fiscal position, and so may demand higher interest rates.
Zahraničním investorům se logika MMF pochopitelně líbí, neboť vládní korporace se tak dostávají do jasné nevýhody: tyto firmy, jejichž schopnost investovat je potlačena, nedokáží v pořizování akvizic konkurovat.	Of course, foreign investors like this IMF logic: government corporations are put at a distinct disadvantage: their ability to invest inhibited, these firms cannot compete to make acquisitions.
Druhá účetní deformace Mezinárodního měnového fondu se týká stabilizačních fondů.	A second IMF accounting distortion involves stabilization funds.
To jsou národní fondy, které v obdobích konjunktury získávají příjem z prodeje přírodních zdrojů, který se dává stranou na horší časy.	These are national funds that, in boom years, receive revenues from sales of natural resources to be set aside against a rainy day.
To dává smysl.	This makes sense.
Účetní metody propagované MMF však využívání těchto fondů na stabilizování ekonomiky prostřednictvím kontracyklických fiskálních výdajů brzdí.	But IMF accounting inhibits the use of these funds to help stabilize an economy through counter-cyclical fiscal spending.
Podle mexických a chilských úředníků, s nimiž jsem o této věci diskutoval, jsou výdaje ze stabilizačního fondu údajně chápány tak, jako by si země půjčovala, čímž se vlastně zvyšuje deficit země.	According to Mexican and Chilean officials I have discussed the matter with, spending from a stabilization fund is reportedly treated as if the country is borrowing, thus adding to its deficit.
Země se zhoršení svého úvěrového ratingu obávají pochopitelně nejvíce v obdobích hospodářského zpomalení, takže postoj MMF je v tomto případě mimořádně nanic.	It is, of course, in times of economic downturn that countries worry most about their credit rating, so the IMF stance is particularly unhelpful.
Účetní rámce MMF, místo aby trhu poskytovaly užitečné signály, poskytují zkreslené informace, které zhoršují problémy zemí, jež se v nemalých problémech topí i bez toho.	IMF accounting frameworks, rather than providing useful signals to the market, provide distorted information that exacerbates a troubled country's problems.
Bez přesných informací nejsou možná dobrá rozhodnutí. A přesné informace lze získat jen z kvalitních účetních rámců.	Good decisions require accurate information, and this comes only through good accounting frameworks.
Samozřejmě že dokonalý účetní rámec neexistuje, ale jsou bohužel i takové rámce které systematicky informace zkreslují.	Of course, no perfect accounting framework exists, but some frameworks systematically distort.
Do výběru takové účetního rámce často zasahují skryté zájmy.	Indeed, a hidden agenda often exists in the choice of an accounting framework.
Samozřejmě, že nic takového jako právo na odkup akcií zakomponované do účetních pravidel nebo zájmy jednotlivých bossů, to jistě ne.	Not including stock options inside the accounting framework served US corporate interests, and those of individual bosses, well.
Zkreslené a nespravedlivé účetní rámce MMF mohou mít navíc i skrytý smysl: nutit vlády, aby snižovaly své výdaje.	The IMF's distorted and unfair accounting frameworks may also serve a hidden purpose: to force governments to shrink expenditures.
To má ovšem vysoké ekonomické i sociální dopady, nemluvě o tom, že tato agenda zdaleka přesahuje mandát MMF.	But there are high economic and social costs to this agenda, one that goes far beyond the IMF's mandate.
	
Bez centra euro nemůže vydržet	A Centerless Euro Cannot Hold
CAMBRIDGE – Nezaměstnanost mladých lidí v& zemích eurozóny, jako je Španělsko a Řecko, dosahuje 50& %. Dává se tak jedna generace za oběť jednotné měně, která pokrývá natolik nesoudržnou skupinu zemí, že je neudržitelná?	CAMBRIDGE – With youth unemployment touching 50% in eurozone countries such as Spain and Greece, is a generation being sacrificed for the sake of a single currency that encompasses too diverse a group of countries to be sustainable?
Je-li tomu tak, skutečně rozšiřování členství v& euru slouží údajnému cíli Evropy maximalizovat hospodářskou integraci, aniž by nutně dospěla k& plné politické unii?	If so, does enlarging the euro’s membership really serve Europe’s apparent goal of maximizing economic integration without necessarily achieving full political union?
Dobrá zpráva je, že k& tomu, jestli má Evropa mít jednotnou měnu, má ekonomický výzkum co říct.	The good news is that economic research does have a few things to say about whether Europe should have a single currency.
Špatná zpráva je, že je čím dál jasnější, že přinejmenším u velkých zemí platí, že měnové oblasti budou velice nestabilní, nebudou-li se držet národních hranic.	The bad news is that it has become increasingly clear that, at least for large countries, currency areas will be highly unstable unless they follow national borders.
Jako minimum měnová unie vyžaduje konfederaci s& výrazně centralizovanějšími pravomocemi v& oblasti zdanění a dalších politik, než jaké evropští lídři u eurozóny předpokládají.	At a minimum, currency unions require a confederation with far more centralized power over taxation and other policies than European leaders envision for the eurozone.
Ale co proslulá hypotéza nositele Nobelovy ceny Roberta Mundella z& roku 1961, že se národní a měnové hranice nemusí výrazně překrývat?	What of Nobel Prize winner Robert Mundell’s famous 1961 conjecture that national and currency borders need not significantly overlap?
Ve svém provokativním pojednání „Teorie optimálních měnových oblastí“ v& časopise American Economic Review prohlásil, že pokud se pracující mohou v& hranicích měnové oblasti stěhovat za pracovními místy, region si může dovolit vzdát se vyvažovacího mechanismu kurzovní korekce.	In his provocative American Economic Review paper “A Theory of Optimum Currency Areas,” Mundell argued that as long as workers could move within a currency region to where the jobs were, the region could afford to forgo the equilibrating mechanism of exchange-rate adjustment.
Ocenil jiného (budoucího) laureáta Nobelovy ceny Jamese Meadea za to, že ve své dřívější práci rozpoznal význam mobility pracovních sil, ale kritizoval jej, že tuto myšlenku interpretoval příliš úzce, zejména v& kontextu rodící se evropské integrace.	He credited another (future) Nobel Prize winner, James Meade, for having recognized the importance of labor mobility in earlier work, but criticized Meade for interpreting the idea too stringently, especially in the context of Europe’s nascent integration.
Mundell finanční krize sice nezdůrazňoval, ale mobilita pracujících je dnes patrně důležitější než kdy jindy.	Mundell did not emphasize financial crises, but presumably labor mobility is more important today than ever.
Není divu, že z& krizí postižených zemí eurozóny odcházejí pracující, leč nesměřují nutně do silnější oblasti na severu.	Not surprisingly, workers are leaving the eurozone’s crisis countries, but not necessarily for its stronger northern region.
Namísto toho portugalští pracující prchají do vzkvétajících dřívějších kolonií, například Brazílie a Macau.	Instead, Portuguese workers are fleeing to booming former colonies such as Brazil and Macau.
Irští pracující se houfně stěhují do Kanady, Austrálie a Spojených států.	Irish workers are leaving in droves to Canada, Australia, and the United States.
Španělští pracující proudí do Rumunska, které bylo donedávna významným zdrojem zemědělských dělníků pro Španělsko.	Spanish workers are streaming into Romania, which until recently had been a major source of agricultural labor in Spain.
Přesto platí, že kdyby se mobilita uvnitř eurozóny podobala Mundellovu ideálu, nemohli bychom dnes být ve Španělsku svědky 25% nezaměstnanosti, když německá míra nezaměstnanosti dosahuje necelých 7& %.	Still, if intra-eurozone mobility were anything like Mundell’s ideal, today we would not be seeing 25% unemployment in Spain while Germany’s unemployment rate is below 7%.
Později si autoři začali všímat, že existují další podstatná kritéria pro úspěšnou měnovou unii, jichž bez hluboké politické integrace není snadné dosáhnout.	Later writers came to recognize that there are other essential criteria for a successful currency union, which are difficult to achieve without deep political integration.
Peter Kenen koncem 60.& let prohlásil, že bez kurzovních pohybů fungujících jako tlumiče šoků vyžaduje měnová unie fiskální transfery, aby dokázala sdílet rizika.	Peter Kenen argued in the late 1960’s that without exchange-rate movements as a shock absorber, a currency union requires fiscal transfers as a way to share risk.
U normální země představuje národní soustava daně z& příjmu mohutný stabilizační prvek napříč regiony.	For a normal country, the national income-tax system constitutes a huge automatic stabilizer across regions.
V& USA platí, že když se zvýší ceny ropy, příjmy v& Texasu a Montaně vzrostou, takže pak tyto státy přispívají vyššími daňovými odvody do federálního rozpočtu, čímž pomáhají zbytku země.	In the US, when oil prices go up, incomes in Texas and Montana rise, which means that these states then contribute more tax revenue to the federal budget, thereby helping out the rest of the country.
Evropa samozřejmě žádný významný centralizovaný daňový orgán nemá, a tak jí tento automatický stabilizační mechanismus v& zásadě chybí.	Europe, of course, has no significant centralized tax authority, so this key automatic stabilizer is essentially absent.
Někteří evropští akademici se snažili doložit, že fiskální transfery ve stylu USA nejsou zapotřebí, protože žádoucího stupně sdílení rizika lze teoreticky dosáhnout prostřednictvím finančních trhů.	Some European academics tried to argue that there was no need for US-like fiscal transfers, because any desired degree of risk sharing can, in theory, be achieved through financial markets.
Jednalo se o silně zavádějící tvrzení.	This claim was hugely misguided.
Finanční trhy mohou být křehké a zajišťují slabou kapacitu pro sdílení rizik ve vztahu k& příjmu z& práce, který ve všech vyspělých ekonomikách představuje největší díl důchodu.	Financial markets can be fragile, and they provide little capacity for sharing risk related to labor income, which constitutes the largest part of income in any advanced economy.
Kenen se zabýval především krátkodobými transfery s& cílem vyhladit cyklické nerovnosti.	Kenen was mainly concerned with short-term transfers to smooth out cyclical bumpiness.
Jenže v& měnové unii s& obrovskými rozdíly v& hladinách příjmů a vyspělosti se krátkodobost může protáhnout na velmi dlouhou dobu.	But, in a currency union with huge differences in income and development levels, the short term can stretch out for a very long time.
Mnozí Němci dnes mají oprávněný pocit, že jakýkoli systém fiskálních transferů se promění v& permanentní penězovod, podobně jako severní Itálie už celé století vypomáhá jižní Itálii.	Many Germans today rightly feel that any system of fiscal transfers will morph into a permanent feeding tube, much the way that northern Italy has been propping up southern Italy for the last century.
Ostatně po více než 20 letech západní Němci stále nedohlédnou na konec účtu za sjednocení Německa.	Indeed, more than 20 years on, Western Germans still see no end in sight for the bills from German unification.
Maurice Obstfeld později poukázal na to, že kromě fiskálních transferů měnová unie potřebuje jasně definovaná pravidla pro půjčky poslední záchrany.	Later, Maurice Obstfeld pointed out that, in addition to fiscal transfers, a currency union needs clearly defined rules for the lender of last resort.
Jinak se rozmůžou runy na banky a dluhové paniky.	Otherwise, bank runs and debt panics will be rampant.
Obstfeld měl sice na mysli mechanismus finančních záchran pro banky, ale je víc než jasné, že věřitele poslední záchrany a mechanismus bankrotu potřebují i státy a obce.	Obstfeld had in mind a bailout mechanism for banks, but it is now abundantly clear that one also needs a lender of last resort and a bankruptcy mechanism for states and municipalities.
Logickým důsledkem kritérií stanovených Kenenem a Obstfeldem, ba i Mundellova kritéria mobility pracovní sil je, že měnové unie nemohou přežít bez politické legitimity, která nejspíš zahrnuje i všeobecné volby napříč regionem.	A logical corollary of the criteria set forth by Kenen and Obstfeld, and even of Mundell’s labor-mobility criterion, is that currency unions cannot survive without political legitimacy, most likely involving region-wide popular elections.
Evropští lídři nemohou bez soudržného evropského politického rámce donekonečna uskutečňovat rozsáhlé transfery napříč zeměmi.	Europe’s leaders cannot carry out large transfers across countries indefinitely without a coherent European political framework.
Tvůrci evropských politik si dnes často stěžují, že kdyby nebylo americké finanční krize, eurozóna by prospívala.	European policymakers today often complain that, were it not for the US financial crisis, the eurozone would be doing just fine.
Možná že mají pravdu.	Perhaps they are right.
Každá finanční soustava ale musí mít schopnost přestát šoky, včetně těch velkých.	But any financial system must be able to withstand shocks, including big ones.
Evropa možná nikdy nebude podle žádného z& měřítek „optimální“ měnovou oblastí.	Europe may never be an “optimum” currency area by any standard.
Bez další hluboké politické a hospodářské integrace – která nakonec nemusí zahrnovat všechny současné členy eurozóny – však euro nemusí vydržet ani do konce současné dekády.	But, without further profound political and economic integration – which may not end up including all current eurozone members – the euro may not make it even to the end of this decade.
	
Století čínských protestů	A Century of Chinese Protests
	
Jak dosáhnout „Evropy výsledků“	Achieving a “Europe of Results”
BRUSEL – Cunami, které se prohnalo přes finanční trhy, je celosvětovou pohromou.	BRUSSELS – The tsunami that has swept across financial markets is a global catastrophe.
Pokud se ale s krizí vhodně vypořádáme, mohla by pozvednout vážnost Evropské unie a jejích institucí.	If handled correctly, however, the crisis may yet raise the esteem of the European Union and its institutions.
Problém legitimity EU má dva odlišné aspekty: apatii, ústící v nízkou volební účast v evropských parlamentních volbách, a vyložený euroskepticismus.	The EU’s legitimacy problem has two different aspects: apathy, leading to a low turnout in the European parliamentary elections, and outright euro-skepticism.
Problém volební účasti zčásti odráží frustraci ze současného stavu EU a také dojem lidí, že hlasováním mohou tím či oním směrem vyvíjet jen malý tlak.	The voter-turnout problem partly reflects frustration about the present state of the EU, and also people’s impression that they can exert little influence by voting one way or the other.
Na druhou stranu euroskepticismus a rýsující se hrozba antievropského populismu se přímo váží k představě, že EU není jen neschopná nabídnout řešení krize, ale že ve skutečnosti tvoří součást problému.	Euro-skepticism, on the other hand, and the looming threat of anti-European populism, is directly linked to the idea that the EU is not merely incapable of offering a solution to the crisis, but in fact is part of the problem.
Takže ačkoliv EU představuje naši nejlepší naději na to, že dokážeme zajistit, aby byla Evropa v dnešním čím dál náročnějším prostředí mezinárodně konkurenceschopná, přičítá se jí vina za globalizaci.	So, although the EU represents our best hope of ensuring that Europe is internationally competitive in today’s increasingly difficult environment, it is actually being blamed for globalization.
Řada lidí tyto dva aspekty problému legitimity EU směšuje a domnívá se, že nízkou účast v evropských volbách lze tak nějak zlepšit tím, že se lidem bude zdůrazňovat, jak dobrá a důležitá EU je.	Many people confuse these two aspects of the EU’s legitimacy problem, and believe that somehow turnout in European elections can be increased by pointing out to people how good and important the EU is.
To však ve většině případů není možné.	But in most cases, this is not possible.
Na první pohled nejsnazším řešením problému nízké volební účasti je dát Evropskému parlamentu více pravomocí.	At first sight, the easiest answer to the problem of low voter turnout is to give more power to the European Parliament.
Kdyby to však bylo řešením, nesledovali bychom setrvale klesající účast od 63% maxima, jehož bylo dosaženo v prvních volbách do Evropského parlamentu v roce 1979.	But if this was the solution, then we would not have had steadily declining turnouts since the high point of 63%, at the first elections to the European Parliament in 1979.
Vždyť od té doby se vliv a pravomoci EP v oblasti společného rozhodování neustále rozrůstají.	After all, since then the EP’s influence and powers of joint decision-making have grown constantly.
Potíž je v tom, že volby do EU musí být „o něčem“, mají-li voliče zajímat, což znamená, že musí nabízet skutečnou volbu.	The trouble is that, EP elections must be “about” something if voters are to be interested, which means they must involve a real choice.
A skutečná volba vyžaduje celoevropské předvolební kampaně všech stran.	And a real choice requires Europe-wide election campaigns by all parties.
To by také zahrnovalo úpravu, podle níž by na výsledku voleb do EP závisela volba předsedy Evropské komise.	This would also involve making the choice of the European Commission’s president dependent on the outcome of the EP elections.
Obě podmínky už jsou ale ve skutečnosti splněny. Portugalský premiér José Manuel Durão Barroso byl v roce 2004 jmenován předsedou Komise, protože pocházel z politické organizace s nejsilnějším volebním výsledkem, z Evropské lidové strany.	But, in fact, both of these conditions have already been met; in 2004, Portuguese Prime Minister José Manuel Durão Barroso was appointed President of the Commission because he came from the political organization with the strongest election result, the European People’s Party.
A letošní volby se oproti dřívějšku vyznačovaly důraznější účastí partajních organizací evropské úrovně.	And this year’s elections saw a more intensive presence of party organizations at European level than ever before.
Jsem ovšem přesvědčen, že nejdůležitějším způsobem jak znovu probudit zájem voličů o evropské volby je otevřít jim volbu předsedy Komise a vytvořit během příští předvolební kampaně ryze celoevropskou politickou debatu.	Instead, I believe that the most important way to reawaken voters’ interest in European elections will be to open up the election of the Commission’s President to them, and create a genuinely Europe-wide political debate during the next election campaign.
S problémem euroskepticismu se lze vypořádat, jedině pokud samotná Unie začne podávat lepší výkon a bude při tom vidět.	The Euro-skepticism problem can be tackled only if the Union itself starts to perform better, and is seen to be doing so.
Právě proto když před čtyřmi lety ve Francii a v Nizozemsku zkrachovala referenda o Ústavní smlouvě, usilovala Komise o zdůraznění myšlenky „Evropy výsledků“, která by se snažila občany o své hodnotě přesvědčit konkrétními úspěchy.	That is why in the aftermath of the failed referenda four years ago in France and the Netherlands on the Constitutional treaty, the Commission tried to emphasize the idea of a “Europe of Results” that would seek to convince citizens of its worth through concrete achievements.
Vzhledem k závažnosti hospodářské krize nadešel čas, aby EU prokázala své silné stránky, kdykoli to bude možné.	Given the gravity of the economic crisis, the time has come for the EU to demonstrate its strengths whenever possible.
Cílem musí být nejen vydobýt si znovu srdce Evropanů přemožených skepsí, ale také přesvědčit je, že pro zvládnutí výzev, jimž Evropané čelí, je Unie nepostradatelná.	The aim must be not only to win back the hearts of Europeans who have become skeptical, but also to convince them that the Union is indispensable to meeting the challenges Europeans face.
Evropští občané si uvědomují, že relativně malé národní státy tvořící EU si už s těmito výzvami nedokážou poradit na vlastní pěst.	Europe’s citizens understand that the relatively small nation-states that make up the EU are no longer able to face these enormous challenges on their own.
V Irsku vyvolala finanční krize loni na podzim zvrat veřejného mínění ohledně EU, a členství v EU a zavedení eura se stalo prioritou dokonce i na Islandu, přestože leží na periferii našeho kontinentu.	In Ireland, last autumn’s financial crisis provoked a turnaround in public opinion about the EU, and even in Iceland, although it lies on the periphery of our continent, membership of the EU and the euro have become a priority.
Evropské země jsou už natolik vzájemně provázané, že izolovaná národní opatření v oblastech, jako je regulace finančního trhu, jsou beznadějná.	European countries have become so interconnected that isolated national measures on issues like financial-market regulation are hopeless.
Proměňující se svět, v němž hrají čím dál významnější úlohu mocnosti jako Čína a Indie, nebude na Evropu čekat, než se rozmyslí.	A changing world in which new powers like China and India play an increasingly important role will not wait for Europe to make up its mind.
EU naopak musí projevit vůdčí schopnost v úsilí o vyřešení současných problémů světa.	The EU must instead show leadership through its efforts to solve the world’s current problems.
Co se týče Evropské lidové strany, pro nás ekonomika není sama o sobě cílem, ale měla by sloužit lidem.	As for the European People’s Party, for us the economy is not an end in itself but should serve the people.
Hospodářskou krizi zapříčinila krátkozrakost a nedostatečná kontrola uvnitř globální finanční soustavy.	The economic crisis was caused by shortsightedness and a lack of control in the global financial system.
Teď musíme nově definovat úlohu regulátorů na finančních trzích a obecněji v ekonomice, neboť nesmíme dopustit, aby finanční sektor odkráčel s výnosy v kapse a břemeno ztrát přenechal daňovým poplatníkům.	Now we must redefine the role of regulators in financial markets and in the wider economy, for we cannot let the financial sector walk off with the profits and leave taxpayers bearing the losses.
To neznamená, že bychom prosazovali posun k socialismu; chceme lepší a promyšlenější regulaci, ne regulaci pro nic za nic.	That doesn’t mean that we are advocating a move to socialism; we want better and smarter regulation, not regulation for its own sake.
Rozeznáváme pět klíčů k oživení:	We see five keys to recovery:
„Evropa výsledků“ je dosažitelná.	A “Europe of Results” is achievable.
Posílit legitimitu EU však může jedině za předpokladu, že se takováto politická doporučení a úspěchy, které z jejich realizace vyplynou, podaří jasně a efektivně tlumočit široké veřejnosti.	It can strengthen the EU’s legitimacy, though, only if policy recommendations such as these, and the successes that result from implementing them, are communicated clearly and effectively to the general public.
	
Cesta ke vzdělávání do roku 2030	The Education Roadmap to 2030
LONDÝN – Když jsem počátkem letošního roku navštívila uprchlický tábor Zátarí v Jordánsku, setkala jsem se s dětmi, které mi řekly, co pro ně znamená vzdělání.	LONDON – When I visited the Zaatari refugee camp in Jordan earlier this year, I met with children who told me what education means to them.
Pro syrskou mládež, jež musela opustit domov a přišla o všechno, je vzdělání něčím více než jen souhrnem znalostí nebo výsledků v testech; je to ztělesnění jejich nadějí do budoucna.	For Syrian youths who have been forced from their homes and have lost everything, education is about more than qualifications or test scores; it embodies their hope for the future.
Děti jako ty v Zátarí a miliony jiných po celém světě jsou hlavním cílem činnosti Mezinárodní komise pro financování globálních vzdělávacích příležitostí, do které jsem loni v září vstoupila.	Children like those in Zaatari, and millions of others around the world, are central to the work of the International Commission on Financing Global Education Opportunity, which I joined last September.
Tato komise se věnuje plnění čtvrtého cíle trvale udržitelného rozvoje OSN, jímž je zajistit do roku 2030 „inkluzivní a spravedlivé kvalitní vzdělání a podporovat celoživotní vzdělávací příležitosti pro všechny“.	This commission is committed to the fourth United Nations Sustainable Development Goal, which aims, by 2030, to “ensure inclusive and equitable quality education and promote lifelong learning opportunities for all.”
Na světě žije až příliš mnoho dětí, pro které je tento cíl stále velmi vzdálený.	This goal is still a distant prospect for far too many children.
V době, kdy o naši pozornost usiluje tolik různých rozvojových problémů, by politici měli mít na paměti, že vzdělání není dobrá věc sama o sobě; je to také katalyzátor mnoha dalších rozvojových procesů.	With so many development issues demanding our attention, policymakers should bear in mind that education is not just a good in itself; it is also a catalyst for many other development gains.
Jak říká staré africké přísloví, když vzděláte dívku, vzděláte celý národ.	As the old African proverb goes, if you educate a girl, you educate an entire nation.
Zajištění přístupu ke kvalitnímu vzdělání pro děti, zejména pro dívky, povede k nižšímu počtu sňatků s dětmi a k nižší míře dětské práce a vykořisťování dětí.	Ensuring access to quality education for children, especially girls, will lead to fewer child marriages and less child labor and exploitation.
Vzdělání má dlouhodobé společenské přínosy; vzdělané děti jsou nejen politicky angažovanější, ale také přispívají vlastním duševním kapitálem a využívají podnikatelské příležitosti, jakmile se objeví, čímž podporují hospodářský růst.	And education has long-term societal benefits: aside from increased political engagement, educated children contribute intellectual capital and pursue entrepreneurial opportunities when they grow up, boosting economic growth.
Řešení otázky vzdělávání musí vycházet ze dvou principů zakořeněných v cíli samotném.	Tackling the education challenge needs to start from two principles embedded in the goal.
Za prvé princip „pro všechny“ znamená, že se musíme zaměřit na děti, které zůstaly opominuté.	First, “for all” means that we must focus on the children who have been left behind.
Miliony dětí nechodí do škol nebo dostávají podřadné vzdělání kvůli tomu, kým jsou nebo kde žijí.	Millions of children are out of school or are receiving a substandard education because of who they are or where they live.
Podle vysokého komisaře OSN pro uprchlíky existuje u dětí uprchlíků pětkrát vyšší pravděpodobnost, že nebudou chodit do školy, než u ostatních dětí v zemích, kam tyto rodiny uprchly.	According to the UN High Commissioner for Refugees, refugee children are five times more likely to be out of school than other children in the countries to which they’ve been displaced.
A ve všech afrických státech s výjimkou dvou existuje u dívek nižší pravděpodobnost než u chlapců, že dokončí základní vzdělání.	And in all but two African countries, girls remain less likely than boys to complete a primary education.
Chceme-li dostat tyto děti do školy, potřebujeme si osvojit nové přístupy, které budou přímo řešit jejich vyloučení ze společnosti a zajistí skutečnou dostupnost a relevantnost školní výuky.	Getting these children into school will require new approaches that directly address their exclusion and make schooling genuinely accessible and relevant.
Druhým principem je „kvalita“: vzdělávání musí být efektivní, aby se děti skutečně učily.	Second, “quality”: Education must be effective, so that children actually learn.
Pro 61 milionů dětí, které nechodí do základní školy, je formální vzdělání nedostupné.	For the 61 million children who are out of primary school, formal education is beyond reach.
Stejně naléhavá je ovšem skutečnost, že více než třetina dětí ve věku základní školní docházky – celkem jde o 250 milionů žáků – se podle Globální monitorovací zprávy projektu UNESCO „Education for All“ neučí základní věci.	But, just as urgently, more than one-third of children of primary-school age – 250 million – are not learning the basics, according to the UNESCO Education for All Global Monitoring Report.
Polovina těchto dětí je ve škole nejméně čtyři roky.	Half of these children have been in school for at least four years.
Musíme řešit bariéry výuky v učebnách i doma zlepšováním kvality vyučování a podmínek ve třídách a také tím, že naučíme rodiče, jak mohou vzdělávání svých dětí sami podporovat.	We must address the barriers to learning, both in the classroom and at home, by improving the quality of teaching and classroom conditions and teaching parents how they can support their children’s education.
Zavádění těchto dvou principů si vyžádá vyšší investice.	Upholding these two principles will require increased investment.
UNESCO loni spočítalo, že vlády musí zdvojnásobit výdaje na vzdělávání vyjádřené jako podíl na národním důchodu, aby cílů stanovených pro rok 2030 dosáhly.	Last year, UNESCO calculated that governments must double education spending as a share of national income to achieve the 2030 goals.
Bude to vyžadovat navýšení daňových příjmů a také ráznější snahu vymáhat dluhy.	This will require increased revenue from taxation and stronger efforts to collect what’s owed.
Rovněž dárci musí dostát svým závazkům pomoci a efektivněji tuto pomoc cílit.	Donors also need to live up to their aid commitments and target aid more effectively.
Méně než třetina celkové pomoci určené na vzdělání například putuje do Afriky, přestože v tomto světadílu žijí téměř dvě třetiny dětí, které nechodí do školy.	For example, less than one-third of education aid goes to Africa, even though the region accounts for almost two-thirds of out-of-school children.
Rozpočty na vzdělání navíc v současnosti bývají často regresivní, což znamená, že téměř polovina výdajů v nejchudších zemích putuje k nejvzdělanějším 10% populace.	Moreover, at the moment, education budgets are often regressive, with almost half of spending in the poorest countries allocated to the most educated 10% of the population.
Zkvalitnění investic do vzdělání vyžaduje kroky ve dvou klíčových oblastech.	Fixing education investment requires action in two key areas.
Za prvé potřebujeme spravedlivé financování, které vyčlení větší objem financí na péči a rozvoj v raném dětství, kdy je potenciál k návratnosti nejvyšší.	First, we need equitable financing, with more investment in early childhood care and development, where there is the biggest potential for returns.
Rozpočty se musí zaměřit na nejhůře vyřazené děti a primární vzdělání musí být v místě využívání služby bezplatné, aby se každé dítě mohlo učit.	Budgets must be focused on the most excluded children, and primary education must be free at the point of use, so that every child can learn.
Kromě toho naléhavě potřebujeme větší průhlednost a zodpovědnost, aby byly rozpočty dobře viditelné a komunity měly při řízení škol své slovo.	We also urgently need more transparency and accountability, so that budgets are visible and communities have a say in school governance.
Za druhé musíme posílit systémy vzdělávání v dané zemi, aby vlády vnímaly samy sebe jako garanta dostupných a kvalitních škol pro své občany a nepřenechávaly tuto roli vnějším rozvojovým agenturám.	Second, we need to strengthen domestic education systems so that governments see themselves as the guarantor of accessible, quality schools for their citizens, rather than abdicating that role to outside development agencies.
Zejména bychom měli prosazovat partnerství mezi vládami a firmami, abychom zvýšili objem domácích zdrojů na vzdělání a eliminovali nezákonné kapitálové toky, které připravují vlády o prostředky k jeho financování, například daňové úniky nebo praní špinavých peněz napříč státními hranicemi.	In particular, we should push for partnerships between government and business to boost domestic resources for education, and eliminate illicit capital flows that deprive governments of the means to fund it, such as tax evasion and money laundering across national borders.
Se zřetelem na tyto priority přednese vzdělávací komise svá doporučení 18. září na Valném shromáždění OSN, kdy je obdrží také generální tajemník a začne se jimi řídit.	With these priorities in mind, the education commission will deliver its recommendations at the UN General Assembly on September 18, when the Secretary-General will receive and act on them.
Vzdělávací komise bude úspěšná, pokud se nám podaří mobilizovat finance a politickou vůli k zajištění, aby se každé dítě mohlo učit bez ohledu na příjmy, místo bydliště či sociální postavení.	The Education Commission will have succeeded if we are able to leverage the funding and political will to ensure that every child learns, regardless of their income, location, or social status.
Naše práce neskončí, dokud k tomu nedojde.	Our work will not be complete until that happens.
	
Jak dosáhnout růstu v nově rovnovážném světě	Achieving Growth in a Rebalanced World
MILÁN – Přestože finanční krize už se zklidňuje, není pravděpodobné, že by posílily vyhlídky na růst v globální ekonomice.	MILAN – Although the financial crisis is winding down, the prospects for growth in the global economy are unlikely to pick up.
Zčásti je to nevyhnutelné.	This is, in part, inevitable.
Jde ale také o důsledek nevalné mezivládní koordinace v době, kdy světová ekonomika hledá ztracenou rovnováhu.	But it is also the result of poor coordination between governments as the world economy rebalances.
Před propuknutím krize američtí spotřebitelé v průměru buď nic neušetřili, anebo hromadili dluh.	Prior to the crisis, American consumers, on average, either saved nothing or accumulated debt.
To se teď změnilo.	That has now changed.
Vzhledem k vážné újmě, již majetku domácností uštědřil krach cen obytných prostor a další propady cen aktiv, zavládl chaos v penzijním a důchodovém zabezpečení.	With household wealth seriously damaged by the housing crash and other asset-price declines, pensions and retirement provisions are in disarray.
Jelikož ceny aktiv v nejbližší době nedosáhnou předkrizových úrovní (tedy pokud nenafouknou další bublinu a nezpůsobí tak riziko opětovné nestability), úspory domácností už ve Spojených státech vzrostly asi na 5 % disponibilního příjmu a zřejmě nadále porostou.	Because asset prices will not reach pre-crisis levels anytime soon (that is, without inflating another bubble and risking renewed instability), household saving in the United States has risen to about 5% of disposable income, and probably will rise further.
Tento ústup amerického spotřebitele je částí (snad až polovinou) procesu hledání nové rovnováhy ve světové ekonomice.	This withdrawal of the US consumer is part (perhaps half) of the process of rebalancing the global economy.
Obnovení americké rovnováhy úspor a investic naznačuje snížení globální agregátní poptávky o zhruba 800 miliard dolarů.	Restoring America’s savings-investment balance implies a reduction in global aggregate demand of around $800 billion.
Jistěže, fiskální deficity a nouzová opatření ve vyspělých ekonomikách a některých významných rozvojových zemích tento strmý propad zmírnily, neboť chybějící spotřebitele zčásti nahradily.	To be sure, fiscal deficits and emergency measures in advanced economies and some major developing countries have cushioned the sharp decline, substituting in part for missing consumers.
Tato substituce ale nemůže trvat navěky.	But this substitution cannot continue indefinitely.
Vlády ve vyspělých zemích budou nakonec nuceny výdaje snížit a centrální banky ustoupí od nouzového poskytování úvěrů a záruk.	In advanced countries, governments will eventually be forced to reduce spending, and central banks will withdraw from emergency credit provisions and guarantees.
Řada lidí je proto přesvědčena, že se blíží „nový normál“ pomalejšího růstu vyspělých zemí.	As a result, many believe that a “new normal” of slower advanced-country growth is upon us.
Přestože ceny aktiv se v mnoha zemích oživují a negativní růst zpomaluje, nezaměstnanost zůstává vysoká a nadále roste.	Despite a recovery in asset prices in many countries and the deceleration of negative growth, unemployment is high and rising.
Riziková rozpětí už sice od maxim vrcholné krize poklesla, ale v mnoha sektorech zůstávají úvěry napjaté či stěží dostupné, přičemž finanční sektor je na cestě k větší konzervativnosti – a bude zřejmě nově regulován vyššími požadavky na kapitál, rezervy a marže.	Risk spreads have declined from their mid-crisis highs, but credit in many sectors remains tight or barely available, while the financial sector is set to become more conservative – and is likely to be re-regulated with higher capital, reserve, and margin requirements.
A to je jen výchozí scénář.	And this is just the baseline scenario.
K rizikům negativního vývoje patří destabilizace v důsledku neschopnosti zkrotit deficity, inflace a zbavení centrálních bank autonomie a ztráta důvěry v dolar, který stále je rezervní měnou globální ekonomiky.	Downside risks include fiscal destabilization resulting from a failure to rein in deficits, inflation and withdrawal of central bank autonomy, and loss of confidence in the dollar, which continues to be the reserve currency for the global economy.
Není tedy divu, že mnozí erudovaní analytici uvážlivě očekávají, že postkrizový růst ve vyspělých zemích bude nižší, asi o 0,5 až 1 %.	Little wonder, then, that many knowledgeable analysts reasonably expect post-crisis growth in advanced countries to be lower, perhaps by 0.5 to 1%.
Zpomalení růstu vyspělých zemí o 1 % znamená každoroční snížení agregátní poptávky o zhruba 350 miliard dolarů, vedle úbytku plynoucího z hledání nové rovnováhy v USA.	A 1% slowdown in advanced-country growth translates into roughly $350 billion of missing aggregate demand every year, in addition to the shortfall because of rebalancing in the US.
Pokud zpomalení ve vyspělých zemích přetrvá, předkrizové úrovně růstu nebudou dosažitelné ani v rozvojovém světě, vzhledem k nedostatečné poptávce, která by vzniklé zvýšení výstupu absorbovala.	If the slowdown in advanced countries persists, pre-crisis growth levels will not be achievable in the developing world either, owing to insufficient demand to absorb the implied increase in output.
Samozřejmě že jednotlivé rozvojové země mohou být ušetřeny.	Of course, individual developing countries may be spared.
Je však neveselým matematickým faktem, že ne všichni si mohou vydobýt tržní podíl.	But it is an unfortunate mathematical fact that not everyone can gain market share.
Pokud je scénář vývoje vyspělých zemí správný, řada rozvojových zemí prodělá a zažije prudké snížení růstu.	If the advanced-country scenario is right, many developing countries will lose out and experience sharply diminished growth.
Před propuknutím krize měla řada lidí podezření, že agregátní poptávka umožňující vysoký růst je neudržitelná, třebaže problém se zdál snad příliš hypotetický na to, aby vyvolal kolektivní kroky.	Prior to the crisis, many suspected that the mix of aggregate demand that was supporting high growth was unsustainable, though the problem perhaps seemed too hypothetical to compel collective action.
To už je pryč.	Not anymore.
Jenže problém kolektivního úsilí je stále stejně náročný a vyžaduje bezodkladnou pozornost, chceme-li aby se růstové aspirace světa naplnily.	But the collective action problem is no less daunting, and it requires urgent attention if the world’s growth aspirations are to be achieved.
Problém je tím naléhavější, že jednotlivé země mohou svůj tržní podíl posílit nejen větší konkurenční schopností soukromého sektoru, ale také zaváděním ochranářských opatření.	The problem is all the more pressing because countries can achieve gains in market share not only through higher private-sector competitiveness, but also by means of protectionist measures.
A jak už jsme u snah mnoha zemí krizi zmírnit zaznamenali, jakmile zavládne nedostatek agregátní poptávky, zavádění nekooperativních, protekcionistických opatření je mnohem pravděpodobnější – přestože se všeobecně uznávají za mimořádně destruktivní.	And, as we have seen in many countries’ efforts to ameliorate the crisis, the non-cooperative protectionist response is much more likely to be adopted – despite wide recognition that it is highly destructive – when aggregate demand is in short supply.
Co tedy lze udělat na podporu globální agregátní poptávky a růstových vyhlídek, aby přitom zůstala zachována ekonomická otevřenost, která v posledních 30 letech tak významně prospěla rozsáhlým částem rozvojového světa?	So what can be done to shore up global aggregate demand and growth prospects, while preserving the economic openness that has benefited major parts of the developing world so greatly in the past 30 years?
Zaprvé, státy s přebytky běžného účtu, jako Německo, Japonsko a Čína, si musí uvědomit, že jejich vlastní růst (a růst ostatních) závisí na snižování globální nerovnováhy úspor a investic, které vyústí v zužování vnějších schodků jinde na světě.	First, countries with current-account surpluses such as Germany, Japan and China must recognize that their own growth (and that of others) depends on reducing the global savings-investment imbalance, which will result in narrowing external deficits elsewhere.
Je třeba takto postupovat udržitelným způsobem, až dojde k ukončování mimořádného fiskálního stimulu.	This needs to be done on a sustained basis following the withdrawal of extraordinary fiscal stimulus.
Zadruhé, všichni musí pochopit svůj vlastní zájem na co nejúplnějším a co nejrychlejším obnovení vyváženého růstu vyspělých zemí, aby potlačoval probíhající propad agregátní poptávky.	Second, everyone must recognize their stake in restoring balanced advanced-country growth as much and as soon as possible in order to counter the ongoing shortfall in aggregate demand.
Vždyť vyspělé země tvoří dvě třetiny celosvětového HDP, takže pomalý růst v těchto zemích nevyhnutelně zbrzdí globální růst a oseká růstový potenciál velké části rozvojového světa.	After all, advanced countries account for about two-thirds of global GDP, so slow growth in these countries will inevitably impede global growth and truncate the growth potential of much of the developing world.
Jde však o velice komplikovaný úkol, protože zkrácení dluhové páky a nalezení opětovné rovnováhy nelze uskutečnit přes noc.	This challenge, however, is very complex because deleveraging and rebalancing cannot be completed overnight.
Máme ovšem možnost provést zásadní kroky: obnovit fiskální rovnováhu v řádně komunikovaných plánech, zavázat se k autonomii centrálních bank a nízké inflaci a nalézt promyšlenou rovnováhu mezi nedostatečností a nadměrností regulace finančního sektoru.	But key steps can and should be taken: restoration of fiscal balance in well-communicated plans, commitment to central bank autonomy and low inflation, and striking a thoughtful balance between under- and over-regulation of the financial sector.
Zvenčí mohou opětovné nalezení rovnováhy podpořit významní obchodní partneři a držitelé aktiv vyspělých zemí, a to tím, že vysloví souhlas s tím, že se vystříhají náhlých a potenciálně destabilizačních změn ve skladbě svých bilancí.	Externally, major trading partners and holders of advanced-country assets can support rebalancing by agreeing to avoid sudden and potentially destabilizing shifts in the composition of their balance sheets.
Jsou tu tedy dvě zásadní témata, která si v nadcházejících měsících musí vydobýt přednostní místo na nejvyšších příčkách ekonomické agendy.	So, two crucial items must claim priority at the top of the world’s economic agenda in the months ahead.
Prvním je úprava regulace finančních soustav vyspělých zemí za účelem zajištění vyšší stability, aniž by to ovšem narušilo jejich zásadní funkce nebo zbytečně zvýšilo cenu kapitálu.	The first is re-regulation of advanced countries financial systems with a view to ensuring greater stability without impairing essential functions or unnecessarily elevating the cost of capital.
Druhým je soubor ujednání a závazků mezi předními vyspělými a rozvojovými zeměmi, že dojde k obnově rovnováhy globální ekonomiky, aby se zotavila agregátní poptávka a růst.	The second is a set of understandings and commitments among the major advanced and developing countries to rebalance the global economy in order to restore aggregate demand and growth.
Podaří-li se toho dosáhnout, svět udělá významný krok směrem k relativně hladkému, efektivnímu a spravedlivému globálnímu ekonomickému oživení.	If that can be accomplished, the world will have taken a major step toward a relatively smooth, effective, and equitable global economic recovery.
	
Krize jedné civilizace	A Civilization in Crisis
	
Chemický pomeranč	A Clockwork Chemistry
OXFORD – V novele Anthonyho Burgesse (a ve filmu Stanleyho Kubricka) Mechanický pomeranč má Alex, psychopat bez výčitek svědomí, oči násilím otevřené dokořán a je nucen sledovat násilné obrazy.	OXFORD – In Anthony Burgess’s novella (and Stanley Kubrick’s film) A Clockwork Orange, Alex, an unrepentant psychopath, has his eyes pried wide open and is forced to watch violent images.
Jako Pavlovovu psu je Alexovi vštěpována reakce nevolností na násilí a sex.	Like Pavlov’s dog, Alex is being programmed to respond with nausea to violence and sex.
Tato scéna je stále šokující, ale tak jako většina science fiction zestárla.	This scene remains shocking, but, like most science fiction, it has aged.
Behavioristická psychologie, z níž čerpala, dávno ztratila platnost a strach, že věda bude zneužita k morálnímu vylepšování lidí, dokonce snad násilného, dnes už zní zastarale.	The behaviorist psychology it drew upon has long expired, and the fear that science will be used to make, or even force, people to be morally better now sounds old-fashioned.
Science fiction sice stárne rychle, ale má dlouhý posmrtný život.	Science fiction ages fast, but it has a long afterlife.
V uplynulém desetiletí se zástupy psychologů, neurovědců a evolučních biologů snažily odhalit neuronový „mechanický strojek“, z něhož lidská mravnost vychází.	Over the past decade, an army of psychologists, neuroscientists, and evolutionary biologists has been busy trying to uncover the neural “clockwork” that underlies human morality.
Vydali se po stopách evolučních počátků prosociálních citů, jako je empatie, a začali odhalovat jednak geny způsobující náchylnost některých jedinců k nesmyslnému násilí a jiných k projevům altruismu, jednak dráhy v lidském mozku formující naše etické rozhodování.	They have started to trace the evolutionary origins of pro-social sentiments such as empathy, and have begun to uncover the genes that dispose some individuals to senseless violence and others to acts of altruism, and the pathways in our brain that shape our ethical decisions.
Pochopit, jak něco funguje, je ovšem také začátkem objevování způsobů, jak to pozměnit, nebo dokonce řídit.	And to understand how something works is also to begin to see ways to modify and even control it.
Vědci skutečně neobjevili jen některé z mozkových drah utvářejících naše etická rozhodnutí, ale také chemické látky, které tuto nervovou činnost modifikují.	Indeed, scientists have not only identified some of the brain pathways that shape our ethical decisions, but also chemical substances that modulate this neural activity.
Nedávná studie doložila, že antidepresivum Citalopram dokáže změnit reakce jedinců na hypotetické scénáře mravních dilemat.	A recent study has shown that the anti-depressant Citalopram can change the responses of individuals to hypothetical moral dilemma scenarios.
Osoby, jimž byl lék podáván, projevily menší ochotu obětovat jedince, aby zachránily život několika dalším.	Individuals given the drug were less willing to sacrifice an individual to save the lives of several others.
Jiná série studií ukázala, že podávání hormonu oxytocinu pomocí nosního spreje zvyšuje důvěru a kooperativní chování uvnitř sociálních skupin, ale zároveň omezuje spolupráci s těmi, kdo jsou považováni za cizince.	Another series of studies has shown that when the hormone oxytocin is administered via nasal spray, it increases trusting and cooperative behavior within social groups, but also decreases cooperation with those perceived as outsiders.
Neurovědci dokonce magneticky „vypnuli“ pečlivě zaměřené oblasti v mozku vybraných lidí, aby překvapivými způsoby ovlivnili jejich mravní úsudek – například jim usnadnili lhaní.	Neuroscientists have even magnetically “zapped” carefully targeted areas of people’s brains to influence their moral judgments in surprising ways – for example, making it easier for them to lie.
Nikdo samozřejmě nevyvíjí „pilulku mravnosti“, která nás promění ve světce.	Of course, no one is developing a “moral pill” that will transform us into saints.
Výzkum ale rychle postupuje a je téměř jisté, že naznačí nové způsoby jak přetvořit naše morální instinkty, city a motivace.	But the research is advancing fast, and it is almost certain to suggest new ways to reshape our moral intuitions, sentiments, and motivations.
Měli bychom své rozšiřující se vědecké poznání základů lidské mravnosti využít k morálnímu zlepšování lidí?	Should we use our growing scientific understanding of the basis of human morality to try to make people morally better?
Mechanický pomeranč byl obviňován z glorifikace násilí a některé jeho scény je stále těžké sledovat.	A Clockwork Orange was accused of glorifying violence, and some of its scenes are still hard to watch.
Sám Burgess ale tvrdil, že novela má téměř křesťanské poselství: lidmi nás činí naše svoboda zvolit si jak dobro, tak zlo, a jestliže společnost jedince drtí, aby žil v servilní konformitě, není to o nic méně ohavné než sadismus psychopatů jako Alex, ba možná ještě ohavnější.	But as Burgess himself argued, the novella has an almost Christian message: what makes us human is our freedom to choose both good and evil, and for society to crush individuals into servile conformity is as wicked as, and perhaps even worse than, the sadism of psychopaths like Alex.
Mám dojem, že většina lidí se s tímto názorem ztotožní.	I suspect that many will agree with this view.
Budou zajedno s tím, že naše schopnost rozlišovat dobro a zlo není rozbitý strojek, který by vědci měli opravit, ale cosi cenného, co bychom měli ochraňovat.	They will agree that our ability to distinguish right from wrong is something precious that we should safeguard, not a broken clock that scientists should fix.
Ovšemže na většinu z nás není třeba nikterak působit, aby v nás znásilnění či mučení vyvolávalo odpor.	Of course, most of us don’t need to be conditioned to feel repulsed by rape or torture.
To však neznamená, že jsme mravně dobří či dostatečně dobří.	But this does not mean that we are morally good, or good enough.
Zatímco čtete tyto řádky, zcela obyčejní lidé kdesi ve světě páchají na jiných nevyslovitelné věci.	As you read this, perfectly ordinary people somewhere in the world are doing unspeakable things to others.
I v nejvyspělejších a nejmovitějších společnostech je nutné rozsáhlé a koncentrované úsilí, aby byla zachována i jen minimální slušnost: připomeňme si zámky, bezpečnostní alarmy, policii, soudy, věznice.	Even in the most advanced and affluent societies, a vast concentrated effort is needed to preserve even minimal decency: think of locks, security alarms, police, courts, and prisons.
Nadto není jisté, zda nám na ostatních skutečně sejde nebo zda lidem méně šťastným dáváme dost.	And it is doubtful that we really care enough about others, or give enough to the less fortunate.
Člověk se rodí se schopností být mravný, ale jde o schopnost omezenou, která není připravena na řešení etických spletitostí moderního světa.	Humans are born with the capacity to be moral, but it is a limited capacity which is ill equipped to deal with the ethical complexities of the modern world.
Tisíce let lidstvo ve snaze přimět lidi ke slušnému chování spoléhá na vzdělávání, přesvědčování, společenské instituce a hrozby reálným (či nadpřirozeným) trestem.	For thousands of years, humans have relied on education, persuasion, social institutions, and the threat of real (or supernatural) punishment to make people behave decently.
Všichni bychom mohli být mravně lepší, ale je jasné, že tradiční přístup nás mnoho neposune.	We could all be morally better, but it is clear that this traditional approach cannot take us much further.
Neplatí, že se lidé znenadání začnou chovat lépe, předložíme-li jim více faktů a statistik nebo lepší argumenty.	It is not as if people would suddenly begin to behave better if we just gave them more facts and statistics, or better arguments.
Neměli bychom tedy ukvapeně zavrhovat úvahu, že by mohla pomoci věda – v prvé řadě tím, že nám pomůže vytvořit účinnější instituce, podnětnější mravní výchovu či přesvědčivější etické argumenty.	So we shouldn’t be too quick to dismiss the suggestion that science might help – in the first instance, by helping us design more effective institutions, more inspiring moral education, or more persuasive ethical arguments.
Věda ale může nabídnout i bezprostřednější způsoby ovlivňování našich mozků.	But science might also offer more direct ways of influencing our brains.
Science fiction naše možnosti občas spíš zužuje, než rozšiřuje.	Science fiction sometimes limits rather than expands our sense of what is possible.
Pokoušet se mravnost prosazovat brutálním donucováním by bylo přinejmenším odsouzeno k nezdaru.	It would be self-defeating, or worse, to try to promote morality through brutal coercion.
Vlády nesmí získat pravomoc řídit mravní kodex svých občanů – víme, že kdyby takovou moc získaly, zneužily by ji.	Governments must not be given the power to control its citizens’ moral code – we know that if they had such power, they would misuse it.
Bylo by ideální, kdyby jedinci mohli svobodně zkoušet různé způsoby sebezdokonalování, ať už praktickou dbalostí, čtením etických spisů anebo užíváním „pilulky mravnosti“.	It would be ideal if individuals could freely explore different ways to improve themselves, whether by practicing mindfulness, reading moral philosophy, or, yes, by taking a ’morality’ pill.
Je ale také pravda, že ačkoliv někteří lidé rádi berou prášky, po nichž se lépe cítí nebo bystřeji myslí, není až tak jisté, že by lidé skutečně chtěli užívat pilulky, které by je mravně zdokonalovaly.	But it is also true that although some people are eager to take pills that make them feel better or think faster, it is not so obvious that people would really want to take pills that would make them morally better.
Není zřejmé, zda lidé chtějí být morálně lepší.	It is not clear that people really want to be morally better.
Navíc ti, kdo pomoc potřebují nejvíc, jako psychopatický Alex, by to pravděpodobně chtěli nejméně.	And those who, like the psychopathic Alex, need the most help are probably those who would want it least.
Jde samozřejmě o hypotetické otázky.	These are, of course, hypothetical questions.
Dosud nevíme, co je možné.	We don’t yet know what is possible.
Je ale lepší tuto etickou diskusi začít raději příliš brzy než příliš pozdě.	But it is better to begin the ethical discussion too early than too late.
I když jsou „pilulky mravnosti“ jen science fiction, vyvolávají hluboké otázky.	And even if “moral pills” are just science fiction, they raise deep questions.
Budeme je chtít užívat, budou-li jednou k dostání?	Will we want to take them if they ever become available?
A pokud chtít nebudeme, co to o nás vypovídá?	And what does it say about us if we won’t?
	
Mraky nad bezpečností letecké přepravy	A Cloud over Airplane Safety
PRINCETON – Když se po uzavření způsobeném erupcí islandské sopky Eyjafjallajökull znovu otevřela letiště po celé Evropě, nestalo se tak v důsledku snížení objemu popela v atmosféře, nýbrž v důsledku přehodnocení rizika, které popel představuje pro bezpečnost letadel.	PRINCETON – When airports across Europe reopened after the closure caused by the eruption of Iceland’s Eyjafjallajökull volcano, it was not because the amount of ash in the atmosphere had dropped, but because the risk that the ash posed to airplane safety had been reassessed.
Vedly ke zrušení zákazu letů nové vědecké informace, anebo šlo o odraz lidských i ekonomických potíží, které tento zákaz způsoboval?	Was it new scientific information that led to the lifting of the flight ban, or was it a reflection of the hardship, both personal and economic, that the ban was causing?
V průběhu šesti dní bylo zrušeno zhruba 95 000 letů, což letecké společnosti stálo více než miliardu dolarů.	Over six days, about 95,000 flights were canceled, at a cost to airlines of more than $1 billion.
Odhadem pět milionů lidí zůstalo na zemi nebo se opozdilo.	An estimated five million people were stranded or delayed.
Britská ekonomika zaznamenala ztrátu 1,5 miliardy liber a podobně postižené byly i ekonomiky další.	The British economy lost £1.5 billion, and others were similarly affected.
Pěstitelé květin v Keni, kteří jsou odkázáni na leteckou přepravu dopravující jejich rychloobrátkové zboží do Evropy, byli náhle bez příjmů.	Flower growers in Kenya, who depend on air transport to take their short-lived product to Europe, suddenly had no income.
Šestnáct lidí trpících rakovinou, kteří kriticky potřebovali kostní dřeň k transplantaci, se ocitlo v ohrožení, poněvadž vyhovující dřeň k nim nemohla být letecky přepravena ze Spojených států či Kanady.	Sixteen cancer patients in critical need of bone marrow for transplants were put at risk because the matching marrow could not be flown in from the United States or Canada.
Proudová letadla, která v minulosti vletěla do sopečného popela nad USA, Indonésií, Filipínami a Mexikem, ztratila dočasně výkon motorů a v jednom případě se propadla o několik set metrů, ale všem se nakonec podařilo bezpečně přistát.	In the past, jets flying into ash from volcanoes in the US, Indonesia, the Philippines, and Mexico have temporarily lost engine power, and in one case, dropped thousands of feet, although all managed to land safely.
Neexistovaly však žádné důkazy, že rozptýlenější popel šířící se z Islandu nad Evropu by způsobil podobné problémy.	But there was no evidence that the more widely dispersed ash blowing over Europe from Iceland would cause similar problems.
Rozhodnutí zakázat letový provoz bylo založeno na názoru, že jakákoliv koncentrace popela v atmosféře představuje určité riziko pro letadla a že bez ohledu na to, jak může být toto riziko nepatrné, je úkolem vlády „zajistit, aby byla bezpečnost na prvním místě“, jak se vyjádřil britský premiér Gordon Brown.	The decision to ground flights was based on the view that any level of ash in the atmosphere posed some risk to aircraft, and that no matter how slight that risk might be, the government’s job was, as British Prime Minister Gordon Brown put it, “to make sure that safety was paramount.”
Zdá se, že evropské vlády skutečně daly uzavřením oblohy absolutní prioritu bezpečnosti nade vším ostatním.	Indeed, in closing their skies, European governments seem to have given safety absolute priority over everything else.
V jiných oblastech se však žádná z nich tímto principem neřídí.	Yet none of them act on that principle in other areas.
Každý den například zemře na světových silnicích přibližně 3000 lidí.	Some 3,000 people die on the world’s roads every day.
Omezení rychlosti na řekněme 10 kilometrů za hodinu by zabránilo většině nehod a zachránilo řadu životů.	Cutting speed limits to, say, 10 kilometers per hour would prevent most accidents and save many lives.
Přesto to neděláme, protože dáváme bezpečnosti nižší prioritu než své touze trávit méně času jízdou.	We don’t do it, because we give safety a lower priority than our desire to spend less time driving.
Cena, kterou jsme ochotni platit za bezpečnost, nemůže být nekonečná.	The price we are willing to pay for safety cannot be infinite.
Je odpudivé dávat na lidský život cenovku, ale čím více utratíme za bezpečnost, tím méně nám zbude na jiné účely.	It is distasteful to put a price on human life, but the more we spend on safety, the less we will have for our other goals.
Britská vláda používá částku o něco vyšší než jeden milion liber jako obecnou hranici sumy, kterou je ochotna zaplatit za záchranu statistického života – například zvýšením bezpečnosti silničního provozu.	The British government uses a figure of a little more than £1 million as a general limit to the amount it is prepared to pay to save a statistical life – for example, by improving road safety.
V USA je ministerstvo dopravy připraveno jít za stejným účelem až na 5,8 milionu dolarů – to je při současném směnném kurzu téměř čtyřikrát více.	In the US, the Department of Transportation is prepared to go up to $5.8 million – nearly four times as much, at current exchange rates – for the same purpose.
Znamená to, že bezpečnost je v USA prvořadá, zatímco v Británii nikoliv?	Does that mean that safety is paramount in the US, but not in Britain?
Giovanni Bisignani, šéf Mezinárodního sdružení pro leteckou přepravu, uzavření vzdušného prostoru kritizoval, neboť mu podle jeho slov nepředcházelo žádné hodnocení rizik.	Giovanni Bisignani, the head of the International Air Transport Association, an industry group, criticized the shutdown, saying that no risk assessment had been undertaken.
Celkově se však zdálo, že veřejnost toto rozhodnutí podporuje.	On the whole, though, the public seemed to support the decision.
Pasažéři, kteří uvízli na letištích, v rozhovorech obvykle říkali, že budou raději sedět na letišti než v letadle, které spadne z oblohy.	Stranded travelers, interviewed at airports, typically said that they would rather be stuck at an airport than in a plane falling out of the sky.
Co když však mají někteří cestovatelé vyšší toleranci rizika nebo naléhavější potřebu cestovat než jiní?	But what if some travelers have a higher tolerance of risk, or just a more urgent need to travel, than others?
John Stuart Mill ve své klasické knize O svobodě nastínil situaci, v níž se jistý člověk rozhodne přejít most, o němž víme, že není bezpečný.	John Stuart Mill, in his classic book On Liberty, considered a situation in which a man sets out to cross a bridge that we know is unsafe.
Podle Millova názoru máme právo ho zastavit pouze proto, abychom se ujistili, že si je nebezpečí vědom.	In Mill’s view, we are justified in stopping him only to make sure that he is aware of the danger.
Jakmile o něm ví, je rozhodnutí na něm, jelikož pouze on může posoudit důležitost své cesty a poměřit ji s rizikem, které podstupuje.	Once he knows of it, the decision is his to make, because only he can judge the importance of his journey, and balance that against the risk he is running.
Bezpečnost letového provozu je poněkud odlišná, protože ztroskotavší letadlo může zabít i lidi na zemi, avšak zdaleka největší riziko nesou pasažéři a posádka.	Air safety is slightly different, because a crashing plane can kill people on the ground, but the greatest risks by far are borne by the passengers and crew.
Jsou-li o rizicích plně informováni, a přesto jsou ochotni letět – posádce bylo třeba nabídnuto více peněz, což se pracovníkům vykonávajícím nebezpečná povolání často děje –, měli bychom jim bránit, aby se sami rozhodli, zda poletí?	If they are fully informed of the risks, and are still willing to fly – perhaps the crew has been offered more money, as workers in dangerous occupations often are – should we prevent them from making the decision to fly?
Poté, co testovací lety bez pasažérů neprokázaly žádné poškození motorů a výrobci leteckých motorů sdělili úřadům pro letectví, že jejich výrobky dokážou bezpečně fungovat i při nízké úrovni popela v atmosféře, se nakonec evropské vzdušné prostory opět otevřely.	In the end, after test flights with no passengers aboard had shown no engine damage, and aircraft engine manufacturers told aviation authorities that their engines could operate safely with a low level of ash in the atmosphere, Europe’s skies were reopened.
Mezinárodní úřad pro civilní letectví oznámil, že svolá skupinu expertů, kteří mu pomohou stanovit směrnice, jimiž se bude tento sektor řídit při rozhodování, jaká koncentrace popela v atmosféře již činí lety nebezpečnými.	The International Civil Aviation Authority has announced that it will convene a group of experts to help it provide guidance for the industry to decide what level of ash in the atmosphere makes it unsafe to fly.
Když jsme nyní viděli, s jakými náklady je spojeno poskytnutí absolutní priority bezpečnosti, víme, že nejde jen o technickou otázku.	Now that we have seen the costs of giving absolute priority to safety, we know that this is not only a technical question.
Věřím, že se mezi experty najdou takoví, kteří se zamýšlejí i nad etickou otázkou v pozadí: jak velká míra bezpečí by měla být naším cílem?	I trust that among the experts will be some who have pondered the underlying ethical question: how safe should we aim to be?
	
Komunistická strana bez komunismu	A Communist Party without Communism
PRINCETON – Skutečnost, že ruský prezident Vladimir Putin pomazal Alexandra Medvěděva jakožto svého nástupce v údajně demokratických březnových prezidentských volbách, ukazuje, že nejvyšší ruští představitelé se ani za mák nezměnili.	PRINCETON – Russian President Vladimir Putin’s anointment of Alexander Medvedev to succeed him in what is supposed to be a democratic presidential election next March shows that Russia’s leaders have not changed a whit.
Zdá se stále pravděpodobnější, že stejně jako za Leonida Brežněva budeme i nyní vídat ve zprávách po desítky let stejná jména.	It looks increasingly likely that, as under Leonid Brezhnev, we will see the same names in the news for decades to come.
Podle Gleba Pavlovského, čelního ideologa Putinova režimu, je současný ruský systém dokonalý ve všech ohledech kromě jediného: nezná své nepřátele.	According to Gleb Pavlovsky, the Putin regime’s leading ideologist, the current Russian system is perfect in all respects but one: it doesn’t know its enemies.
Dokonce to vypadá, jako by všichni v Kremlu četli nacistického právního teoretika Carla Schmitta, který učil, že pojmenování nepřítele je stěžejním úkolem politiky.	Indeed, it seems as if everyone in the Kremlin is reading Carl Schmitt, the Nazi legal theorist who taught that naming your enemy is the central mission of politics.
Ve Schmittově duchu označili Putinovi lidé za svého arcinepřítele liberální stranu Svaz pravicových sil.	In the spirit of Schmitt, Putin’s men designated a liberal party, the Union of Right Forces, as their ur-enemy.
Její veřejná shromáždění rozháněli ozbrojení policisté, její předáci byli zatýkáni a biti a Putin prohlásil její stoupence za „kojoty“.	Its public meetings were broken up by armed police; its leaders arrested and beaten; Putin called its supporters “coyotes.”
Překvapivé je, že toto agresivní chování není reakcí na žádné viditelné nebezpečí.	What is surprising is that this aggressive behavior occurred in response to no visible danger.
Ceny ropy strmě rostou a Putinova obliba u veřejnosti také.	Oil prices are soaring, as are Putin’s approval ratings.
Jím jmenovaní lidé kontrolují vše, co má nějaký význam, od Gazpromu až po Ústřední volební komisi.	His appointees control everything that matters, from Gazprom to the Central Electoral Committee.
Od pacifikace Čečenska prostřednictvím násilí a dotací, uvěznění či emigrace několika finančně zdatných protivníků a mohutných „sociálních investic“ z posledních let, které pod Medvěděvovým osobním dohledem uplatily obyvatelstvo, nemůže žádná reálná síla vážně ohrozit Putinovy lidi.	Since the pacification of Chechnya with violence and subsidies, the incarceration or emigration of a few financially viable opponents, and the massive “social investments” of recent years, which, under Medvedev’s personal supervision, have bribed the population, no credible force can seriously challenge Putin’s men.
Přesto je jejich režim v krizi a oni to vědí.	Yet their regime is in crisis, and they know it.
Ruská ekonomika je závislá na plynu a ropě víc než kdykoliv předtím.	Russia’s economy is more dependent on gas and oil than ever before.
Reforma armády uvízla na mrtvém bodě.	Military reform has been reversed.
Navzdory rostoucím příjmům jsou Rusové méně vzdělaní a méně zdraví než v době, kdy se Putin dostal k moci; stále umírají v otřesně mladém věku.	Despite increasing incomes, Russians are less educated and less healthy than they were when Putin came to power; they still die at a shockingly young age.
A ruské angažmá ve světových záležitostech je poskvrněno jedem a korupcí.	Russian involvement in world affairs is tainted by poison and corruption.
Státní monopoly bourají, co soukromé firmy vytvořily.	State monopolies undo what private businesses created.
Byrokrati s nekvalitním vzděláním díky vyššímu toku peněz najímají další byrokraty s nekvalitním vzděláním a v důsledku toho není režim schopen vládnout zemi.	With more money, ill-educated bureaucrats hire more ill-educated bureaucrats; as a result, the regime fails to rule the country.
Ta je v rozháraném stavu a její vládcové to vědí.	The country is unruly, and its rulers know it.
A tak propadají panice.	So they panic.
Putinovým cílem bylo podřídit veškerou moc kontrole ruských bezpečnostních sil.	Putin’s aim was to subject all power to the control of Russia’s security forces.
Jeho generace důstojníků KGB přihlížela kolapsu komunistické strany a všech vládních orgánů, které „řídila a kontrolovala“, včetně KGB samotné.	His generation of KGB officers watched the collapse of the Communist Party and all the governmental bodies that it “directed and controlled,” including the KGB.
Za Putina se tato bezpečnostní služba dočkala pomsty.	Under Putin, the security service has had its revenge.
Její lidé se stali mocnými, arogantními a nesmírně bohatými.	Its people have become powerful, arrogant, and enormously rich.
A také „neposlušnými“.	They have also become disobedient.
V roce 2004 zveřejnil tehdejší Putinův zástupce v severozápadním Rusku, generál Viktor Čerkesov, esej, která oslavovala KGB coby jedinou nezkaženou autoritu ve zkorumpované zemi.	In 2004, General Viktor Cherkesov, then Putin’s representative in northwest Russia, published an essay that glorified the KGB as the only unspoiled authority in a corrupted country.
Právě tato esej víc než cokoliv jiného definovala Putinovo druhé funkční období.	This essay, more than anything else, defined Putin’s second term.
V říjnu 2007 zveřejnil Čerkesov (dnes šéf jedné z nejobskurnějších a nejmocnějších služeb, Federální protidrogové správy) další esej, v níž hořekoval nad úpadkem svých kolegů: bojovníci se proměnili v obchodníky, postěžoval si.	In October 2007, Cherkesov (now chief of one of the most obscure and powerful services, the Federal Anti-Drug Administration) published another essay in which he lamented his colleagues’ degradation: warriors had turned into traders, he complained.
Ještě předtím zatkli generálové z konkurenční služby FSB Čerkesovova zástupce za „nezákonné odposlouchávání“.	Earlier, generals from a competing service, the FSB, had arrested Cherkesov’s deputy for “illegal bugging.”
Čerkesov pak učinil veřejné gesto zoufalství a přiznal nezdar Putinova projektu oživit ruskou vládu tím, že ji podřídí bezpečnostním složkám.	In a public gesture of despair, Cherkesov admitted the failure of Putin’s project to reanimate Russian governance by subordinating it to the security services.
Čerkesovův zástupce zůstává ve vězení a většina lidí se domnívá, že Putin není schopen zasáhnout na jeho obranu.	Cherkesov’s deputy remains in prison. Most believe that Putin is unable to intervene in his defense.
Při absenci kontroly komunistické strany zradili tito bezpečnostní činitelé profesní etiku a zapojili se do koňských handlů, přičemž neváhali použít sílu, když nějaký obchod neprobíhal dobře.	In the absence of Communist Party control, these security officers betrayed their corporate ethic and engaged in horse-trading, applying force when a trade did not go well.
Že se to děje obyčejným Rusům, je nabíledni; Čerkesov však odhalil, že se s touto situací potýká už i okruh Putinových lidí.	That this happens to ordinary Russians is clear; what Cherkesov revealed was that Putin’s circle also confronts this situation.
Co lze dělat, když bývalí bojovníci z KGB obrátí své meče a štěnice proti sobě?	What is to be done when ex-KGB warriors turn their swords and bugs against one another?
Čerkesovův případ je typickým příkladem Putinovy noční můry.	Cherkesov’s case exemplifies Putin’s nightmare.
Pokud vás však zradí instinkty, uchýlíte se k instinktům ještě hlubším.	But if your instincts betray you, you go back to even deeper ones.
Když nyní Putinovi lidé opustili neoliberální ideje svých předchůdců a cítí rozčarování z kliky bývalých agentů KGB, je příkazem dne opětovné vytvoření všudypřítomné politické strany, která kontroluje bezpečnostní služby, státní správu, podnikání i mnoho dalších věcí.	Now that Putin’s people have left their predecessors’ neo-liberal ideas behind and feel disenchanted with the ex-KGB clique, the task is to recreate an omnipresent political party that controls the security services, the administration, business, and much else.
Tato strana bude centralizována pod osobním vedením a poníží stát na pouhou právní fikci.	This party will be centralized under personal leadership and will reduce the state to a legal fiction.
Její nejvyšší činitelé budou kázat nacionalismus a věřit ve vlastní univerzální kompetentnost jakožto protiklad profesionalismu a korporativismu na způsob KGB.	Preaching nationalism, its managers will believe in their universal competence, as opposed to KGB-style professionalism and corporatism.
Boris Jelcin zakázal dekretem činnost stranických organizací ve státem kontrolovaných institucích.	Boris Yeltsin forbade party cells in state-controlled institutions by decree.
Putinovi právníci toto rozhodnutí zvrátí: strana bude mít buňky či výbory v každé továrně, firmě, vojenské jednotce, univerzitní katedře atd. Členové strany, semknutí vůdcovým charismatem a stranickou disciplínou, se zaměří na zbědovanou zemi a sjednotí ji.	Putin’s lawyers will reverse that decision; the party will have cells or committees in every factory, corporation, military unit, university department, etc. Integrated by the leader’s charisma and party discipline, party members will direct and unify the desolated country.
Takový je Putinův plán.	This is Putin’s plan.
Stejně jako bývalý sovětský vůdce Jurij Andropov, jediný další člověk z KGB, který kdy vládl Rusku, se také Putin stane generálním tajemníkem strany.	Like former Soviet leader Yuri Andropov, the only other KGB man to rule Russia, Putin will become the party’s general secretary.
A stejně jako za sovětských dob se státní a vládní úředníci promění v pouhé stranické nicky – tutéž roli bude ostatně pod generálním tajemníkem Putinem hrát i prezident Medvěděv.	As in the Soviet era, state and governmental officials will be reduced to party ciphers – the role that President Medvedev will play under General Secretary Putin.
Funkce generálního tajemníka navíc samozřejmě není svázána žádným ústavně předepsaným časovým ohraničením.	And, of course, being General Secretary carries no constitutional term limit.
Nakonec bude mít Putin to, co mu dějiny zanechaly: nikoliv ideje, nýbrž jen frakci toužící upevnit vlastní moc.	In the end, Putin has what history left him: not ideas, just a faction yearning to consolidate its grip on power.
Lenin a Trockij potřebovali stranu, aby proměnili svou ideologii v realitu; Putin a Medvěděv vymýšlejí ideologii, aby upevnili svou stranu.	Lenin and Trotsky needed a party to make their ideology a reality; Putin and Medvedev are devising an ideology to solidify their party.
Je to bizarní ideologie.	It is a bizarre ideology.
Obviňováním bojovníků z toho, že jsou obchodníky, a obchodníků že jsou zloději, se tato ideologie zříká svého marxistického původu.	Accusing warriors of being traders and traders of being thieves, it shuns its Marxist origins.
Všechny, kdo opravdu dělají nějakou práci – obchodníky, bojovníky, novináře i další –, pak podřídí stranickým ideologům, jejichž jediným úkolem je hledat nepřátele.	It will subordinate all who really do work – traders, warriors, journalists, and others – to party ideologues whose sole job is to search for enemies.
	
Konfederativní řešení pro Palestinu	A Confederal Solution for Palestine
LONDÝN – Když jsem minulý měsíc pobýval v New Yorku, náhodou jsem bydlel ve stejném hotelu jako izraelský premiér Benjamin Netanjahu.	LONDON – Last month, while in New York City, I happened to be staying in the same hotel as Israeli Prime Minister Binyamin Netanyahu.
Aby se vyhovělo jeho bezpečnostním potřebám, proměnil se hotel v pevnost, do značné míry stejně jako samotný Izrael.	To accommodate his security needs, the hotel had been converted into a fortress, much like Israel itself.
Netanjahu byl ve Spojených státech kvůli dalšímu kolu blízkovýchodních mírových rozhovorů.	Netanyahu was in the United States for yet another round of Middle East peace talks.
USA nabídly nejrůznější cukrátka, aby přiměly Izrael zmrazit výstavbu osad na západním břehu Jordánu na dalších 90 dní.	The US offered various sweeteners to induce Israel to freeze its West Bank settlement construction for another 90 days.
Izraelci to odmítli, čímž bylo dosaženo dalšího patu.	The Israelis refused; another impasse was reached.
Jaké by tedy mohly být vyhlídky dojednaného míru mezi dvěma národy vznášejícími nároky na stejné území?	What, then, might be the prospects of a negotiated peace between two peoples with claims to the same land?
Odpověď zní: velmi slabé.	The answer is: very poor.
Všechna mírová úsilí od dohod z Osla z roku 1993 byla založena na „řešení spočívajícím v existenci dvou států“, podle něhož má Izrael vydat okupovaná území palestinskému státu, Palestinci se mají zříci veškerých nároků na židovský stát a všichni mají šťastně žít až do smrti.	All peace efforts since the Oslo accords of 1993 have been based on the “two-state solution,” according to which Israel is supposed to turn over the occupied territories to a Palestinian state, the Palestinians are supposed to renounce any claims on the Jewish state, and everyone is supposed to live happily ever after.
Dojednané řešení „území za mír“ nadále zůstává oficiální doktrínou Západu.	A negotiated “land for peace” solution still remains official Western doctrine.
Jak v nedávném projevu uvedla americká ministryně zahraničí Hillary Clintonová, „spravedlivý, trvalý a všeobecný mír“ musí být založen na „dvou státech pro dva národy“.	As US Secretary of State Hillary Clinton put it in a recent speech, “a just, lasting, and comprehensive peace” has to be based on “two states for two peoples.”
Dvě hlavní strany sporu, Palestina a Izrael, zatím hledají jednostranné alternativy vůči zablokovanému „mírovému procesu“.	Meanwhile, the two main parties to the dispute, Palestine and Israel, are searching for unilateral alternatives to the stymied “peace process.”
Palestinci prosazují mezinárodní uznání své státnosti, zatímco Izraelci využívají své osídlovací politiky k zabránění vzniku palestinského státu.	The Palestinians are pushing for international recognition of their statehood, while the Israelis are using their settlement policy to preempt a Palestinian state.
Palestinský prezident Mahmúd Abbás prohlásil, že pokud nejnovější mírové rozhovory zkrachují, bude prosazovat, aby OSN uznala palestinský stát v hranicích z roku 1967.	Palestinian President Mahmoud Abbas has said that, if the latest peace talks collapse, he will press for UN recognition of a Palestinian state based on the 1967 borders.
Brazílie a Argentina tento měsíc „Palestinu“ uznaly a očekává se, že je bude následovat celá kaskáda latinskoamerických zemí.	This month, Brazil and Argentina recognized “Palestine,” and a cascade of Latin American countries is expected to follow.
Abbás nyní obrací pohled na Evropu a hodlá požádat Turecko, aby působilo jako prostředník.	Abbas is now setting his sights on Europe, and would ask Turkey to serve as a go-between.
Cílem je využít mezinárodního uznání nezávislého palestinského státu k tlaku na USA, aby ustoupily od své téměř bezpodmínečné podpory izraelské politiky.	The game is to use international recognition of an independent Palestinian state to pressure the US to retreat from its almost unconditional support for Israeli policy.
Hlavním zájmem Izraele je i nadále bezpečnost.	Israel’s main concern continues to be security.
Oficiální doktrína Západu říká, že dlouhodobá bezpečnost Izraele závisí na úspěchu „mírového procesu“.	The official Western doctrine is that Israel’s long-term security depends on the success of the “peace process.”
V praxi Izrael podniká jiná opatření, aby si zabezpečil budoucnost.	In practice, Israel has been taking other measures to secure its future.
Mediální pozornost se zaměřuje na „bezpečnostní zeď“, které se rozhodně podařilo snížit míru násilí.	Media attention has been focused on the “security wall,” which has certainly succeeded in reducing the level of violence.
Pro jestřáby, kteří dnes ovládají izraelskou politiku, však klíč k izraelské bezpečnosti závisí na hloubkové obraně, pro kterou je rozšiřování osad nepostradatelné.	But, to the hawks who now control Israeli politics, the key to Israel’s security depends on depth of defense, for which expansion of the settlements is indispensable.
Recept jestřábů na přežití je trojí: trvalá vojenská a ekonomická podpora z USA, ubránitelné hranice prostřednictvím programu strategického osídlování a rozporcování palestinského západního břehu do vzájemně nepropojených bantustanů či podřízených autorit neschopných společné opozice vůči izraelské politice.	The hawks’ recipe for survival is threefold: continued military and economic support from the US, defensible frontiers through a strategic settlement program, and the carve-up of the Palestinian West Bank into disconnected bantustans, or subordinate authorities, incapable of concerted opposition to Israeli policy.
Zatímco se tedy Abbás snaží vytvořit novou situaci, když svolává mezinárodní podporu pro palestinský stát, Izrael se ho snaží „trumfnout“ tím, že učiní takový stát neživotaschopným.	Thus, while Abbas seeks to create a new “fact on the ground” by drumming up international support for a Palestinian state, Israel aims to trump him by making such a state unviable.
Ideální alternativou k oběma strategiím je mírový proces, který se nesnaží vytvořit dva státy, ale spíše zřídit politickou a hospodářskou základnu pro jediný konfederativní stát.	The ideal alternative to both strategies is a peace process that aims not to create two states, but rather to establish the political and economic basis for a single confederal state.
Řešení založené na existenci dvou států bylo vždy iluzí.	Indeed, the two-state solution was always an illusion.
Území nikdy nebylo dost na to, aby uspokojilo vášnivé majetnictví všech, kdo si na ně dělají nárok.	There was never enough land to satisfy the passionate possessiveness of all those with claims to it.
A odsunutí izraelských osadníků ze západního břehu a východního Jeruzaléma se postupem času stalo stejně nemožným jako jakýkoliv pokus Izraele vystrnadit jeho zbylé Araby.	And, over time, Israeli settler disengagement from the West Bank and East Jerusalem has become just as impossible as any attempt by Israel to expel its remaining Arabs.
Izraelští Židé zákonitě zůstanou na západním břehu a ve východním Jeruzalémě a izraelští Arabové zákonitě zůstanou v samotném Izraeli.	Israeli Jews are bound to stay in the West Bank and East Jerusalem, and Israeli Arabs are bound to stay in Israel proper.
Taková jsou „fakta na stole“, která odsuzují k záhubě palestinské naděje na suverénní palestinský stát ve stejné míře jako izraelské naděje na stát plně židovský.	These are the “facts on the ground” that doom Palestinian hopes for a sovereign Palestinian state no less than Israeli hopes for a wholly Jewish state.
Výměna území za mír navíc nikdy nedávala smysl z ekonomického hlediska.	Moreover, land for peace never made sense from an economic point of view.
Pokud mělo být určujícím principem odškodnění Palestinců za křivdy, pak vždy existovaly lepší způsoby, jak to provést, než založit rozkolísaný a chudobou zmítaný nový stát závislý na zahraniční pomoci.	If compensation for wrongs to the Palestinians was to be the guiding principle, there were always better ways of going about it than to found a rickety, poverty-ridden new country dependent on foreign aid.
Většina lidí zapomněla, že Pařížské protokoly z dubna 1994 zřídily mezi Izraelem a okupovanými územími celní unii, přičemž obchodní spory měla rozhodovat společná Hospodářská rada.	Most people have forgotten that the Paris Protocols of April 1994 established a customs union between Israel and the occupied territories, with a joint Economic Council to adjudicate trade disputes.
Volný pohyb zboží, práce a kapitálu mezi oběma stranami mohl dát palestinskému HDP obrovský ekonomický impulz.	The free movement of goods, labor, and capital between the two parts could have given a tremendous economic boost to Palestinian GDP.
Zároveň to mohl být základ konfederativního státu, jehož palestinská část by těžila z produktivity a daní osadníků na západním břehu.	It could also have been the basis of a confederal state, whose Palestinian part would have benefited from the West Bank settlers’ productivity and taxes.
Tuto neškodnou vyhlídku však podkopalo násilí potřebné k udržení židovského státu a k umožnění vzniku státu palestinského.	But this benign prospect was undermined by the violence needed to maintain the Jewish state and enable the emergence of a Palestinian one.
Oficiální stanovisko zůstává takové, že pouze mezinárodně zaručená dohoda o dvou státech přinese bezpečnost potřebnou pro ekonomické oživení palestinských území.	The official view remains that only an internationally guaranteed two-state settlement will bring about the security needed for the economic revival of the Palestinian territories.
Je ovšem možné, že jednostranná izraelská politika skrytě podporovaná USA vytvoří prozatímní podmínky míru, které budou postačovat k takovému hospodářskému růstu, že to ochladí palestinský nacionalismus.	But it is just possible that unilateral Israeli policy, implicitly backed by the US, will create interim conditions of peace that are sufficient for economic growth to cool Palestinian nationalism.
Palestinská věc není převládajícím zájmem ani v arabských státech, takže Netanjahuova strategie hloubkové obrany má větší naději na úspěch než Abbásova snaha o státnost prostřednictvím mezinárodního uznání.	The Palestinian cause is not the overriding preoccupation of even the Arab states, so Netanyahu’s strategy of defense in depth stands a better chance of success than Abbas’s pursuit of statehood through international recognition.
Netanjahuův projekt není morální.	Netanyahu’s project is not moral.
To ovšem neznamená, že nebude alespoň nějakou dobu fungovat.	But that doesn’t mean that it won’t work, at least for a time.
	
Konfederace pro Kosovo	A Confederation for Kosovo
V Kosovu se krátí čas. Nebude-li do začátku prosince dosaženo urovnání pod záštitou Organizace spojených národů, většinová albánská populace v provincii zřejmě jednostranně vyhlásí nezávislost – což je postup, o němž Spojené státy prohlásily, že by mohl mít jejich podporu.	Time is running out in Kosovo. If a United Nations-backed settlement is not reached by early December, the province’s majority Albanian population is likely to declare independence unilaterally – a move that the United States has announced it may support.
Byl by to katastrofický krok.	That would be a disastrous step.
Rusko by zuřilo, protože se obává, že odtržení Kosova – ať už mezinárodně uznané, či nikoli – by v bývalé sovětské říši mohlo rozdmýchat separatistické tendence.	Russia would be furious, because it fears that Kosovo’s secession – whether or not it is internationally recognized – might fuel separatist movements in the former Soviet empire.
Srbsko je ještě silněji proti.	Serbia is even more strongly opposed.
Srbský státní tajemník pro Kosovo Dušan Proroković řekl, že jeho vlast by k zachování suverenity mohla použít sílu.	Dusan Prorokovic, Serbia’s state secretary for Kosovo, has said that his country might use force to maintain its sovereignty.
I kdyby vláda váhala, krajně nacionalistické skupiny by předsedu vlády Vojislava Koštunicu mohly k vyslání jednotek donutit: současná přítomnost OSN v Kosovu je velice slabá (jen 40 „vojenských pozorovatelů“ a 2116 policistů), ale při vyslání 15 tisíc vojáků NATO by vojenský střet mohl být velice nebezpečný.	Even if the government hesitates, ultranationalist groups might push Prime Minister Vojislav Kostunica to send in troops: the current UN presence in Kosovo is very thin (only 40 “military observers” and 2,116 policemen) but the stationing of 15,000 NATO troops could make any armed clash very dangerous.
Po osmi letech mezinárodní správy zachutnala kosovské albánské většině svoboda a touží po úplné nezávislosti.	After eight years of international administration, Kosovo’s Albanian majority has tasted freedom and is eager for full independence.
Srbsko ale tvrdí, že provincie zůstává významnou součástí jeho historické a kulturní tradice.	But Serbia claims that the province remains an essential part of its historical and cultural tradition.
Nezávislost by navíc nepřijala srbská veřejnost, která už teď zdrceně sledovala, jak se z „Velkého Srbska“ postupně ukrajovalo, naposledy odtržením Černé hory.	Moreover, independence would not be accepted by the Serbian public, which has already watched in dismay as “Great Serbia” has been gradually whittled away, most recently with the secession of Montenegro.
Srbsko je ochotné Kosovu přiznat jedině „posílenou autonomii“ a určitou možnost uzavírat mezinárodní dohody.	Serbia is prepared to concede only “enhanced autonomy” to Kosovo, and some capacity to enter into international agreements.
Přestože se však obě strany jeví jako nesmiřitelné, ještě není na kompromis pozdě.	Yet, while the two parties now seem irreconcilable, it is not too late for compromise.
Dosáhnout jej ovšem bude možné jedině oživením – a aktualizací – staré instituce mezinárodního společenství: konfederace států.	But this is possible only by resuscitating – and updating – an old institution of the international community: a confederation of states.
Prostřednictvím závazné rezoluce Rady bezpečnosti OSN by bylo možné Kosovu udělit plnou a výhradní pravomoc nad jeho občany a územím a dále omezenou možnost vystupovat na mezinárodní scéně.	By means of a binding UN Security Council resolution, Kosovo could be granted full and exclusive authority over its citizens and territory, as well as limited capacity for action on the international scene.
Bylo by možné oprávnit jej k uzavírání obchodních dohod a smluv týkajících se osob (například vstupu a pohybu cizinců či extradice) a dát mu právo usilovat o vstup do OSN (což nevyžaduje úplnou suverenitu ani nezávislost).	It could be authorized to enter into trade agreements as well as agreements concerning individuals (for example, admission and circulation of foreigners, or extradition), plus the right to seek admission to the UN (which does not require full sovereignty and independence).
Kosovo by tak získalo některé podstatné rysy státnosti.	Kosovo would thus gain some essential trappings of statehood.
Avšak plnou pravomoc nad zásadními zahraničněpolitickými záležitostmi (například aliancemi a vztahy s mezinárodními ekonomickými institucemi), obranou, hranicemi (pro případ, že by si Kosovo přálo spojit se s Albánií) a zacházením s kosovskou srbskou menšinou by dostal rozhodovací orgán složený z delegátů z Kosova, Srbska a Evropské unie.	However, a decision-making body consisting of delegates from Kosovo, Serbia, and the European Union would be given full authority over major foreign policy issues (for example, alliances and relations with international economic institutions), defence, borders (in case Kosovo wished to join with Albania), and the treatment of Kosovo’s Serbian minority.
Ve výsledku by Kosovo a Srbsko tvořily dva odlišné mezinárodní subjekty, vázané konfederací ukotvenou ve společném rozhodovacím orgánu.	As a result, Kosovo and Serbia would constitute two distinct international subjects, bound by a confederation hinging on a common decision-making body.
Samozřejmě, jednalo by se o konfederaci asymetrickou, protože svrchovanost srbské vlády nad zbytkem Srbska by zůstala nedotčená a neomezená, zatímco „svrchovanost“ vlády Kosovanů nad Kosovem by byla měla své mantinely.	Of course, this confederation would be asymmetrical, because the Serbian government’s sovereignty over the rest of Serbia would remain intact and unlimited, whereas the Kosovar government’s “sovereignty” over Kosovo would be restrained.
Aby se předešlo tomu, že jedna ze stran získá nadvládu a prosadí svévolná rozhodnutí, společný rozhodovací orgán by se měl skládat ze čtyř srbských delegátů, dvou kosovských delegátů a tří představitelů EU, což by od obou stran vyžadovalo, aby získaly podporu evropských zástupců.	To avoid one of the two parties getting the upper hand and imposing arbitrary decisions, the common decision-making body should consist of four Serbian delegates, two Kosovar delegates, and three representatives of the EU, thus requiring both sides to gain the support of the European delegates.
Navíc by EU měla vybudovat malou, ale účinnou vojenskou sílu (řekněme 5000 mužů), která by byla pro rozhodnutí společného orgánu oporou.	In addition, the EU should create a small but effective military force (say, 5,000 troops) to back up the common body’s decisions.
Obě zápasící strany by tak jako v případě každého kompromisu tímto uspořádáním jak ztratily, tak získaly.	As with any compromise, the contending parties would both gain and lose from this arrangement.
Srbsko by si zachránilo tvář a mohlo by i nadále mluvit do zásadních věcí ohledně Kosova, včetně zacházení se srbskou menšinou.	Serbia would save face, and would continue to have a say on crucial matters concerning Kosovo, including the treatment of the Serbian minority.
Kosovo by získalo omezenou nezávislost, přičemž jeho status by se pozvedl z provincie svrchovaného státu na mezinárodní subjekt schopný uzavírat určité dohody s dalšími státy, a dokonce vstoupit do OSN.	Kosovo would acquire limited independence, with its status rising from a province of a sovereign state to an international subject capable of entering into certain agreements with other states and even joining the UN.
Prospěch by z toho měla i EU, neboť by přispěla ke stabilizaci nesmírně nestálé oblasti.	The EU would benefit as well, by contributing to the stabilization of a highly volatile area.
Následně by EU na Kosovo dohlížela a bránila jakémukoli sporu, který by mohl získat násilný charakter.	Subsequently, the EU would monitor Kosovo and prevent any dispute that might turn violent.
Poslední výhodou tohoto řešení je, že by bylo dočasné.	A final advantage of this solution is that it would be temporary.
Historicky se konfederace dříve či později buď staly federacemi (jak se přihodilo v USA, Německu a Švýcarsku), nebo se působením odstředivých sil rozpadly (což byl případ Sjednocené arabské republiky, která vznikla v roce 1958 a tři roky nato se rozpadla v Egypt a Sýrii).	Historically, confederations sooner or later either become federations (as occurred in the US, Germany, and Switzerland) or, pushed by centrifugal forces, split up (as with the United Arab Republic, established in 1958, which split three years later into Egypt and Syria).
Konfederace, již obhajuji, by tedy vytvářela mezistupeň (trvající pět nebo deset let), na jehož konci by se Kosovo zřejmě stalo plně nezávislým.	The confederation I advocate would thus constitute an intermediate stage (lasting five or ten years), at the end of which Kosovo is likely to become fully independent.
Odložení konečného řešení tímto způsobem by poskytlo čas k ověření vyhlídek Kosova na vstup do EU, a tedy vposled na sdílení „svrchované moci“ s dalšími nezávislými státy, což by mohlo zmírnit nebezpečně silné nacionalistické požadavky Kosovanů.	Delaying a final solution in this way would provide time to verify Kosovo’s prospects of joining the EU and thus eventually sharing “sovereign authority” with other independent states, which could deflate Kosovars’ dangerously robust nationalistic demands.
	
Konzervativní Evropa	A Conservative Europe
Minulý týden se v Berlíně setkali Tony Blair, Jacques Chirac a Gerhard Schröder.	Last week Tony Blair, Jacques Chirac, and Gerhard Schroeder met in Berlin.
Odjížděli se závazkem, že oživí růst Evropy.	They departed pledging to revive Europe's growth.
Tenhle prázdný slib jsme neslyšeli poprvé.	We've heard that empty promise before.
Evropská unie nepotřebuje sliby, ale nový směr.	Instead, the European Union needs a new direction.
To říkám jako šéf strany, která vždy stála v čele britského angažmá v Evropě.	I say this as leader of the party which has been at the forefront of Britain's engagement with Europe.
Na počátku 60. let jako první podala žádost o členství konzervativní vláda.	It was a Conservative government that first applied for membership in the early 1960's.
V roce 1973 konzervativní vláda dovedla Velkou Británii do Evropského hospodářského společenství.	A Conservative government took the United Kingdom into the European Economic Community in 1973.
Margaret Thatcherová spolupracovala roku 1986 s Jacquesem Delorsem na vytvoření jednotného trhu.	Margaret Thatcher worked with Jacques Delors to forge the Single Market in 1986.
Nemám tedy pochyb o tom, že Británie musí v unii zůstat vlivnou zemí.	So I have no doubt that Britain must remain influential within the Union.
Avšak britská politika vůči EU mnohokrát nevedla ke zlepšení, nýbrž ke zhoršení vztahů mezi členskými státy.	But British policy towards the EU has often led to worse rather than better relations among member states.
Naší tradiční reakcí na nové iniciativy EU často bylo novinkám odporovat, hlasovat proti nim, v hlasování podlehnout a pak je rozmrzele přijmout a vinu svalovat na všechny kolem.	Faced with a new EU initiative, our traditional response has often been to oppose it, vote against it, lose the vote, then sulkily to adopt it while blaming everyone else.
Mnozí Evropané už mají britských vet po krk.	Many Europeans are sick of British vetoes.
A já také.	So am I.
Existují samozřejmě základní požadavky, které musí všechny členské státy přijmout.	Of course there are basic requirements that all member states must accept.
Nejpřednější jsou čtyři svobody jednotného trhu: volný pohyb zboží, služeb, osob a kapitálu.	Foremost are the four freedoms of the single market; free movement of goods, services, people and capital.
Jednotný trh ale nevyžaduje jednotnou sociální ani průmyslovou politiku a už vůbec ne jednotnou daňovou politiku.	But a single market does not require a single social or industrial policy, far less a common taxation policy.
Možnost jednotlivých zemí uskutečňovat v těchto oblastech vlastní politiky posiluje konkurenční schopnost.	Allowing countries to pursue their own policies in these areas encourages competitiveness.
Prosadí-li se jednotné normy, Evropa bude nadále zaostávat, neboť členské státy budou přesouvat své výdaje na sousedy.	Forcing common standards means that Europe will fall further behind as member states shuffle their costs onto their neighbours.
Které oblasti by se měly týkat všech členských států a které by měly být nepovinné?	Which areas should be applied to every member state, and which should be optional?
Já jsem přesvědčen, že každý členský stát by měl sám spravovat ty politiky, jež přímo a zásadně nepostihují jiné členské státy.	I believe that every member state should administer those policies that do not directly and significantly affect other member states.
Členské země by se měly rozhodnout, zda si nad oblastmi, jež slouží jejich národním zájmům, chtějí ponechat úplnou národní kontrolu, nebo zda chtějí spolupracovat s ostatními.	In areas which serve their national interest, individual members should decide whether to retain wholly national control or whether to co‑operate with others.
Měly by vytvořit řadu překrývajících se skupin - různá spojení členských států by měla mít možnost se podle vlastního uvážení dělit o odpovědnost v různých oblastech.	The Union's members should form a series of overlapping circles: different combinations of members should be able to pool their responsibilities in different areas of their own choosing.
Historické příklady takového přístupu existují.	Precedents exist for this.
NATO bylo flexibilní od svého založení.	NATO has been flexible since its inception.
Francie se přihlásila ke členství, ale později odmítla podřídit své ozbrojené síly ústřednímu velitelství NATO.	France signed up for membership but later refused to submit her armed forces to NATO's central command.
Obdobná pružnost charakterizuje euro, Schengenskou dohodu i sociální kapitolu.	Similar flexibility exists with the Euro, the Schengen Agreement, and the Social Chapter.
Tyto precedenty lze rozšířit.	These precedents can be extended.
Dosud museli všichni postupovat společně, ač si jednotlivé země dojednávaly konkrétní výjimky z účasti.	So far, everyone has had to move forward together, with individual countries negotiating specific opt‑outs.
Od roku 1998 ovšem evropské dohody znají postup - nazývaný posílená spolupráce -, který by mohl některým členským zemím umožnit postupovat v konkrétních oblastech v hlubší integraci, aniž by vyžadovaly účast všech ostatních zemí.	But since 1998, there has been a procedure within the Treaties - called enhanced co‑operation - that could allow some members to go ahead with further integration in a specific area without involving every other member.
Místo toho, aby jednotlivé členské státy vedly neklidná jednání o neúčasti na nové iniciativě, můžou se prostě zapojit jen ty země, které budou souhlasit.	Instead of individual member states having fraught negotiations to opt‑out of a new initiative, those that support it can simply opt‑in.
Země, jež se chtějí hlouběji integrovat, tak mohou učinit.	Countries that want to integrate further can do so.
Nemusí za sebou vláčet Británii ani další zuby nehty se bránící země, protože ostatní nejsou nuceni se k nim přidat.	They don't need to drag Britain and others kicking and screaming in their wake because the others are not compelled to join them.
Tímto způsobem se můžeme vyvázat z institucializované přetahované, jež charakterizuje vztahy v EU.	In this way we can break free of the institutionalised tug of war that has characterised EU relations.
Nehovořím o dvourychlostní Evropě.	I am not talking about a two‑speed Europe.
Ta předpokládá, že se všichni shodneme na jistém cíli cesty a budeme se lišit jen tempem postupu.	That implies that we all agree on the destination and differ only about the speed of the journey.
Já si nepřeji dospět k cílům, o něž někteří naši partneři mohou usilovat.	I don't want to reach the destination that some of our partners may aspire to.
Nechci jim ale bránit v cestě.	But I don't want to block their way.
Slýchám, že by to pro země, které se zdrží užší integrace, znamenalo jistou ztrátu vlivu.	There are some who say that this would mean a loss of influence on the part of those countries which choose not to integrate more closely.
Avšak vliv sám není cílem - je prostředkem k dosažení cíle.	But influence is not an end in itself - it is a means to an end.
Británie nepotřebuje křeslo u stolu, u něhož se bude rozhodovat o euru.	Britain does not need a seat at the table when decisions on the Euro are taken.
Nečlenstvím v eurozóně naše hospodářství nebylo nijak postiženo.	Our economy has not been adversely affected by staying out.
Věrnost libře neznamená, že se stavíme proti euru či že doufáme v jeho neúspěch.	Keeping the pound does not mean that we oppose the Euro, or hope for its failure.
Evropská unie by se měla přestat snažit dělat všechno a zaměřit síly na to, aby vykonala méně, ale účinněji.	The European Union should stop trying to do everything and concentrate on doing fewer things more effectively.
Měla by dát členským státům příležitost vytvořit si v rámci EU vlastní přístup k Evropě, který by vyhovoval jejich národním tradicím.	It should give member states the chance to develop an approach to Europe that suits their national traditions, within the EU framework.
Právě na tomto základě jsou britští konzervativci proti navrhované ústavě.	It is on this basis that British Conservatives oppose the proposed constitution.
Samozřejmě že nesouhlasíme s mnohým z jejího obsahu, ale odmítáme i představu ústavy EU jako takovou.	We disagree with many of its contents, of course, but also oppose the idea of having an EU constitution at all.
Je propastný rozdíl mezi smluvně vázaným sdružením národních států a jednolitým útvarem, ať jej nazýváme státem, či nikoliv, který má vlastní právní subjektivitu a odvozuje své pravomoci z vlastní ústavy.	There is a world of difference between an association of nation states bound together by treaty, and a single entity, whether you call it a state or not, with its own legal personality, deriving its authority from its own constitution.
Kdyby tato ústava měla být přijata ve znění třeba jen podobném tomu navrhovanému, EU by získala mnohé znaky i vnější parádu státnosti: vlastního prezidenta a ministra zahraničí, svůj vlastní právní systém.	If this constitution were accepted in anything like the proposed form, the EU would gain many attributes and trappings of statehood: its own president and foreign minister, its own legal system.
Nadřazenost práva EU by nevycházela ze zákonů národních parlamentů, nýbrž z nadnárodní ústavy.	The supremacy of EU law would derive not from Acts of national Parliaments but from a supra‑national constitution.
To je radikální změna, nikoliv pouhý úklid, jak někteří lidé tvrdí.	That is a radical change, not the mere tidying‑up exercise some suggest.
Jsem přesvědčen, že není správné učinit změnu takového rozsahu, aniž bychom ji konkrétně projednali s národem, jehož jménem rozhodujeme.	I do not believe it is right to make a change of such magnitude without specifically consulting the people on whose behalf we govern.
Naše svobody nejsou majetkem volených parlamentů.	Elected parliaments do not own our liberties.
Ty je ochraňují a bez výslovného mandátu by neměly naše svobody krátit.	They safeguard them, and should not diminish those liberties without an explicit mandate.
Jakýkoliv návrh nové ústavy musí být předložen britskému lidu a národům všech členských států EU.	Any proposal for a new constitution must be put to the British people and to the people in each EU member state.
	
Konspirace jako hrom	A Conspiracy So Immense
NEW YORK – Nastal věk konspiračních teorií?	NEW YORK – Is this the Age of the Conspiracy Theory?
Řada důkazů naznačuje, že se ocitáme v jakémsi zlatém věku občanské spekulace, dokumentace a dedukce, která se formuje – obvykle na internetu – a šíří po celém světě jako virus.	Plenty of evidence suggests that we are in something of a golden age for citizen speculation, documentation, and inference that takes shape – usually on the Internet – and spreads virally around the globe.
Při tomto procesu se nasávají konspirační teorie z okrajů veřejného diskurzu, kde byly dříve zpravidla uvězněné, občas přímo do nitra politiky.	In the process, conspiracy theories are pulled from the margins of public discourse, where they were generally consigned in the past, and sometimes into the very heart of politics.
Zjistila jsem to náhodou.	I learned this by accident.
Napsala jsem knihu o zneužívání výkonné moci ve Spojených státech během Bushových let, a když jsem pátrala po novém dění, narazila jsem na internetu na rozhovory, které berou vážně historky o zákulisních manipulacích.	Having written a book about the hijacking of executive power in the United States in the Bush years, I found myself, in researching new developments, stumbling upon conversations online that embrace narratives of behind-the-scenes manipulation.
Existují určitá výsadní témata.	There are some major themes.
V USA je častou látkou to, že světové elity kují pikle – mimo jiné prostřednictvím Bilderbergovy skupiny nebo Rady pro zahraniční vztahy – s cílem vytvořit „jedinou celosvětovou vládu“, kterou budou namísto národních vlád řídit samy.	A frequent one in the US is that global elites are plotting – via the Bilderberg Group and the Council on Foreign Relations, among others – to establish a “One World Government” dominated by themselves rather than national governments.
Ke slovu se občas dostávají i folklornější podrobnosti, jež mezi členy této kabaly zahrnují ilumináty, svobodné zednáře, držitele Rhodesova stipendia nebo, tak jako vždycky, Židy.	Sometimes, more folkloric details come into play, broadening the members of this cabal to include the Illuminati, the Freemasons, Rhodes Scholars, or, as always, the Jews.
Charakteristické znaky těchto historek jsou známé každému, kdo se zajímal o přenos určitých kategorií vyprávění v dobách krize.	The hallmarks of this narrative are familiar to anyone who has studied the transmission of certain story categories in times of crisis.
Z literárního hlediska tato konspirační teorie značně připomíná Protokoly sionských mudrců a jejich tajnou světovou elitu s obrovskou mocí a zlými úmysly.	In literary terms, this conspiracy theory closely resembles The Protocols of the Elders of Zion , featuring secretive global elite with great power and wicked aims.
Historicky se obvykle vyskytuje tatáž množina motivů: děsivá, neřízená a hluboká změna prováděná vzdělanými, městskými světoobčany.	Historically, there tends to be the same set of themes: fearsome, uncontrolled transformative change led by educated, urbanized cosmopolitans.
Znalci výmarského Německa vědí, že náhlé přesuny a šoky – překotná urbanizace, narušení tradiční rodiny a společenských vazeb, uvolnění sexuálních norem a hospodářský kolaps – přichystaly v myšlení mnoha Němců půdu pro setbu zjednodušujících teorií, které zdánlivě pojmenovaly jejich nejasnosti a nabízely větší smysl jejich trápení.	Students of Weimar Germany know that sudden dislocations and shocks – rapid urbanization, disruption of traditional family and social ties, loosening of sexual restrictions, and economic collapse – primed many Germans to become receptive to simplistic theories that seemed to address their confusion and offer a larger meaning to their suffering.
Podobně „Hnutí pravdy o 11. září“ tvrdí, že v útoku al-Káidy na newyorská dvojčata má prsty někdo „z blízkých“.	Similarly, the “9/11 Truth Movement” asserts that al-Qaeda’s attack on the Twin Towers was an “inside job.”
V muslimském světě existuje konspirační teorie, že za těmito útoky byli Izraelci a že všichni Židé, kteří v mrakodrapech pracovali, zůstali toho dne doma.	In the Muslim world, there is a widespread conspiracy theory that the Israelis were behind those attacks, and that all Jews who worked in the buildings stayed home that day.
Konspirační teorie obvykle vyplouvají na povrch, když jsou lidé špatně vzdělaní a schází pečlivý nezávislý tisk.	Usually, conspiracy theories surface where people are poorly educated and a rigorous independent press is lacking.
Tak proč si dnes takové teorie získávají příznivce v USA a dalších movitých demokraciích?	So why are such theories gaining adherents in the US and other affluent democracies nowadays?
Dnešní explozi konspiračních teorií vyvolaly stejné okolnosti, které vedly k jejich přijímání už v minulosti: prudké sociální změny a hluboká ekonomická nejistota.	Today’s explosion of conspiracy theories has been stoked by the same conditions that drove their acceptance in the past: rapid social change and profound economic uncertainty.
Zřetelně vymezený „nepřítel“ s neomylným „plánem“ je psychologicky konejšivější než chaotická evoluce společenských norem a kvas – anebo nezdary – nespoutaného kapitalismu.	A clearly designated “enemy” with an unmistakable “plan” is psychologically more comforting than the chaotic evolution of social norms and the workings – or failures – of unfettered capitalism.
A třebaže jsou konspirační teorie často zjevně iracionální, otázky, jimiž se zabývají, jsou nezřídka prospěšné, ačkoliv odpovědi jsou obvykle nedoložené nebo jednoduše zcela pomýlené.	And, while conspiracy theories are often patently irrational, the questions they address are often healthy, even if the answers are frequently unsourced or just plain wrong.
Při hledání odpovědí tito občané reagují racionálně na iracionální skutečnosti.	In seeking answers, these citizens are reacting rationally to irrational realities.
Mnozí občané jsou přesvědčeni, a právem, že hromadné sdělovací prostředky nevyšetřují a nedokladují případy zneužívání pravomocí.	Many citizens believe, rightly, that their mass media are failing to investigate and document abuses.
Noviny ve většině vyspělých zemí se potýkají s problémy nebo krachují a investigativní žurnalistika je často první, co osekají.	Newspapers in most advanced countries are struggling or folding, and investigative reporting is often the first thing they cut.
Koncentrace vlastnictví médií a kontroly nad nimi dále rozdmýchává všeobecnou nedůvěru, což připravuje půdu pro to, aby vakuum vyplnilo investigativní úsilí občanů.	Concentration of media ownership and control further fuels popular mistrust, setting the stage for citizen investigation to enter the vacuum.
Obdobně platí, že ve věku, kdy firemní lobbisté mají volnou ruku při formování – ne-li formulování – veřejných politik, jsou mnozí lidé přesvědčeni, a opět právem, že jejich volení zástupci je už nereprezentují.	Likewise, in an age when corporate lobbyists have a free hand in shaping – if not drafting – public policies, many people believe, again rightly, that their elected officials no longer represent them.
Odtud to nutkání věřit na neviditelné síly.	Hence their impulse to believe in unseen forces.
Konečně i racionální lidé začali být přístupnější určitým konspiračním teoriím, protože v posledních osmi letech jsme skutečně měli možnost řádku důmyslných konspirací sledovat.	Finally, even rational people have become more receptive to certain conspiracy theories because, in the last eight years, we actually have seen some sophisticated conspiracies.
Bushova vláda kula pikle, aby přivedla Američany a další do nezákonné války, k čemuž využila smyšlených důkazů.	The Bush administration conspired to lead Americans and others into an illegal war, using fabricated evidence to do so.
Je potom s podivem, že se tolik racionálních lidí snaží najít smysl politické skutečnosti, která začala být opravdu nezvykle neprůhledná?	Is it any wonder, then, that so many rational people are trying to make sense of a political reality that really has become unusually opaque?
Když se sami členové komise pro vyšetření události z 11. září zřeknou vlastních závěrů (protože se zakládaly na důkazech získaných při mučení), je překvapivé, že mnozí lidé požadují druhé šetření?	When even the 9/11 commissioners renounce their own conclusions (because they were based on evidence derived from torture), is it surprising that many want a second investigation?
Poměrně často právě občané zkoumající okraje diskurzu – kvůli svému zájmu o tyto teorie – zveřejní zprávy, jež média hlavního proudu ignorují.	Frequently enough, it is citizens digging at the margins of the discourse – pursuing such theories – who report on news that the mainstream media ignores.
Bylo například zapotřebí „konspiračního teoretika“ Alexe Jonese, aby se přišlo na dokumenty o mikrovlnných zařízeních, které mají policejní síly používat proti americkým občanům.	For example, it took a “conspiracy theorist,” Alex Jones, to turn up documentation of microwave technologies to be used by police forces on US citizens.
Časopis The New Yorker tuto novinku mnohem později potvrdil – aniž by vyjádřil uznání původnímu zdroji.	The New Yorker confirmed the story much later – without crediting the original source.
Tendence médií hlavního proudu neprověřovat a nezveřejňovat, co v konspiračních teoriích na internetu ve skutečnosti představuje zajímavou zprávu, zčásti reflektuje třídní předsudek.	The mainstream media’s tendency to avoid checking out or reporting what is actually newsworthy in Internet conspiracy theories partly reflects class bias.
Konspirační teorie se považují za nevkusné a nekultivované.	Conspiracy theories are seen as vulgar and lowbrow.
Takže špičkově vzdělaní formální žurnalisté považují za kontaminované i dobré, kritické otázky či kvalitně zdokumentované údaje, vynesou-li je na světlo investigativci z řad občanů.	So even good, critical questions or well-sourced data unearthed by citizen investigators tend to be regarded as radioactive to highly educated formal journalists.
Skutečný problém tohoto horečnatého „konspiračního teoretizování“ tkví v tom, že občany emočně zneklidňuje, ale nenabízí jim žádný pevný důkazní základ, o který by opřeli svůj pohled na svět, ani konstruktivní směr, jímž by své emoce obrátili.	The real problem with this frantic conspiracy theorizing is that it leaves citizens emotionally agitated but without a solid ground of evidence upon which to base their worldview, and without constructive directions in which to turn their emotions.
Právě to je důvod, proč tolik diskusí přechází od potenciálně zajímavých spekulací občanů k nenávistným výlevům a paranoie.	This is why so many threads of discussion turn from potentially interesting citizen speculation to hate speech and paranoia.
V horečnatém prostředí, bez řádné redakční kontroly a bez nástrojů k citaci zdrojů, se občané mohou stát kořistí demagogů, kteří je vyburcují, jak jsme v posledních týdnech viděli na shromážděních Sarah Palinové poté, co internetoví teoretici vykreslili Baracka Obamu jako teroristu či člověka spolčeného s teroristy.	In a fevered environment, without good editorial validation or tools for sourcing, citizens can be preyed upon and whipped up by demagogues, as we saw in recent weeks at Sarah Palin’s rallies after Internet theories painted Barack Obama as a terrorist or in league with terrorists.
Musíme změnit tok informací ve věku internetu.	We need to change the flow of information in the Internet age.
Občané by měli mít možnost snadněji předávat informace, upozorňovat na události a zasílat podněty investigativním reportérům hlavního proudu.	Citizens should be able more easily to leak information, pitch stories, and send leads to mainstream investigative reporters.
Měli by na internetu zřídit nové entity, kde by bylo možné za poplatek přímo zveřejňovat investigativní reportáže, nezprostředkované firemními tlaky.	They should organize new online entities in which they pay a fee for direct investigative reporting, unmediated by corporate pressures.
A občanské investigativce je třeba školit v základech žurnalistiky: hledání kvalitních údajů, ověřování událostí ze dvou nezávislých zdrojů, zodpovědné využívání citací a vyhýbání se anonymitě – tedy uvádění vlastního jména pod titulkem článku, tak jako klasičtí novináři.	And citizen investigators should be trained in basic journalism: finding good data, confirming stories with two independent sources, using quotes responsibly, and eschewing anonymity – that is, standing by their own bylines, as conventional reporters do.
Právě tak můžeme občany brát vážně – a oni sami sebe – jako dokumentaristy a investigativní zpravodaje naší společné situace.	This is how citizens can be taken – and take themselves – seriously as documenters and investigators of our common situation.
V době lží z oficiálních míst by zdravý investigativní elán měl přinášet světlo, ne jen stupňovat dusné horko.	In a time of official lies, healthy investigative energy should shed light, not just generate heat.
	
Ústavní puč na Ukrajině	A Constitutional Coup in Ukraine
Měnit ústavu je vždycky riskantní.	Changing constitutions is always a risky business.
Je to ovšem vyloženě nebezpečné, pokud je cílem prospěch jednoho jediného člověka.	But it is a downright dangerous one when undertaken to benefit one man alone.
A jestliže se prezident dobrovolně rozhodne omezit moc svého úřadu, můžete si být jisti, že má něco za lubem.	Indeed, when a president volunteers to reduce the powers of his own office, you can be certain that he is up to no good.
Právě to se dnes děje na Ukrajině, kde prezident Leonid Kučma navrhuje hodit náš prezidentský systém do koše a nahradit jej podivnou odrůdou parlamentního systému, kterou sám zosnoval.	That is exactly what is going on in Ukraine, where President Leonid Kuchma proposes to junk our presidential system and replace it with a strange type of parliamentary system he has concocted.
Ne, nestalo se, že by Kučma náhle konvertoval k názoru, že parlamentní demokracie jsou lepší než demokracie prezidentské.	Kuchma has not suddenly converted to the view that parliamentary democracies are better than presidential ones.
Kučma chce změnit ukrajinskou ústavu výhradně proto, aby udržel moc ve svých rukou.	No, Kuchma wants to change Ukraine's constitution for no other reason than to maintain his grip on power.
Dnes Kučma vládne jako všemocný prezident.	Today, Kuchma rules as an all-powerful president.
Jeho volební období ovšem končí příští rok a on nemůže znovu kandidovat.	But his term ends next year and he cannot run again.
Místo aby důstojně odešel do důchodu, jak to běžně dělávají prezidenti od Billa Clintona po Borise Jelcina, Kučma chce změnit ústavu, aby se stal všemocným premiérem, který nikdy nebude muset čelit limitu délky pobytu v úřadu.	So, instead of retiring gracefully, as presidents from Bill Clinton to Boris Yeltsin routinely do, Kuchma wants to change the constitution in order to become an all-powerful prime minister who will never face a limit on the length of his term.
Ústava samozřejmě nemá sloužit k zachování statutu quo, jestliže je daný stav prohnilý.	Of course, constitutions are not meant to protect the status quo if the status quo is rotten.
Pokud je to zapotřebí, ústava může a měla by vyjít vstříc reformě.	Constitutions can, and should, accommodate reform when necessary.
Silný prezident ovšem neznamená pro Ukrajinu nutně zlo.	A powerful president, however, is not necessarily wrong for Ukraine.
Během naší trýznivé postkomunistické přeměny je nezbytné, aby vláda dokázala rázně jednat.	In our wrenching postcommunist transition, it is essential that a government can act decisively.
Chcete-li měnit systém, který se v ukrajinských poměrech jeví jako nejvhodnější, musíte pro to mít dobrý důvod.	To change a system that seems best suited to Ukraine's circumstances, you need a good reason.
Prezident Ukrajiny je oprávněn jmenovat a propustit premiéra, rozpustit podle uvážení parlament a prostřednictvím výnosů vládnout, jestliže usoudí, že jsou ohroženy státní instituce.	The Ukraine president is authorized to appoint and sack the prime minister, dissolve parliament if he wishes, and rule by decree if he judges that the country's institutions are in danger.
Den co den v rukou drží ovládací páky všech aspektů vlády.	He maintains day-to-day control over every aspect of government.
Takto mocný Caesar musí být bez poskvrny.	So puissant a Caesar must be above reproach.
To Kučma není.	Kuchma is not.
Právě naopak - prohnilá na Ukrajině není ústava, ale prezident, jehož tíží obvinění z korupce a příprav vražd novinářů a jemuž se ostatní světoví lídři vyhýbají.	On the contrary, what is rotten in Ukraine is not its constitution, but its president, who is mired in charges of corruption and orchestrating the murder of journalists, and who is shunned by other world leaders.
Kučma je coby prezident až groteskně neoblíbený.	As president, Kuchma is grotesquely unpopular.
Větší podpoře se před svým pádem těšil i Slobodan Miloševič v Jugoslávii.	Even Slobodan Milosevic had more support in Yugoslavia before his fall.
Kučma tedy ví, že se nemůže spolehnout na to, že by si nástupce sám vybral jako Jelcin v Rusku.	So Kuchma knows that he cannot rely on handpicking his successor, as Yeltsin did in Russia.
Když si Kučma není schopen zajistit krotkého prezidentského nástupce, rozhodl se pro to, co nazývá ,,parlamentní republikou" se slabým prezidentem a mocným ministerským předsedou.	Unable to assure himself of a tame presidential successor, Kuchma wants what he calls a "parliamentary republic" with a weak president and powerful prime minister.
Parlament, který si představuje, je ovšem mutant, jehož prostřednictvím bude za fasádou parlamentní demokracie pokračovat autoritářská vláda kriminálních klanů, jež Kučma ovládá.	But the parliament he has in mind is a mutant, one where the authoritarian rule of the criminal clans Kuchma controls will continue, unabated, behind the facade of parliamentary procedure.
Lidé příliš rychle zapomínají na Ukrajinu, na tuto velikou zemi u zítřejší hranice rozšířené Evropské unie.	People too easily forget Ukraine, this big country on the border of the soon-to-be enlarged European Union.
Avšak jakýkoli pokus o prodloužení Kučmovy vlády vytvoří takový politický zmatek, že nadále už nebude absurdní si myslet, že by Ukrajina mohla jít ve stopách Běloruska a Balkánu počátku 90. let a směřovat k naprosté diktatuře a chaosu.	But any attempt to prolong Kuchma's rule will create such a political mess that it is not absurd to fear that Ukraine could follow Belarus and the Balkans of the early 1990's into outright dictatorship and chaos.
Ve skutečnosti by se tento scénář mohl odvíjet ještě horším směrem, neboť Rusko zřejmě nebude nečinně přihlížet, jak se Ukrajina rozpadá.	Indeed, this scenario could worsen, because Russia is unlikely to sit around idly and watch Ukraine unravel.
Za takových okolností se zdá pravděpodobnou nějaká forma intervence.	Intervention of some type seems more likely in such circumstances.
Znovu Ukrajinu pohltit by si ovšem dovolilo jedině Rusko imperiální.	Only an imperial Russia, however, would dare reabsorb Ukraine.
Ovšem imperiální Rusko nemůže být demokratickým Ruskem.	But an imperial Russia cannot be a democratic Russia.
Kučma tedy neohrožuje svobodu a lidská práva jenom na Ukrajině, ale je vlastně nebezpečím i pro ruskou demokracii.	So Kuchma endangers freedom and human rights not only in Ukraine, but ultimately threatens Russia's democracy as well.
Naštěstí právě nadchází nejvhodnější okamžik, kdy Západ - a zejména EU - může postrčit Ukrajinu dál od propasti.	Luckily, there has never been a better time for the West--particularly the EU--to nudge Ukraine back from the brink.
Vzhledem k tomu, že se příští rok na jaře EU rozšíří, všichni Ukrajinci se obávají, že jejich zemi odřízne od nejvýchodnější hranice Polska a unie nová zeď.	With EU expansion coming next spring, all Ukrainians fear that a new wall will cut their country off from the Union's easternmost border in Poland.
Ačkoliv udržet na Ukrajině demokratické zřízení je především úkol pro Ukrajince, EU jim může pomoci, jestliže učiní praktické kroky, které Ukrajincům dodají důvěru v to, že nebudou odtrženi od zbytku Evropy.	Although the job of maintaining Ukraine's democracy is primarily one for Ukrainians, the EU can help if it takes practical steps to reassure Ukrainians that they won't be cut off from the rest of Europe.
Dvě možné pobídky tvoří velkorysý vízový režim a využití rozvojových fondů na Ukrajině, které přinesou prospěch zchudlému východnímu Polsku.	A generous visa regime and the use of regional development funds in Ukraine that will benefit impoverished eastern Poland, are two possible inducements.
Obě by ovšem měly být uděleny pod podmínkou, že Kučma nechá ústavu i demokracii země na pokoji.	But these should be made conditional on Kuchma leaving the country's constitution and democracy alone.
Evropská unie by si neměla dělat starosti, že zasahuje do vnitřních záležitostí Ukrajiny.	The EU should not fret about interfering in Ukraine's domestic affairs.
Vždyť jen málo váhala, když před několika lety upozornila jeden z členských států, totiž Rakousko, že má blaho demokracie v zemi ostře pod dohledem.	After all, it hesitated little a few years ago to put a current member state, Austria, on notice that it was watching out for the welfare of that country's democracy.
Vzpurný Kučma si mnohem víc zaslouží, aby Evropa zavedla opatření, která si od něj vynutí slušné chování.	The wayward Kuchma is far more deserving of Europe imposing safeguards to ensure his good behavior.
Obdobně platí, že USA by měly být ostražité vzhledem ke Kučmově rozhodnutí vyslat vojáky do Iráku.	Similarly, the US should cast a wary eye at Kuchma's decision to send troops to Iraq.
Nemůže přece dojít k tomu, že by se americká věrnost demokracii na Ukrajině nechala tak cynicky uplatit.	It cannot be the case that America's fidelity to democracy in Ukraine can be so cynically purchased.
Ukrajinská vláda, jež by byla skutečně schopná vládnout, by měla usilovat o přijetí evropských zákonů a norem přesně tak, jak to učinily země, jež se chystají do EU vstoupit, a tím napomoci vyčištění nepoctivého systému, kde se tak daří Kučmovým zločineckým přítelíčkům.	Within Ukraine, a government capable of truly governing should seek to adopt EU laws and norms in exactly the manner that the countries poised to join the Union have done, thus helping to clean up the murky system in which Kuchma's criminal cronies flourish.
Ústavu je nutné reformovat, ale nikoli přesouvat moc z jednoho nezodpovědného vůdce na jiného.	The constitution must be reformed, but not to shift power from one unaccountable leader to another.
Zapotřebí je jasně přezkoumat svévolná pravidla a vnést transparentnost do rozhodovacích procesů.	What is needed are clear checks on arbitrary rule, and transparency in decision-making.
Nikdo by neměl pochybovat o tom, že Kučma zamýšlí zůstat u moci, ať se děje co se děje.	No one should doubt that Kuchma intends to stay in power, no matter what.
Méně jisté je to, zda se bude cítit dostatečně bezpečný, aby uspořádal prezidentské volby (nebo nějaké jiné volby), jestliže nebude mít možnost změnit ústavu tak, aby si pokračování své destruktivní vlády pojistil.	Less certain is whether he will feel secure enough to hold a presidential election (or any other kind of election) if he cannot change the constitution in a way that guarantees his continued misrule.
Konec konců, zdiskreditovaný není ukrajinský ústavní pořádek, ale prezident Kučma.	It is, after all, President Kuchma who is discredited, not Ukraine's constitutional arrangements.
	
Nakažlivé špatné nápady	A Contagion of Bad Ideas
NEW YORK – Velká recese roku 2008 se proměnila v Severoatlantickou recesi: do pomalého růstu a vysoké nezaměstnanosti nezabředly velké rozvíjející se trhy, ale především Evropa a Spojené státy.	NEW YORK – The Great Recession of 2008 has morphed into the North Atlantic Recession: it is mainly Europe and the United States, not the major emerging markets, that have become mired in slow growth and high unemployment.
A právě Evropa a Amerika kráčejí, jednotlivě i společně, k vyústění majestátního debaklu.	And it is Europe and America that are marching, alone and together, to the denouement of a grand debacle.
Prasklá bublina vedla k masivnímu keynesiánskému stimulu, který předešel mnohem hlubší recesi, ale zároveň zapříčinil značné rozpočtové schodky.	A busted bubble led to a massive Keynesian stimulus that averted a much deeper recession, but that also fueled substantial budget deficits.
Reakce – rozsáhlé výdajové škrty – se postará o to, že zůstanou zachovány nepřijatelně vysoké míry nezaměstnanosti (obrovské mrhání prostředky a zahlcení strádáním), možná na celá léta.	The response – massive spending cuts – ensures that unacceptably high levels of unemployment (a vast waste of resources and an oversupply of suffering) will continue, possibly for years.
Evropská unie se konečně zavázala pomoci svým členům ve finanční tísni.	The European Union has finally committed itself to helping its financially distressed members.
Neměla na výběr: jelikož hrozilo, že se finanční rozvrat rozšíří z malých států jako Řecko a Irsko do velkých zemí, jako je Itálie a Španělsko, čím dál silněji bylo ohroženo samotné přežití eura.	It had no choice: with financial turmoil threatening to spread from small countries like Greece and Ireland to large ones like Italy and Spain, the euro’s very survival was in growing jeopardy.
Evropští lídři si uvědomili, že dluhy zemí v tísni začnou být nezvladatelné, nedokážou-li tamní ekonomiky růst, a že bez pomoci nelze růstu dosáhnout.	Europe’s leaders recognized that distressed countries’ debts would become unmanageable unless their economies could grow, and that growth could not be achieved without assistance.
Avšak byť evropští lídři přislíbili, že pomoc je na cestě, ještě zdvojnásobili sázky na víru, že země nepostižené krizí musí seškrtávat výdaje.	But, even as Europe’s leaders promised that help was on the way, they doubled down on the belief that non-crisis countries must cut spending.
Výsledné vynucené šetření poškodí evropský růst, a tedy růst nejotřesenějších ekonomik: vždyť Řecku by nepomohlo víc nic jiného než solidní růst jeho obchodních partnerů.	The resulting austerity will hinder Europe’s growth, and thus that of its most distressed economies: after all, nothing would help Greece more than robust growth in its trading partners.
Pomalý růst naruší příjmy z daní a podkope deklarovaný cíl fiskální konsolidace.	And low growth will hurt tax revenues, undermining the proclaimed goal of fiscal consolidation.
Diskuse před krizí byla ilustrací toho, jak málo se udělalo pro nápravu ekonomických fundamentů.	The discussions before the crisis illustrated how little had been done to repair economic fundamentals.
Vehementní odpor Evropské centrální banky proti tomu, co je nepostradatelné pro všechny kapitalistické ekonomiky, totiž proti restrukturalizaci dluhu zkrachovalých či insolventních subjektů, dokládá přetrvávající křehkost západní bankovní soustavy.	The European Central Bank’s vehement opposition to what is essential to all capitalist economies – the restructuring of failed or insolvent entities’ debt – is evidence of the continuing fragility of the Western banking system.
ECB prohlásila, že celý účet za nedobytný svrchovaný dluh Řecka by na sebe měli vzít daňoví poplatníci, ze strachu, že jakákoli účast soukromého sektoru by vyvolala „úvěrovou událost“, která by si vynutila velké výplaty u swapů úvěrového selhání (CDS) a mohla by vyvolat další finanční rozvrat.	The ECB argued that taxpayers should pick up the entire tab for Greece’s bad sovereign debt, for fear that any private-sector involvement (PSI) would trigger a “credit event,” which would force large payouts on credit-default swaps (CDSs), possibly fueling further financial turmoil.
Pokud je však právě toto skutečnost obavou ECB, tedy pokud nejedná pouze v zájmu soukromých věřitelů, rozhodně měla požadovat, aby banky měly více kapitálu.	But, if that is a real fear for the ECB – if it is not merely acting on behalf of private lenders – surely it should have demanded that the banks have more capital.
Obdobně ECB měla banky vykázat z rizikového trhu s CDS, kde jsou rukojmími úsudků ratingových agentur o tom, co představuje „úvěrovou událost“.	Likewise, the ECB should have barred banks from the risky CDS market, where they are held hostage to ratings agencies’ decisions about what constitutes a “credit event.”
Ostatně jedním z pozitivních výsledků jednání evropských lídrů na nedávném bruselském summitu bylo zahájení procesu zkrocení ECB i moci amerických ratingových agentur.	Indeed, one positive achievement by European leaders at the recent Brussels summit was to begin the process of reining in both the ECB and the power of the American ratings agencies.
Nejkurióznějším aspektem postoje ECB byla pohrůžka, že restrukturalizované vládní dluhopisy jako zástavu nepřijme, pokud ratingové agentury usoudí, že restrukturalizaci je třeba klasifikovat jako úvěrovou událost.	Indeed, the most curious aspect of the ECB’s position was its threat not to accept restructured government bonds as collateral if the ratings agencies decided that the restructuring should be classified as a credit event.
Celým smyslem restrukturalizace bylo umořit část dluhu a zajistit, aby byl zbytek zvladatelnější.	The whole point of restructuring was to discharge debt and make the remainder more manageable.
Jestliže byly dluhopisy přijatelné jako zástava před restrukturalizací, nesporně byly po restrukturalizaci ještě bezpečnější, a tedy neméně akceptovatelné.	If the bonds were acceptable as collateral before the restructuring, surely they were safer after the restructuring, and thus equally acceptable.
Tato příhoda nám slouží jako připomínka skutečnosti, že centrální banky jsou politické instituce, s vlastní politickou agendou, a že nezávislé centrální banky mají sklon upadat (přinejmenším „kognitivně“) do područí bank, jež by měly regulovat.	This episode serves as a reminder that central banks are political institutions, with a political agenda, and that independent central banks tend to be captured (at least “cognitively”) by the banks that they are supposed to regulate.
Na druhé straně Atlantiku je přitom situace o málo lepší.	And matters are little better on the other side of the Atlantic.
Tam krajní pravice hrozila, že odstaví vládu USA, čímž potvrdila tvrzení teorie her: když se s racionálními jedinci střetnou ti, kdo se iracionálně upnou k destrukci, není-li po jejich, vítězí ti druzí.	There, the extreme right threatened to shut down the US government, confirming what game theory suggests: when those who are irrationally committed to destruction if they don’t get their way confront rational individuals, the former prevail.
Prezident Barack Obama se proto podvolil nevyvážené strategii snižování zadluženosti, bez jakéhokoli zvýšení daní – ani pro milionáře, jimž se v uplynulých dvou desetiletích tak dařilo, ani zrušením daňových dárků pro ropné společnosti, které podrývají ekonomickou efektivitu a přispívají k degradaci životního prostředí.	As a result, President Barack Obama acquiesced in an unbalanced debt-reduction strategy, with no tax increases – not even for the millionaires who have done so well during the past two decades, and not even by eliminating tax giveaways to oil companies, which undermine economic efficiency and contribute to environmental degradation.
Optimisté tvrdí, že krátkodobý makroekonomický důsledek dohody o zvýšení amerického dluhového stropu a předejití svrchovanému úpadku bude omezený – zhruba 25 miliard dolarů výdajových škrtů v nadcházejícím roce.	Optimists argue that the short run macroeconomic impact of the deal to raise America’s debt ceiling and prevent sovereign default will be limited – roughly $25 billion in expenditure cuts in the coming year.
Nebylo však prodlouženo snížení daně ze mzdy (které nechávalo přes 100 miliard dolarů v kapsách obyčejných Američanů) a je jisté, že trh, v očekávání nástupu kontrakčních důsledků, bude ještě méně ochotný půjčovat.	But the payroll-tax cut (which put more than $100 billion into the pockets of ordinary Americans) was not renewed, and surely business, anticipating the contractionary effects down the line, will be even more reluctant to lend.
Už samotné ukončení stimulu je kontrakční.	The end of the stimulus itself is contractionary.
A za situace, kdy ceny domů nadále klesají, růst HDP se zadrhává a nezaměstnanost zůstává neústupně vysoká (práci na plný úvazek stále nemůže sehnat každý šestý Američan, který o ni má zájem), nejsou na místě úsporná opatření, ale další stimulace – a to i v zájmu vyrovnání rozpočtu.	And, with housing prices continuing to fall, GDP growth faltering, and unemployment remaining stubbornly high (one of six Americans who would like a full-time job still cannot get one), more stimulus, not austerity, is needed – for the sake of balancing the budget as well.
Naprosto nejdůležitější příčinou narůstajícího deficitu jsou slabé příjmy z daní, v důsledku chabé hospodářské výkonnosti; naprosto nejlepším řešením by bylo dostat Ameriku zpět do práce.	The single most important driver of deficit growth is weak tax revenues, owing to poor economic performance; the single best remedy would be to put America back to work.
Nedávná dohoda nad zadlužením je krok špatným směrem.	The recent debt deal is a move in the wrong direction.
Mezi Evropou a Amerikou dochází k silným přenosům finanční nákazy.	There has been much concern about financial contagion between Europe and America.
Chyby v americkém finančním řízení se významně podílely na spuštění evropských problémů a finanční chaos v Evropě by zase neprospěl USA – zejména s přihlédnutím ke křehkosti bankovní soustavy USA a trvající úloze, již sehrává u netransparentních CDS.	After all, America’s financial mismanagement played an important role in triggering Europe’s problems, and financial turmoil in Europe would not be good for the US – especially given the fragility of the US banking system and the continuing role it plays in non-transparent CDSs.
Skutečný problém ale plyne z jiné formy nákazy: hranice snadno překračují špatné nápady a pomýlené ekonomické představy se na obou březích Atlantiku vzájemně posilují.	But the real problem stems from another form of contagion: bad ideas move easily across borders, and misguided economic notions on both sides of the Atlantic have been reinforcing each other.
Totéž bude platit pro stagnaci, kterou tyto politiky přinesou.	The same will be true of the stagnation that those policies bring.
	
Chladné počty o globálním oteplování	A Cool Calculus of Global Warming
Britská vláda nedávno vydala dosud nejobsáhlejší studii ekonomických nákladů a rizik plynoucích z globálního oteplování, jakož i opatření, která by mohla snížit emise skleníkových plynů, v naději, že se tak podaří odvrátit nejhrozivější dopady.	The British government recently issued the most comprehensive study to date of the economic costs and risks of global warming, and of measures that might reduce greenhouse gas emissions, in the hope of averting some of the direst consequences.
Zpráva sepsaná pod vedením sira Nicholase Sterna z London School of Economics, jenž mě vystřídal ve funkci hlavního ekonoma Světové banky, dává jasně najevo, že otázkou již není, zda si můžeme dovolit proti globálnímu oteplování něco dělat, nýbrž zda si můžeme dovolit nedělat proti němu nic.	Written under the leadership of Sir Nicholas Stern of the London School of Economics, who succeeded me as Chief Economist of the World Bank, the report makes clear that the question is no longer whether we can afford to do anything about global warming, but whether we can afford not to.
Zpráva navrhuje agendu, jejíž náklady by se rovnaly pouhému 1% roční spotřeby, ale ušetřily by světu rizikové ekvivalentní náklady, které jsou pětinásobně vyšší.	The report proposes an agenda whose cost would be equivalent to just 1% of annual consumption, but would save the world risk equivalent costs that are five times greater.
Uváděné náklady globálního oteplování přesahují údaje z předchozích studií, protože Sternova zpráva bere v úvahu množící se důkazy, že globální oteplování je nesmírně složitý a nelineární proces, takže existuje nezanedbatelná pravděpodobnost, že může postupovat mnohem rychleji, než se až dosud předpokládalo, a jeho rozsah může být oproti dosavadním předpokladům daleko vyšší.	The reported costs of global warming are higher than in earlier studies because it takes into account the mounting evidence that the process of global warming is highly complex and non-linear, with a non-negligible chance that it may proceed much faster than had previously been thought and that the extent of warming may be much greater than had previously been thought.
Je dokonce možné, že studie ještě náklady značně podhodnocuje: klimatické změny totiž mohou vést například k větší variabilitě počasí, možnému zmizení nebo významné změně Golfského proudu – což je hrozba zejména pro Evropu – a šíření nemocí.	Indeed, the study may actually significantly underestimate the costs: for instance, climate change may lead to more weather variability, a possible disappearance or major shift of the Gulf Stream – of particular concern to Europe – and a flourishing of disease.
Když jsem se v roce 1995 účastnil Mezivládního panelu o klimatických změnách – vědecké skupině, která periodicky vyhodnocuje poznatky o globálním oteplování –, existovaly přesvědčivé důkazy, že koncentrace skleníkových plynů v atmosféře se od počátku průmyslové revoluce výrazně zvýšila, že k tomuto zvýšení významně přispěla lidská činnost a že to bude mít hluboké dopady na podnebí a hladinu moří.	When I served in 1995 on the Intergovernmental Panel on Climate Change, the scientific group that periodically assesses the science of global warming, there was overwhelming evidence that the concentration of greenhouse gases in the atmosphere had increased markedly since the beginning of the industrial revolution, that human activity had contributed significantly to those increases, and that they would have profound effects on climate and sea levels.
Jen málokdo však tehdy tušil, že například na severním pólu budou tát ledovce tak rychle, jak se dnes podle všeho děje.	But few saw, for instance, the Artic ice cap melting as rapidly as now seems to be the case.
Někteří lidé přesto namítají, že jelikož nevíme jistě, jak zlé globální oteplování bude, měli bychom proti němu dělat jen málo nebo vůbec nic.	Still, some suggest that because we are not certain about how bad global warming will be, we should do little or nothing.
Podle mého názoru by nás však nejistota měla dnes nutit spíše k ráznější akci než k nečinnosti.	To me, uncertainty should make us act more resolutely today, not less.
Jak říká jeden můj přítel z vědeckých kruhů: pokud jedete v autě, kterému mohou selhat brzdy, po horské silnici, blížíte se k útesu a kolem se snáší mlha, pojedete opatrněji, anebo méně opatrně?	As one scientist friend puts it: if you are driving on a mountain road, approaching a cliff, in a car whose brakes may fail, and a fog bank rolls in, should you drive more or less cautiously?
Globální oteplování je jedním z oněch vzácných případů, u nichž se vědecká komunita obává budoucího vývoje více než běžná populace.	Global warming is one of those rare instances where the scientific community is more fearful of what may be happening than the population at large.
Vědci již totiž nahlédli, co může budoucnost věstit.	Scientists have glimpsed what the future may portend.
Jak poznamenává Sternova zpráva, nejzranitelnější budou jako obvykle chudí lidé.	As the Stern report points out, as usual, the poor are the most vulnerable.
Třetina Bangladéše se do konce tohoto století ocitne pod vodou.	A third of Bangladesh will be underwater by the end of this century.
Maledivy a přehršle tichomořských států zcela zmizí: bude to naše Atlantida jednadvacátého století.	The Maldives and a host of Pacific Island states will disappear: our twenty-first-century Atlantis.
Pro ekonoma je problém zjevný: znečišťovatelé nehradí v plné výši škody, které napáchali.	To an economist, the problem is obvious: polluters are not paying the full costs of the damage they cause.
Znečišťování je globální externalita nedozírných rozměrů.	Pollution is a global externality of enormous proportions.
Rozvinuté země možná nechtějí Bangladéši a mizejícím ostrovním státům ublížit, avšak žádná válka by nemohla být ničivější.	The advanced countries might mean Bangladesh and the disappearing island states no harm, but no war could be more devastating.
S globální externalitou se lze nejlépe vypořádat prostřednictvím globálně dohodnuté daňové sazby.	A global externality can best be dealt with by a globally agreed tax rate.
To neznamená zvýšení celkového zdanění, nýbrž nahrazení některých současných daní v každé zemi daní za znečištění (případně za uhlík).	This does not mean an increase in overall taxation, but simply a substitution in each country of a pollution (carbon) tax for some current taxes.
Zdaňovat věci, které jsou špatné, například znečištění, má totiž mnohem větší logiku než zdaňovat věci dobré, jako jsou úspory nebo práce.	It makes much more sense to tax things that are bad, like pollution, than things that are good, like savings and work.
Ačkoliv americký prezident George W. Bush tvrdí, že věří v trh, v tomto případě vyzval k dobrovolné aktivitě.	Although President George W. Bush says he believes in markets, in this case he has called for voluntary action.
Využít sílu trhů – sílu tržních pobídek – je však mnohem smysluplnější než se spoléhat na dobrou vůli, zvláště když jde o ropné společnosti, které za svůj jediný cíl pokládají maximalizaci zisků bez ohledu na náklady pro ostatní.	But it makes far more sense to use the force of markets – the power of incentives – than to rely on goodwill, especially when it comes to oil companies that regard their sole objective as maximizing profits, regardless of the cost to others.
Firma Exxon údajně financuje takzvané mozkové trusty, aby podkopala důvěru ve vědecký základ globálního oteplování, stejně jako kdysi tabákový průmysl financoval „výzkum“ s cílem zpochybnit platnost statistických zjištění prokazujících spojitost mezi kouřením a rakovinou.	Exxon has reportedly been funding so-called think tanks to undermine confidence in the science of global warming, just as the tobacco industry funded “research” to question the validity of statistical findings showing the link between smoking and cancer.
Dokonce se zdá, že některé firmy tání ledovců v oblasti severního pólu vítají, protože se tím sníží náklady na těžbu ropy pod Severním ledovým oceánem.	Some companies even seem to celebrate the melting of the polar ice cap, because it will reduce the cost of extracting the oil that lies beneath the Arctic Ocean.
Dobrou zprávou je, že existuje řada způsobů, jak prostřednictvím zdokonalených pobídek emise snížit – zčásti i odbouráním bezpočtu dotací na neefektivní činnosti.	The good news is that there are many ways by which improved incentives could reduce emissions – partly by eliminating the myriad of subsidies for inefficient usages.
USA dotují etanol založený na kukuřici a uvalují clo na etanol založený na cukru; v daňových zákonech se ukrývají miliardové dotace ropným a plynárenským společnostem.	The US subsidizes corn-based ethanol, and imposes tariffs on sugar-based ethanol; hidden in the tax code are billions of dollars of subsidies to the oil and gas industries.
A co je nejdůležitější, cenové signály, které ukazují skutečné společenské náklady na energii získanou spalováním fosilních paliv, podnítí inovace a ochranu přírody.	Most importantly, price signals that show the true social costs of energy derived from fossil fuels will encourage innovation and conservation.
I malé změny v každodenních zvyklostech mohou znamenat obrovský přínos, pokud si je osvojí stamiliony lidí.	Small changes in practices, when replicated by hundreds of millions of people, can make an enormous difference.
Například již pouhá změna barvy střechy v teplých oblastech tak, aby odrážela sluneční záření, případně vysázení stromů kolem domu, to vše může vést ke značným úsporám energie spotřebované na klimatizaci.	For example, simply changing the color of roofs in warm climates to reflect sunlight or planting trees around houses can lead to great savings on energy used for air conditioning.
Máme jen jednu planetu a měli bychom si ji chránit.	We have but one planet, and should treasure it.
Globální oteplování je riziko, jehož ignorování si prostě a jednoduše nemůžeme nadále dovolit.	Global warming is a risk that we simply cannot afford to ignore anymore.
	
Chladná hlava na nejžhavější témata	A Cool Head for the Hottest Issues
LONDÝN – Při četbě nádherně napsané knihy Cesta za sny mého otce, v níž se americký prezident Barack Obama zamýšlí nad svým raným životem a identitou, ohromí většinu lidí jeho věcný a intelektuální přístup.	LONDON – Reading Barack Obama’s Dreams from My Father, the US president’s beautifully written reflections on his early life and identity, most people are struck by his cool and intellectual approach.
To ještě neznamená, že je Obama bez emocí.	This is not to say that he is unemotional.
I on dokáže zuřit a plakat.	Obama can rage and weep.
Zdá se však, že jen málokdy jedná na základě syrového sentimentu nebo instinktivních předsudků.	But he rarely seems to act on the basis of raw sentiment or instinctive prejudice.
A protože je pragmatický a vysoce inteligentní, dříve či později si každé téma získá plnou pozornost jeho zvědavé a analytické povahy.	Pragmatic and highly intelligent, sooner or later every issue receives the full attention of his forensic curiosity.
Připomeneme-li si slavnou televizní reklamu Hillary Clintonové v rámci demokratických primárek, pak se ukazuje, že Obama je přesně tím typem prezidenta, jehož by většina z nás chtěla mít „na stráži“ ve 3 hodiny ráno, kdy přijde onen telefonát o mezinárodní krizi.	Recalling Hillary Clinton’s famous Democratic primary television advertisement, Obama, it turns out, is exactly the sort of president that most of us would want to have in the post for that 3 a.m. phone call about an international crisis.
Nebál by se totiž jednat, ale zároveň by byl připraven o věci nejprve přemýšlet.	He would not be afraid to act, but he would be prepared to think first.
Nemyslím si proto, že se Obama bude příliš trápit některými kritikami, jimž na konci prvního roku v úřadu čelí, ačkoliv se bezpochyby zakaboní nad porážkou demokratického kandidáta v doplňovacích volbách na uvolněné křeslo po Tedu Kennedym ve státě Massachusetts.	I do not think, therefore, that Obama will be too vexed by some of the criticism he faces at the end of his first year in office, though he will undoubtedly grimace at the defeat of the Democratic candidate in the special election in Massachusetts to fill Ted Kennedy’s old seat.
Před rokem byl Obama přehnaně chválen; po 12 měsících je přehnaná i jeho kritika.	Obama was praised extravagantly a year ago; 12 months on, the criticism is over the top, too.
Obama zdědil strašlivý odkaz – recesi, finanční krizi, Irák, Afghánistán.	Obama inherited a terrible legacy – recession, financial meltdown, Iraq, Afghanistan.
Všechny tyto problémy nevyřešil.	He has not solved all of these problems.
Těžko však hledat nějaké jeho opravdu vážné chyby, snad s výjimkou toho, že se nechal sekýrovat izraelským premiérem Netanjahuem a vyvolal v Číně dojem, že je ochoten spokojit se s bilaterálním vztahem výlučně podle čínských not.	But it is difficult to see any really bad mistakes, except perhaps allowing himself to be pushed around by Israeli Prime Minister Netanyahu and giving China the impression that he was prepared for a bilateral relationship entirely on China’s terms.
Nyní se zdá, že se i toto mění.	That seems to be changing now.
Obama už možná dospěl k pochopení, že když je člověk lídrem jediné světové supervelmoci a chce být respektován, je třeba, aby se ho ostatní alespoň trochu báli.	Obama may have come to understand that when you are the leader of the world’s only superpower, you need to be feared just a little if you are to be respected.
Americká levice kritizuje Obamu za to, že už nyní neobrátil směřování ekonomiky.	The left in America criticizes Obama for not turning the economy around already.
Pravice ho zlostně označuje za kryptokomunistu, protože chce, aby měl každý Američan zdravotní péči.	The right angrily denounces him as a crypto-communist because he wants every American to have health care.
Zadíváme-li se na tuto dlouhodobou hru bez emocí, co si asi bude myslet samotný prezident?	With a dispassionate eye on the long game, what will the president himself be thinking?
Jedním z témat nacházejících se bezpochyby v Obamově hledáčku je problém, jenž celá léta vrhal na svět stín.	One issue that Obama is certain to have in his sights is a problem that shadowed the world for years.
Když jsem v 50. a 60. letech vyrůstal, byl mír ve světě založen na jaderném patu mezi USA a Sovětským svazem.	When I was growing up in the 1950’s and 1960’s, world peace was based on the nuclear standoff between the US and the Soviet Union.
Hlavní strategickou úvahou na obou stranách Berlínské zdi byl předpoklad, že učiní-li kterákoliv strana chybný krok, my všichni bychom mohli skončit v plamenech jaderného holokaustu.	The main strategic assessment on both sides of the Berlin Wall was that if either side made a wrong move, all of us might end up consumed in the flames of a nuclear holocaust.
V tehdejším geostrategickém žargonu se tomu říkalo „vzájemně zaručené zničení“ neboli MAD.	This was called, in the geostrategic jargon of the day, “mutually assured destruction,” or MAD.
Tato zkratka byla naprosto přiléhavá.	The acronym was entirely appropriate.
Na ty doby už jsme zapomněli.	We have forgotten those days.
Přesto na naší planetě stále existuje 23 000 jaderných hlavic s výbušnou silou rovnající se 150 000 bombám z Hirošimy.	Yet there are still 23,000 nuclear warheads on our planet, with the explosive power of 150,000 Hiroshima bombs.
Teroristické skupiny by se bezpochyby rády některé z nich zmocnily.	Terrorist groups would undoubtedly like to get their hands on one.
Celkem existuje osm jaderných států – USA, Rusko, Velká Británie, Francie, Čína, Izrael, Indie a Pákistán.	In all, there are eight nuclear-weapon states – the US, Russia, Britain, France, China, Israel, India, and Pakistan.
Také Severní Korea má možná několik bomb.	North Korea may also have a few bombs.
Mnozí lidé se domnívají, že se jadernou bombu snaží vyvinout i Írán.	Iran is believed by many to be trying to develop one.
Potenciál k vývoji takové zbraně mají rovněž další státy s vlastními civilními jadernými kapacitami.	Other states, which have their own civil nuclear capacity, have the potential to develop a weapon.
Počet zemí spadajících do této kategorie se zákonitě zvýší, poněvadž v příštích 20 letech se počet jaderných reaktorů zdvojnásobí.	The number of countries in this category is bound to increase as the number of nuclear power reactors doubles over the next 20 years.
Smlouva o nešíření jaderných zbraní (NPT) omezuje počet jaderných států.	The Nuclear Non-Proliferation Treaty (NPT) has contained the number of nuclear states.
V květnu se má konat konference o jejím obnovení a přehodnocení.	A conference is to be held in May to renew and review it.
Obama si zjevně uvědomuje, že NPT je třeba posílit, aby se zabránilo tomu, že státy promění své civilní jaderné kapacity ve zbraně.	Obama clearly recognizes that the NPT needs to be strengthened in order to prevent countries from turning their civil nuclear-power capacity into weapons.
Obama však také ví, že chtějí-li stávající jaderné státy, aby jiné země akceptovaly tvrdší restrikce, budou muset samy omezit své jaderné arzenály.	But Obama also knows that if the existing nuclear states want others to accept tougher restrictions, they will have to cut back their nuclear arsenals.
To je téma zejména pro USA a Rusko, které disponují 95 procenty všech jaderných zbraní ve světě.	This is principally an issue for the US and Russia, which possess 95% of the world’s nuclear weapons.
Navíc by pomohlo, kdyby se USA postavily rázně do čela tím, že ratifikují Smlouvu o všeobecném zákazu jaderných zkoušek.	In addition, it would help if the US could take a strong lead by ratifying the Comprehensive Nuclear-Test-Ban Treaty.
Jaderné téma patří v Obamově agendě k nejvýznamnějším.	The nuclear issue is one of the biggest items on the Obama agenda.
To, jak se s ním vypořádá, pomůže definovat celé jeho prezidentské působení.	How it is handled will help to define his presidency.
Ještě než v květnu začne jít v rozhovorech do tuhého, bude třeba vyřešit otázku Íránu.	Even before the talking gets serious in May, there will be the question of Iran to sort out.
Ten tvrdí, že mu nejde o nic jiného než o možnost vyrábět jadernou energii.	Iran says that it seeks no more than its own ability to produce nuclear power.
S každým dalším odhalením tajných íránských objektů a plánů a s každým dalším odmítnutím Íránu jednat o zárukách, které by umožnily civilní využití jádra a současně zamezily výrobě jaderných zbraní, však sílí nedůvěra.	Disbelief grows with every revelation of secret Iranian facilities and plans, and with every refusal by Iran to negotiate safeguards that would allow for civil use while preventing weaponization.
USA, Evropská unie a Rusko se snaží Írán do této otázky zapojit, ale zatím bezúspěšně.	The US, the European Union, and Russia have tried to engage Iran on this issue, so far without success.
Čína pravděpodobně zablokuje účinné sankce proti Íránu, protože má s touto zemí úzké vztahy v oblasti energetiky.	China seems likely to block effective sanctions on Iran because of its close energy relationship with the country.
Konečný postoj Číny přitom bude mít hluboký dopad na její postavení v USA a v Evropě.	How China eventually handles this will profoundly affect its standing in the US and Europe.
Toto jsou některé z velkých otázek, které bude Obama v následujícím roce i dalších letech řešit.	These are going to be some of the major questions for Obama over the next year and more.
Vyřeší-li je správně, může na své krátkodobé kritiky zapomenout.	If he gets them right, he can forget about his short-term critics.
Naštěstí je dost chytrý na to, aby to věděl.	Fortunately, he is smart enough to know this.
	
Krize v plném proudu	A Crisis in Full Flight
MNICHOV – Na chvíli to vypadalo, jako by se úvěrovému programu Evropské centrální banky ve výši bilionu eur, který do evropské bankovní soustavy napumpoval likviditu, podařilo uklidnit globální finanční trhy.	MUNICH – For a while, it looked as if the European Central Bank’s €1 trillion credit program to pump liquidity into Europe’s banking system had calmed global financial markets.
Teď už ale úrokové sazby u státních dluhopisů Itálie a Španělska zase rostou a blíží se zhruba 6 %.	But now interest rates for Italian and Spanish government bonds are on the rise again, closing in on about 6%.
Jistěže se nemusí jednat o bod zlomu, za nímž už dluhové břemeno začne být neudržitelné.	Of course, this may not be the breaking point beyond which the debt burden becomes unsustainable.
Vždyť během dekády před zavedením eura úrokové sazby v jižní Evropě zřetelně převyšovaly 10 %.	After all, interest rates in Southern Europe were well above 10% in the decade before the euro was introduced.
I Německo tedy muselo držitelům dluhopisů platit víc než 6 %.	Even Germany at that time had to pay bondholders more than 6%.
Nicméně trhy jasně signalizují rostoucí obavy, zda Španělsko a Itálie budou ochotné své dluhové břemeno snášet.	Nevertheless, the markets are clearly signaling growing doubt about whether Spain and Italy will be willing to bear their debt burden.
Hlavním problémem je Španělsko, kde je úhrn zahraničního dluhu soukromého a veřejného sektoru vyšší než v Řecku, Portugalsku, Irsku a Itálii dohromady, a podobně jako v Řecku nemá daleko ke 100 % HDP (přesně jde o 93 %).	The main problem is Spain, where private and public-sector foreign debt is larger than that of Greece, Portugal, Ireland, and Italy combined, and, as in Greece, is in the neighborhood of 100% of GDP (93% to be precise).
Čtvrtina pracovních sil a polovina mladých lidí ve Španělsku je bez práce, což odráží ztrátu konkurenční schopnosti země v důsledku bubliny realit, již v předkrizovém období nafoukly laciné úvěry v eurech.	A quarter of the labor force and half of Spain’s youth are unemployed, reflecting the country’s loss of competitiveness in the wake of the real-estate bubble inflated by cheap euro credit in the pre-crisis period.
Současný deficit běžného účtu se drží na 3,5 % HDP, navzdory recesí vyvolanému poklesu importu, zatímco ekonomická kontrakce zapříčiní, že Španělsko opět nesplní svůj cíl rozpočtového schodku.	The current-account deficit remains at 3.5% of GDP, despite the recession-induced decline in imports, while economic contraction will cause Spain to miss its budget-deficit target again.
Španělský dluh vůči zúčtovacímu systému ECB TARGET se navíc mezi únorem a březnem zvýšil o 55 miliard eur, protože bylo nutné kompenzovat kapitálové odlivy v této výši.	Moreover, Spain’s debt with the ECB’s TARGET settlement system rose by €55 billion ($72 billion) between February and March, because capital outflows of that amount had to be compensated.
Od července 2011 španělský dluh vůči TARGET narostl o 199 miliard eur.	Since July 2011, Spain’s TARGET debt has grown by €199 billion.
Odliv kapitálu je v plném proudu, přičemž více než vyrovnává přílivy z let 2008-2010.	Capital is in full flight, more than offsetting the inflows from 2008-2010.
Kumulativní úhrn od počátku prvního roku krize (2008) znamená, že Španělsko celý svůj deficit běžného účtu financovalo tištěním peněz.	The cumulative total since the beginning of the first crisis year (2008) means that Spain has financed its entire current-account deficit via the printing press.
Maličko lepší obrázek je v Itálii, kde se za posledních deset let bilance běžného účtu zhoupla od přebytku kolem 2 % HDP ke schodku ve výši 3 % HDP.	The picture is little better in Italy, where the current-account balance has swung from a surplus of around 2% of GDP to a 3%-of-GDP deficit over the last ten years.
Dluh země vůči TARGET se od února do března zvýšil o 76 miliard eur, přičemž celkový nárůst od července 2011 činí 276 miliard eur.	The country’s TARGET debt grew by €76 billion from February to March, with the total since July 2011 reaching €276 billion.
I z Itálie odtéká kapitál; úprk investorů po likviditní injekci ECB dokonce zrychlil.	Italy, too, is being drained of capital; in fact, the flight of investors accelerated after the ECB’s liquidity injection.
Dnes už je jasné, že značnou část úniku kapitálu ze zemí jako Španělsko a Itálie zapříčinila sama ECB, protože levné úvěrování, které nabídla, vypudilo soukromý kapitál.	It is now clear that the ECB itself has caused a large part of the capital flight from countries like Spain and Italy, because the cheap credit that it offered drove away private capital.
Záměrem opatření ECB bylo obnovit důvěru a vyvolat oživení na mezibankovním trhu.	The purpose of the ECB’s measures was to re-establish confidence and bring about a recovery of the inter-bank market.
Ani v tomto nebyla příliš úspěšná, navzdory obrovské sumě peněz, již vyložila na stůl.	In this, too, it has not really been successful, despite the huge amount of money that it put on the table.
Vachrlatě teď ostatně vypadají i Francouzi.	Indeed, now the French are looking wobbly.
Jelikož od července 2011 do ledna 2012 ze země odtékal kapitál, dluh Francie vůči TARGET se zvýšil o 95 miliard eur.	As capital fled the country between July 2011 and January 2012, France’s TARGET debt increased by €95 billion.
Francie také ztratila konkurenční schopnost, vzhledem k levným úvěrům, jež ve svých prvních letech přineslo euro.	France, too, has become uncompetitive, owing to the cheap credit brought by the euro in its initial years.
Podle nedávné studie Goldman Sachs cenová hladina země musí klesnout odhadem o 20 % vůči průměru eura, tedy devalvovat v reálných hodnotách, má-li si tamní ekonomika udržet v rámci eurozóny konkurenční schopnost.	According to a recent study by Goldman Sachs, the country’s price level must drop by an estimated 20% vis-à-vis the euro average – that is, depreciate in real terms – if the economy is to regain competitiveness within the eurozone.
Itálie bude muset devalvovat o 10-15 % a Španělsko zhruba o 20 %.	Italy will have to depreciate by 10-15%, and Spain by roughly 20%.
Přestože Řecko a Portugalsko čelí nutnosti deflace v celkové výši 30 respektive 35 %, čísla platná pro Španělsko a Itálii jsou dost vysoká na to, aby byla důvodem k obavám o budoucí vývoj eurozóny.	While Greece and Portugal face the need for deflation totaling 30% and 35%, respectively, the figures for Spain and Italy are high enough to justify fears about the future development of the eurozone.
Pokud se vzniklé nevyváženosti vůbec podaří napravit, půjde to jedině s velkým úsilím a za souhlasu s dekádou stagnace.	These imbalances can be redressed only with great effort, if at all, and only if one accepts a decade of stagnation.
Pro Řecko a Portugalsko bude hodně náročné udržet se v euru.	For Greece and Portugal, staying in the eurozone will be a tight squeeze.
Jsou tací, kteří by problém řešili posíláním čím dál levnějších úvěrů prostřednictvím veřejných kanálů – záchranných fondů, eurobondů či ECB – ze zdravého jádra eurozóny na strádající jih.	There are many who would solve the problem by routing more and more cheap credit through public channels – bailout funds, eurobonds, or the ECB – from the eurozone’s healthy core to the troubled South.
To by však střadatele a daňové poplatníky v jádrových zemích nespravedlivě nutilo poskytovat jihu kapitál za podmínek, s nimiž by nikdy dobrovolně nesouhlasili.	But this would unfairly force savers and taxpayers in the core countries to provide capital to the South on terms to which they would never voluntarily agree.
Německé, nizozemské a finské úspory ve výši 15, 17 respektive 21 tisíc eur na jednoho pracujícího obyvatele už se proměnily z obchodovatelných investic na pouhé kompenzační nároky vůči ECB.	Already German, Dutch, and Finish savings amounting to €15,000, €17,000, and €21,000, respectively, per working person have been converted from marketable investments into mere equalization claims against the ECB.
Nikdo neví, jakou hodnotu tyto pohledávky budou mít v případě rozpadu eurozóny.	No one knows what these claims will be worth in the event of a eurozone breakup.
Avšak především by neustálé veřejné zajišťování levných úvěrů nakonec vedlo k vleklé neduživosti, ne-li k ekonomickému hroucení Evropy, protože eurozóna by se stala centrálně řízenou soustavou, v níž by investice ovládal stát.	Above all, however, the permanent public provision of cheap credit would ultimately lead to a lingering infirmity, if not to Europe’s economic collapse, because the eurozone would become a central management system with state control over investment.
Takové systémy nemůžou fungovat, protože potlačují kapitálový trh jako hlavní řídicí mechanismus hospodářské soustavy.	Such systems cannot work, because they eliminate the capital market as the economic system’s main steering mechanism.
Člověk se neubrání údivu nad tím, jak bezhlavě se evropští politici pustili z tohoto kluzkého svahu.	One cannot help but wonder how thoughtlessly Europe’s politicians have started down this slippery slope.
	
Krize důvěry	A Crisis of Trust
LONDÝN – Veřejná důvěra ve finanční instituce a v orgány, které je mají regulovat, byla jednou z prvních obětí finanční krize.	LONDON – Public trust in financial institutions, and in the authorities that are supposed to regulate them, was an early casualty of the financial crisis.
Těžko to někoho překvapí, neboť se ukázalo, že dříve uctívané firmy zcela nerozumějí nástrojům, s nimiž pracují, ani rizikům, která na sebe berou.	That is hardly surprising, as previously revered firms revealed that they did not fully understand the very instruments they dealt in or the risks they assumed.
Je obtížné nepřihlížet tomuto zaslouženému potrestání „pánů všehomíra“ s jistou dávkou soukromé škodolibosti.	It is difficult not to take some private pleasure in this comeuppance for the Masters of the Universe.
Bude-li však ztráta důvěry přetrvávat, může to být bohužel nákladné pro nás všechny.	But, unfortunately, if this loss of trust persists, it could be costly for us all.
Jak poznamenal Ralph Waldo Emerson: „Naše nedůvěra je velmi drahá.“ Nositel Nobelovy ceny Kenneth Arrow zase před téměř 40 lety v souvislosti s ekonomikou poznamenal: „Lze věrohodně tvrdit, že ekonomická zpozdilost ve světě se dá z velké části vysvětlit absencí vzájemné důvěry.“	As Ralph Waldo Emerson remarked, “Our distrust is very expensive.” The Nobel laureate Kenneth Arrow made the point in economic terms almost 40 years ago: “It can be plausibly argued that much of the economic backwardness in the world can be explained by the lack of mutual confidence.”
Ekonomický význam skutečně v řadě případů demonstroval silný vztah mezi mírou důvěry ve společnosti a její celkovou hospodářskou výkonností.	Indeed, much economic research has demonstrated a powerful relationship between the level of trust in a community and its aggregate economic performance.
Bez vzájemné důvěry je ekonomická aktivita silně omezená.	Without mutual trust, economic activity is severely constrained.
Dokonce i uvnitř Evropy najdeme silné důkazy, že státy, v nichž panuje větší vzájemná důvěra, dosahují vyšší úrovně investic, obzvláště prostřednictvím investic rizikového kapitálu, a jsou ochotny uzavírat flexibilnější kontrakty, které jsou rovněž přínosné pro růst a investice.	Even within Europe, there is powerful evidence that countries where mutual trust is higher achieve higher levels of investment, particularly through venture capital investment, and are prepared to use more flexible contracts, which are also beneficial for growth and investment.
Platí-li tedy, že krize poškodila důvěru ve finanční instituce – a ve vlády, které na ně dohlížejí –, pak by nám to nemělo být ani trochu jedno a měli bychom vymýšlet takové reakce, které se pokusí tuto důvěru obnovit.	So if it is true that trust in financial institutions – and in the governments that oversee them – has been damaged by the crisis, we should care a lot, and we should be devising responses which seek to rebuild that trust.
Důkazy o krizi důvěry se však dosti obtížně interpretují.	In fact, the evidence for a crisis of trust is rather difficult to interpret.
Ve Velké Británii jsou výsledky nedávných průzkumů nejednoznačné.	In the United Kingdom, recent survey results are ambiguous.
Průzkumy vyzdvihované finančními firmami ukazují, že důvěra v ně se příliš nezmenšila a že jim lidé i nadále důvěřují dokonce více než britské veřejné zdravotní pojišťovně nebo BBC.	Surveys promoted by financial firms tend to show that trust in them has not diminished much, and that people continue to trust them even more than they do the National Health Service or the BBC.
Průzkumy vyzdvihované BBC ukazují pravý opak.	Surveys promoted by the BBC tend to show the reverse.
Banky citují statistiky, které ukazují, že jim lidé důvěřují více než supermarketům, zatímco supermarkety se odvolávají na důkazy, podle nichž je pravda opačná, a expandují do sektoru finančních služeb ve víře, že jim veřejnost bude důvěřovat více než bankám, které musela vláda za velké peníze zachraňovat.	Banks quote statistics to show that they are more trusted than supermarkets, whereas supermarkets cite evidence that the opposite is true, and are expanding into financial services in the belief that the public will trust them more than they trust the banks, which have had to be expensively bailed out by the government.
Trh dá již brzy jedné ze stran za pravdu.	The market will prove one side right before too long.
Ve Spojených státech dnes existuje systematičtější nezávislý průzkum, který realizují ekonomové z Boothovy podnikatelské fakulty Chicagské univerzity.	In the United States, there is now a more systematic, independent survey promoted by economists at the University of Chicago Booth School of Business.
Jejich index finanční důvěry založený na rozsáhlém průzkumu důvěry amerických domácností ve finanční lídry skutečně ukázal prudký pád důvěry koncem roku 2008 a počátkem roku 2009, tedy po kolapsu Lehman Brothers.	Their financial trust index, based on a large-scale survey of financial decision-makers in American households, did show a sharp fall in trust in late 2008 and early 2009, following the collapse of Lehman Brothers.
Pokles důvěry se týkal bank, akciového trhu, vlády i jejích regulačních orgánů.	That fall in confidence affected banks, the stock market, and the government and its regulators.
Průzkum navíc ukázal, že klesající důvěra úzce souvisí s finančním chováním.	Furthermore, the survey showed that declining trust was strongly correlated with financial behavior.
Pokud se jinými slovy výrazně snížila vaše důvěra v trh a způsob jeho regulace, pak se snížila i pravděpodobnost, že uložíte peníze do banky nebo je investujete do akcií.	In other words, if your trust in the market and in the way it is regulated fell sharply, you were less likely to deposit money in banks or invest in stocks.
Klesající důvěra tedy měla reálné ekonomické dopady.	So falling trust had real economic consequences.
Nejnovější průzkum zveřejněný v červenci letošního roku naštěstí ukazuje, že důvěra v banky a bankéře se začala zvedat, a to docela ostře.	Fortunately, the latest survey, published in July this year, shows that trust in banks and bankers has begun to recover, and quite sharply.
Pro akciový trh je to pozitivní vývoj.	This has been positive for the stock market.
Oproti konci loňského roku se o něco zvýšila rovněž důvěra v reakci vlády a ve finanční regulaci.	There is also a little more confidence in the government’s response and in financial regulation than there was at the end of last year.
Tento vzestup důvěry, který bezpochyby odráží snahu Obamovy administrativy reformovat nefunkční systém, který zdědil, je obzvláště významný, neboť nejprudší úbytek investičních záměrů byl zjištěn mezi těmi, kdo ztratili důvěru v regulační schopnost vlády.	The latter point, which no doubt reflects the Obama administration’s attempts to reform the dysfunctional system it inherited, is particularly important, as the sharpest declines in investment intentions were among those who had lost confidence in the government’s ability to regulate.
Zdálo by se, že obnova důvěry ve Federální rezervní systém a v Komisi pro cenné papíry a burzy je důležitější než obnova důvěry v Citibank či AIG.	It would seem that rebuilding confidence in the Federal Reserve and the Securities and Exchange Commission is economically more important than rebuilding trust in Citibank or AIG.
Pokračující spory v Kongresu o přesné detaily reformy by proto mohly mít ekonomické důsledky, pokud převl��dne dojem, že celý systém nedozná zásadních změn.	Continuing disputes in Congress about the precise details of reform could, therefore, have an economic cost if a perception that the system will not be overhauled gains ground.
Všechny tyto údaje se týkají agregátní úrovně a odrážejí průměrné názory voličů a investorů.	All these data are at an aggregate level and reflect average views among voters and investors.
Přesto také víme, že názory jednotlivců jsou pozoruhodně různorodé.	Yet we also know that individual views are remarkably heterogeneous.
Někteří lidé silně důvěřují jiným lidem i firmám a institucím, s nimiž uskutečňují obchodní transakce.	Some people are very trusting of others, and of the firms and institutions with which they do business.
Jiní lidé jsou přirozeně nedůvěřiví.	Others are congenitally distrustful.
Vědci z Evropského univerzitního institutu ve Florencii a z Kalifornské univerzity nedávno ukázali, že existuje vztah mezi důvěrou a příjmem jednotlivce.	Researchers at the European University Institute in Florence and UCLA recently demonstrated that there is a relationship between trust and individuals’ income.
Celoevropský výzkum veřejného mínění, který se provádí už mnoho let, nám umožňuje dát oba faktory do souvislosti.	A pan-European opinion survey, which has been carried out for many years, allows us to relate the two.
Jednoduchými, ale pádnými otázkami se snaží zjistit, do jaké míry mají jednotlivci sklon důvěřovat těm, s nimiž jednají.	It asks simple but powerful questions about how far individuals are inclined to trust those with whom they deal.
Data kupodivu ukazují, že ti, jejichž míra důvěry se nachází hluboko pod průměrem země, ve které žijí, mají s vysokou pravděpodobností nižší příjem.	The data show, intriguingly, that those who show levels of trust well below the average for the country they live in are likely to have lower incomes.
Je tomu tak pouze proto, že lidé s nízkými příjmy mají pocit, že je život nespravedlivý, a proto nedůvěřují lidem kolem sebe?	Is that just because low-income people feel that life is unfair and therefore distrust those around them?
Zdá se, že nikoliv, protože je také pravda, že i velmi důvěřiví lidé mají podprůměrné příjmy.	It would seem not, as it is also true that very trusting people also have lower incomes than the average.
Pokud se jinými slovy výrazně odchýlíte od průměrné míry důvěry ve společnosti, budete na tom pravděpodobně tratit – buď proto, že jste k ostatním tak nedůvěřiví, že si necháváte ujít příležitosti k investicím a vzájemně přínosným směnám, anebo proto, že jste tak důvěřiví, že se necháváte podvádět a zneužívat.	In other words, if you diverge markedly from society’s average level of trust, you are likely to lose out, either because you are so distrustful of others that you miss out on opportunities for investment and mutually beneficial exchange, or because you are so trusting that you leave yourself open to being cheated and abused.
Když někdo, koho neznám, prohlásí: „Věřte mi“ – což pokládám za otravný konverzační tik –, obvykle zavřu peněženku.	When anyone I don’t know says “trust me” – an irritating conversational tic – I usually close my wallet.
Většina akademiků, kteří stojí na spodním konci příjmové škály zohledňující schopnosti a kvalifikaci, zřejmě činí totéž.	Perhaps most academics, who are at the lower end of the skill and qualification-adjusted income scale, do the same.
Možná bychom si měli důvěřovat o něco více – ale ne příliš.	Maybe we should trust each other more – but not too much.
	
Krize porozumění	A Crisis of Understanding
NEW HAVEN – Současnou hospodářskou krizi předpověděla jen hrstka ekonomů a panuje mezi nimi jen chabá shoda ohledně jejích prapříčin.	NEW HAVEN – Few economists predicted the current economic crisis, and there is little agreement among them about its ultimate causes.
Není tedy divu, že ekonomové nejsou v dobrém postavení, aby předložili prognózu, jak rychle krize skončí.	So, not surprisingly, economists are not in a good position to forecast how quickly it will end, either.
Samozřejmě, bezprostřední příčiny hospodářské krize známe všichni: lidé neutrácejí, protože jim poklesly příjmy, ztratili jistotu zaměstnání anebo obojí.	Of course, we all know the proximate causes of an economic crisis: people are not spending, because their incomes have fallen, their jobs are insecure, or both.
Můžeme ale udělat ještě jeden krok vzad: příjmy lidí jsou nižší a pracovní místa ohroženější proto, že neutráceli před nedávnem – a tak dále, zpět v čase, v opakujícím se koloběhu zpětných vazeb.	But we can take it a step further back: people’s income is lower and their jobs are insecure because they were not spending a short time ago – and so on, backwards in time, in a repeating feedback loop.
Jde o začarovaný kruh, ale kde a proč začal?	It is a vicious circle, but where and why did it start?
Proč se zhoršil?	Why did it worsen?
Co jej zvrátí?	What will reverse it?
Právě u těchto otázek ekonomové nedokážou nabídnout jasné odpovědi.	It is to these questions that economists have been unable to offer clear answers.
Stav ekonomického poznání byl stejně mizerný během Velké hospodářské krize, která následovala po krachu burzy v roce 1929.	The state of economic knowledge was just as bad in the Great Depression that followed the 1929 stock market crash.
Ani tuto událost ekonomové nepředvídali.	Economists did not predict that event, either.
Ve 20. letech někteří sice varovali před nadhodnoceným akciovým trhem, avšak deset let trvající depresi, která postihne celou ekonomiku, nečekali.	In the 1920’s, some warned about an overpriced stock market, but they did not predict a decade-long depression affecting the entire economy.
Na sklonku Velké hospodářské krize, v srpnu roku 1938, Ralph M.	
Blagden referoval v listu The Christian Science Monitor o sérii neformálních rozhovorů s americkými „profesory, experty na bankovnictví a představiteli obchodních sdružení a politických frakcí“, kteří do jednoho dostali tutéž otázku: „Co způsobuje recese?“ Z rozmanitosti odpovědí šla hlava kolem a nevzbuzovala důvěru, že vůbec někdo ví, z čeho nejhlubší krize kapitalismu pramení.	Late in the Great Depression, in August 1938, an article by Ralph M. Blagden in The Christian Science Monitor reported an informal set of interviews with US “professors, banking experts, union leaders, and representatives of business associations and political factions,” all of whom were given the same question: “What causes recessions?” The multiplicity of answers seemed bewildering, and did not inspire confidence that anyone knew what was causing the deepest crisis of capitalism.
Uváděné příčiny byly „široce rozložené mezi vládu, pracovní síly, průmysl, mezinárodní politiku a domácí politické přístupy.“ Zahrnovaly pomýlené vměšování vlády na trhy, vysoké daně z příjmu a kapitálových výnosů, chybné měnové politiky, tlaky na zvyšování mezd, monopoly, nadstav zásob, nejistotu vyvolanou plány na reorganizaci Nejvyššího soudu, opětovné zbrojení v Evropě a strach z války, vládní podněcování roztržek mezi pracujícími, nadměrné úspory v důsledku úbytku obyvatel, zahraniční angažmá a snadnou dostupnost úvěrů před depresí.	The causes given were “distributed widely among government, labor, industry, international politics and policies.” They included misguided government interference with markets, high income and capital gains taxes, mistaken monetary policy, pressures towards high wages, monopoly, overstocked inventories, uncertainty caused by the reorganization plan for the Supreme Court, rearmament in Europe and fear of war, government encouragement of labor disputes, a savings glut because of population shrinkage, the passing of the frontier, and easy credit before the depression.
Přestože je dnes ekonomická teorie mnohem dokonalejší, zeptáme-li se lidí na příčiny nynější krize, dostaneme povětšinou tytéž odpovědi.	Although economic theory today is much improved, if we ask people about the cause of the current crisis, we will mostly get the same answers.
Nesporně bychom zaslechli i některé nové: bezprecedentní bubliny na realitním trhu, globální přebytek úspor, mezinárodní obchodní nevyváženosti, neobvyklé finanční smlouvy, podřadné hypotéky, neregulované mimoburzovní trhy, chyby ratingových agentur, nespolehlivé cenové odhady nemovitostí a nevšímavost vůči rizikovosti protistrany.	We would certainly hear some new ones, too: unprecedented real-estate bubbles, a global savings glut, international trade imbalances, exotic financial contracts, sub-prime mortgages, unregulated over-the-counter markets, rating agencies’ errors, compromised real-estate appraisals, and complacency about counterparty risk.
Mnozí z těchto lidí, ba dokonce snad většina, by zřejmě měli valnou měrou anebo zčásti pravdu, jelikož hospodářskou krizi zapříčinila souhra mnoha faktorů, náhodný souběh řady negativních okolností, které smýkly finanční soustavou za kritický bod její soudržnosti.	More likely than not, many or most of these people would be mostly or partly right, for the economic crisis was caused by a confluence of many factors, the chance co-occurrence of a lot of bad things, which pushed the financial system beyond its breaking point.
V onom okamžiku tato nesnáz uchvátila všeobecnou pozornost, otřásla důvěrou veřejnosti a dala do pohybu negativní koloběh zpětných vazeb.	At that point, the trouble grabbed widespread attention, destroyed public confidence, and set in motion a negative feedback loop.
Naši pozornost přirozeně poutají nejhorší události. Právě proto, že nejhorší události jsou statistickými výchylkami, platí, že jejich příčiny jsou pravděpodobně mnohočetné.	Our attention, after all, is naturally drawn to the worst events. Precisely because the worst events are statistical outliers, their causes are probably multiple.
Vezměme si otázku prognóz událostí, jako bylo zemětřesení na Haiti letos v lednu, které připravilo o život 200 tisíc lidí.	Consider the question of predicting events like the January 2010 earthquake in Haiti, which killed more than 200,000 people.
Získalo si pozornost proto, že bylo tak děsivé, co se týče počtu obětí a škod na majetku.	It captured our attention because it was so bad in terms of lives and property damage.
Kdyby však člověk udělal krok za snahu předpovědět výskyt zemětřesení k předpovídání rozsahu škod, určitě by z faktorů, jež mají určitý vliv, – dokonce včetně faktorů politických, finančních a pojišťovacích – bylo možné sestavit dlouhý seznam, podobný seznamu činitelů, jež zapříčinily celosvětovou hospodářskou krizi.	But if one went beyond trying to predict the occurrence of earthquakes to predicting the extent of the damage, one could surely devise a long list of contributing factors – including even political, financial, and insurance factors – that resembles the list of factors that caused the global economic crisis.
Výčet příčin krize skutečně nezná konce.	Indeed, the crisis knows no end to the list of its causes.
Vždyť ve spletitém ekonomickém systému, který se všemožně ovlivňuje mnoha zpětnými vazbami, události spouštějící bludný kruh mohou být zdánlivě tak nicotné jako příslovečný motýl v Amazonii, jenž mávnutím křídel vyvolá řetězec událostí, který vyústí až ve vzdálený hurikán.	For, in a complicated economic system that feeds back on itself in many ways, events that start a vicious cycle might be as seemingly trivial as the proverbial butterfly in the Amazon, which, by flapping its wings, sets off a chain of events that eventually results in a far-away hurricane.
Teorie chaosu v matematice takovou závislost na vzdálených a zdánlivě banálních vstupních podmínkách vysvětluje a objasňuje, proč je při vyhlídce dost daleko do budoucna nemožná extrapolace třeba i jen zdánlivě přesného pohybu planet.	Chaos theory in mathematics explains such dependency on remote and seemingly trivial initial conditions, and explains why even the extrapolation of apparently precise planetary motion becomes impossible when taken far enough into the future.
Ani meteorologové nedokážou předpovídat počasí daleko do budoucnosti, ale mají alespoň jemné matematické modely.	Weather forecasters cannot forecast far into the future, either, but at least they have precise mathematical models.
Výkonné paralelní počítače jsou naprogramované tak, aby přinášely početní řešení diferenciálních rovnic odvozených z teorie hydrodynamiky a termodynamiky. Vědci podle všeho znají mechanismus, který určuje počasí, třebaže je z podstaty nesnadné extrapolovat do vzdálenější budoucnosti.	Massive parallel computers are programmed to yield numerical solutions of differential equations derived from the theory of fluid dynamics and thermodynamics. Scientists appear to know the mechanism that generates weather, even if it is inherently difficult to extrapolate very far.
Problém makroekonomiky tkví v tom, že typy příčin zmiňovaných u současné krize, je těžké systematizovat.	The problem for macroeconomics is that the types of causes mentioned for the current crisis are difficult to systematize.
Matematické modely, jež makroekonomové mají, se v některých ohledech mohou podobat modelům meteorologickým, ale jejich strukturální ucelenost nezaručuje žádná pevná, neměnná teorie.	The mathematical models that macroeconomists have may resemble weather models in some respects, but their structural integrity is not guaranteed by anything like a solid, immutable theory.
Nejvýznamnější nová kniha o původech hospodářské krize, This Time Is Different od Carmen Reinhartové a Kennetha Rogoffa, je v zásadě souborem ponaučení, která jsme získali prakticky ze všech finančních krizí ve všech zemích během zaznamenaných dějin.	The most important new book about the origins of the economic crisis, Carmen Reinhart’s and Kenneth Rogoff’s This Time Is Different, is essentially a summary of lessons learned from virtually every financial crisis in every country in recorded history.
Kniha ale téměř úplně postrádá teorii.	But the book is almost entirely non-theoretical.
Pouze zaznamenává opakující se vzorce.	It merely documents recurrent patterns.
V průběhu 800 let finančních dějin bohužel nacházíme jediný příklad skutečně těžké celosvětové kontrakce, totiž Velkou hospodářskou krizi 30. let 20. století.	Unfortunately, in 800 years of financial history, there is only one example of a really massive worldwide contraction, namely the Great Depression of the 1930’s.
Není tudíž snadné vědět, co přesně za současné krize na základě analýzy od Reinhartové a Rogoffa očekávat.	So it is hard to know exactly what to expect in the current contraction based on the Reinhart-Rogoff analysis.
Ocitáme se tak v situaci, kdy se pokoušíme využít vzorců minulých, nestejných krizí k vyvození pravděpodobné prognózy pro krizi současnou.	This leaves us trying to use patterns from past, dissimilar crises to try to infer the likely prognosis for the current crisis.
Ve výsledku jednoduše nevíme, zda oživení bude rázné anebo neuspokojivé.	As a result, we simply do not know if the recovery will be solid or disappointing.
	
Financování příští rozvojové agendy	Financing the Next Development Agenda
WASHINGTON – Jak se blíží rok 2015 a s ním konečný termín pro Rozvojové cíle tisíciletí, Organizace spojených národů stupňuje své snahy rozvíjet debatu o tom, co dalšího přijde na podporu celosvětového rozvoje.	WASHINGTON, DC – As the 2015 target date for the Millennium Development Goals approaches, the United Nations is intensifying its efforts to foster debate about what comes next for promotion of development worldwide.
Výsledek těchto diskusí bude formovat politické přístupy a investice zaměřené na rozproudění růstu HDP, posílení lidského kapitálu a podporu inkluzivnější prosperity.	The outcome of these discussions will shape policies and investment aimed at spurring GDP growth, strengthening human capital, and promoting more inclusive prosperity.
Jelikož se očekává nárůst globální populace na devět miliard do roku 2050, přičemž výrazná část obyvatel planety bude doma v rozvojových a nedostatečně vyspělých zemích, mezinárodní společenství musí zlepšit celosvětovou dostupnost vzdělávání, zdravotní péče a pracovních příležitostí.	With the global population expected to reach nine billion people by 2050 – a significant proportion of whom will reside in developing or underdeveloped countries – the international community must improve access to education, health care, and employment opportunities worldwide.
Současně platí, že vyhlídky na vzestup globální teploty o víc než 2°C nad předprůmyslové úrovně do konce tohoto století (což by přivodilo nejničivější důsledky globálního oteplování) vyžadují vyšší investice do udržitelné urbanizace, klimaticky inteligentního zemědělství a záchranných sociálních sítí.	Meanwhile, the prospect of a rise in global temperature of more than 2°C (3.6°F) over pre-industrial levels by the end of this century (which would trigger global warming’s most damaging effects) calls for higher investment in sustainable urbanization, climate-smart agriculture, and social safety nets.
Obě tyto okolnosti nás pobízejí, abychom s dlouhodobým výhledem definovali udržitelnější vzorce výroby a spotřeby.	Both factors challenge us to define, in the longer term, more sustainable patterns of production and consumption.
Vlády, občanská společnost a soukromý sektor se musí postavit k problému čelem a pomocí spolupráce nalézat a realizovat kreativní řešení.	Governments, civil society, and the private sector must rise to the challenge, cooperating to find and implement creative solutions.
V prvé řadě ale musí předvídat související finanční nároky, které brzy přesáhnou současné možnosti vlád a mezinárodních dárců, a už dnes podniknout kroky ke zřízení nových, spolehlivých zdrojů financování.	But, first, they must anticipate the associated financing requirements, which will soon surpass the current capacities of governments and international donors, and take action now to activate new, reliable sources of financing.
Na úvod by vlády měly vypracovat cílené, důkazy podepřené politiky a podpořit rozvoj zdravých institucí.	To start, governments should design targeted, evidence-based policies and support the development of sound institutions.
Zefektivnily by se tak vládní služby a zároveň by to pomohlo katalyzovat další rozvojovou pomoc od tradičních dárců a mobilizovat zdroje soukromého sektoru.	This would make government services more effective, while helping to catalyze additional development aid from traditional donors and mobilize private-sector resources.
V mnoha zemích existuje značný prostor k mobilizaci domácích zdrojů.	In many countries, there is considerable scope for domestic resource mobilization.
Rozšíření daňového základu, zlepšení daňové správy a zalátání mezer v dani z přidané hodnoty by se mohlo výrazně projevit v zemích s nízkými příjmy, kde výnos daní tvoří jen asi 10-14 % HDP, oproti 20-30 % HDP v zemích s vysokými příjmy.	Broadening the tax base, improving tax administration, and closing gaps in the value-added tax could make a significant difference in lower-income countries, where tax revenues account for only about 10-14% of GDP, compared to 20-30% of GDP in high-income countries.
Spravedlivější zdanění by mělo pozitivní dopady na správu a řízení, další důležitý nástroj k mobilizaci domácích zdrojů.	More equitable taxation would have a positive impact on governance, another important tool for mobilizing domestic resources.
S kvalitnějším řízením podniků a správou veřejných věcí a jasnými politikami převodních cen by země bohatě obdařené přírodními zdroji mohly posílit svou schopnost dojednávat férové kontrakty s těžebními odvětvími, časem vyrovnat příjmy a výdaje a spravovat své přírodní bohatství transparentněji.	With improved corporate and public governance and clear transfer-pricing policies, resource-rich countries could shore up their capacity to negotiate fair contracts with extractive industries, balance revenues and expenditures over time, and manage their natural endowments more transparently.
Pokrok v těchto oblastech by pomohl vládám zacílit výdaje efektivněji na ty, komu by nejvíce prospěly.	Progress in these areas would help governments to channel their spending more effectively toward those who would benefit the most.
Například pouhých 8 % z dotací na fosilní paliva ve výši 409 miliard dolarů se v roce 2010 dostalo k nejchudším 20 % populace.	For example, only 8% of the $409 billion spent on fossil-fuel subsidies in 2010 reached the poorest 20% of the population.
Cílený program podpory by efektivitu výdajů mohl významně zvýšit, čímž by uvolnil prostředky na vzdělávání, zdravotnictví a potírání chudoby.	A targeted support program could increase substantially the efficiency of spending, freeing up resources for education, health, and poverty eradication.
Podpora rozšiřování finančních služeb a inkluzivity by zase mohla zrychlit růst soukromého sektoru, a tudíž vytvářet víc pracovních míst.	Furthermore, promoting financial deepening and inclusiveness could accelerate private-sector growth, creating more opportunities.
Širší dostupnost finančních služeb by podle odhadů pomohla k prosperitě 400 milionům mikro, malých a středních podniků v rozvojových zemích a zároveň by dala příležitost 2,5 miliardám lidí po celém světě, jimž v současnosti chybí přístup ke službám, s jejichž pomocí by si vytvořili vlastní aktiva.	Indeed, broader access to financial services would help the estimated 400 million micro, small, and medium-size enterprises in developing countries to prosper, while enabling the 2.5 billion people worldwide who currently lack access to such services to build their assets.
Hlubší a efektivnější finanční sektor by také snížil transakční náklady a usnadnil řízení rizika.	A deeper and more efficient financial sector would also reduce transaction costs and facilitate risk management.
Trhy s dluhopisy v místních měnách by mohly pomoci rozvinout domácí základny investorů a mobilizovat domácí úspory k podpoře dlouhodobých investic.	Local-currency bond markets could help to develop domestic investor bases and mobilize domestic savings to support long-term investments.
Zároveň by mezinárodní společenství mělo pracovat na zlepšení dostupnosti a efektivity oficiální rozvojové pomoci (ORP).	At the same time, the international community should work to improve the availability and effectiveness of official development assistance.
Cíl ORP ve výší 0,7 % HDP, domluvený roku 2002 na Mezinárodní konferenci o financování rozvoje v mexickém Monterrey, by měl země motivovat ke zvyšování příspěvků.	The ODA target of 0.7% of GDP – agreed in 2002 at the International Conference on Financing for Development in Monterrey, Mexico – should motivate countries to increase their contributions.
Mohou také učinit opatření k tomu, aby ORP byla z roku na rok předvídatelnější.	They can also take steps to make ODA more predictable from year to year.
Dárci by měli pomoc strukturovat tak, aby zajistili, že podpoří zdravé strategie a programy národního rozvoje, nejen své vlastní úzké zájmy.	Donors should structure aid to ensure that it supports sound national development policies and programs, rather than their own narrow interests.
To je obzvlášť relevantní, jelikož nastupující rozvojoví partneři, zejména BRICS (Brazílie, Rusko, Indie, Čína a Jižní Afrika), nabízejí nové druhy balíčků pomoci, které zahrnují investiční a nefinanční pomoc.	This is particularly relevant as emerging development partners, especially the BRICS (Brazil, Russia, India, China, and South Africa), offer new kinds of aid packages that incorporate investment and non-financial assistance.
Cenné zkušenosti s efektivnější distribucí pomoci by mohly poskytnout soukromé charity, které napomáhají propagací inovací v oblastech, jako je zdravotní péče, životní prostředí a vzdělávání.	Private charities, which have been instrumental in promoting innovation in fields such as health care, the environment, and education, could provide valuable insight into channeling aid more effectively.
Obecněji řečeno, k maximalizaci účinku pomoci v terénu by pomohlo zlepšení koordinace mezi dárci.	More generally, improving coordination among donors would help to maximize the impact of aid on the ground.
Přestože pro křehké státy a země s velmi nízkými příjmy ORP zůstává důležitým zdrojem financování, představuje jen 7 % čistých finančních toků do rozvojových zemí, kde mají větší vliv přímé zahraniční investice, peněžní převody od krajanů ze zahraničí, dlouhodobé dluhy a portfoliové investice.	While ODA remains an important source of financing for fragile and very-low-income countries, it represents only 7% of net financial flows to developing countries, where foreign direct investment, remittances, long-term debt, and portfolio investment have a larger impact.
Dárci by měli pomoc pákově zesílit, aby „zvětšili koláč,“ a diverzifikovat finanční zdroje nejchudších zemí světa tím, že zajistí záruky za riziko, inovativní investiční nástroje, syndikaci dluhu a dohody o spolufinancování.	Donors should leverage aid to “grow the pie” and to diversify financing sources for the world’s poorest countries by providing risk guarantees, innovative investment vehicles, debt syndication, and co-financing arrangements.
Přilákání i jen zlomku aktiv držených institucionálními investory, fondy svrchovaného majetku a veřejnými penzijními fondy by mohlo rozvojové finance výrazně posílit.	Attracting even a fraction of the assets held by institutional investors, sovereign-wealth funds, and public pension funds could boost development finance substantially.
Dalším potenciálním zdrojem financování rozvoje jsou populace v diasporách.	Diaspora populations are another major potential source of development financing.
Snížením převodních nákladů, které podle odhadů dosahují v průměru 9 % hodnoty transakcí, by se dostalo víc peněz do rukou těm, kdo je potřebují nejvíc.	Reducing transfer costs, which average an estimated 9% of the value of transactions, would put more money into the hands of those who need it most.
Finanční produkty šité na míru komunit v diasporách by mohly zajistit prostředky na investice a současně upevnit ekonomické i další vazby migrantů k jejich domovským zemím.	Tailoring financial products for diaspora communities could attract resources for investment, while reinforcing migrants’ ties – economic and otherwise – to their home countries.
Konečně mezinárodní společenství nese zvláštní zodpovědnost za zajišťování globálních veřejných statků.	Finally, the international community bears a special responsibility for delivering global public goods.
V průsečíku národních rozvojových priorit a celosvětových zájmů leží zodpovědnost za ochranu životního prostředí, prevenci šíření přenosných nemocí, upevňování mezinárodní finanční konstrukce, posilování účasti rozvojových zemí v globální obchodní soustavě a usnadňování výměny znalostí.	The responsibility to preserve the environment, stem the spread of communicable diseases, strengthen the international financial architecture, enhance developing-country participation in the global trading system, and facilitate the exchange of knowledge lies at the intersection of national development priorities and global interests.
Přístup na trhy OECD bez cel a kvót, doprovázený jednoduššími a transparentnějšími pravidly původu, by v nejméně rozvinutých zemích zvýšil HDP o 1 % a tím pozvedl miliony lidí z chudoby.	Duty-free, quota-free access to OECD markets, complemented by simpler, more transparent rules of origin, would raise GDP by 1% in the least-developed countries, lifting millions out of poverty.
Investice do statistických schopností by pomohly vládám a podnikům na celém světě lépe se strategicky rozhodovat, na základě přesnější evidence souvisejících nákladů a výnosů.	Investment in statistical capacity would help governments and businesses worldwide to make better policy decisions, based on a more accurate accounting of the associated costs and benefits.
Výzva rozvojové agendy po roce 2015 spočívá v nalézání kreativních řešení na podporu prosperity, rovnosti a udržitelnosti.	The challenge of the post-2015 development agenda lies in finding creative solutions to support prosperity, equality, and sustainability.
Vlády, občanská společnost, mezinárodní organizace a soukromý sektor mohou společně zlepšit dostupnost a kvalitu financí na rozvoj a dát tvar lepší budoucnosti pro všechny.	Together, governments, civil society, international organizations, and the private sector can improve the availability and quality of finance for development, and shape a better future for all.
	
Lék na fiskální selhávání?	A Cure for Fiscal Failure?
CAMBRIDGE – Mělo by víc zemí zřídit nezávislé fiskálně poradní orgány, aby do debat o národních rozpočtech vnesly větší objektivitu?	CAMBRIDGE – Should more countries create independent fiscal advisory councils to infuse greater objectivity into national budget debates?
Uvězněný podvodník Bernie Madoff nedávno ve stručnosti vyjádřil mínění mnoha lidí o fiskální politice, když prohlásil, že „celá vláda je pyramidová hra“.	Jailed swindler Bernie Madoff recently summed up a lot of people’s feelings about fiscal policy, declaring that “the whole government is a Ponzi scheme.”
U výroku muže, který zemře za mřížemi poté, co se v roce 2008 zhroutil jeho vlastní pyramidový podvod v rekordní výši 50 miliard dolarů, možná bylo přání otcem myšlenky.	Perhaps this was just wishful thinking from a man who will die in prison after his own record-breaking $50 billion pyramid scheme collapsed in 2008.
Osobně jsem přesvědčen, že Madoffovo nezáviděníhodné místo v knihách rekordů zůstane po jistou dobu pevné.	Personally, I suspect Madoff’s unenviable place in the record books will be secure for quite a while.
Přesto vzhledem k tomu, že mnohé z vlád největších zemí světa narážejí na smrtící kombinaci neudržitelného konvenčního zadlužení, bezprecedentních závazků v systému starobních penzí a zpomaleného růstu, se člověk neubrání otázce, jaký že vlastně máme fiskální plán.	Still, with many of the world’s largest governments facing a lethal combination of unsustainable conventional debt, unprecedented old-age pension obligations, and a downshift in growth, one has to wonder what the fiscal plan is.
V novém pojednání „A Decade of Debt“ (Dekáda dluhu) Carmen M. Reinhartová a já dokládáme, že obecný vládní dluh ve Spojených státech, zahrnující federální, státní i místní zadlužení, dnes už překonal rekord ve výši 120 % HDP dosažený na konci druhé světové války.	In a new paper, “A Decade of Debt,” Carmen M. Reinhart and I show that general government debt in the United States, including federal, state, and local debt, has now surpassed the record 120% of GDP reached at the end of World War II.
Japonsko je samozřejmě v ještě horší kondici, neboť tamní vládní dluh dosahuje v úhrnu 200 % HDP.	Japan, of course, is in even worse shape, with government debt totaling more than 200% of GDP.
Ačkoliv to částečně kompenzují devizové rezervy, Japonsko teď stojí před obrovskými výdaji za sanaci následků katastrofy – a to vše ještě zjitřují depresivní demografické trendy.	Though this is partially offset by foreign-exchange reserves, Japan now faces massive disaster-relief costs – and this on top of its depressing demographic trends.
Hladiny zadlužení mnoha dalších bohatých zemí jsou také nepříjemně blízko maximům za posledních 150 let, navzdory relativnímu míru ve velké části světa.	Many other rich countries’ debt levels are also uncomfortably close to 150-year highs, despite relative peace in much of the world.
Snadná cesta ven neexistuje.	There is a no easy way out.
Prozatím náklady na dluhovou službu mírní nízké světové úrokové míry, avšak hladiny zadlužení lze snižovat jen velmi povlovně během dlouhých období, zatímco reálné (inflačně korigované) úrokové sazby se mohou zvyšovat mnohem rychleji, a to i v bohatých zemích.	For now, low world interest rates are restraining debt-service costs, but debt levels can be reduced only very gradually over long periods, whereas real (inflation-adjusted) interest rates can rise far more quickly, even for rich countries.
Dluhové krize obvykle přicházejí zčistajasna a postihují země, na jejichž dluhové trajektorii jednoduše není místo pro chyby ani neplánované nesnáze.	Debt crises tend to come out of the blue, hitting countries whose debt trajectories simply have no room for error or unplanned adversity.
Naprosto nejbezprostřednějším a nejpřímějším důsledkem nezávislé fiskální politiky by bylo zkrocení výdajů, neboť by předložila kontrapunkt k panglosovsky optimistickým vládním prognózám růstu a státního důchodu.	The single most immediate and direct impact of having an independent fiscal policy would be to reign in spending by producing a counterpoint to Panglossian government growth and revenue forecasts.
Nezávislý a respektovaný poradní orgán by teoreticky také mohl přimět vlády, aby přiznaly skryté náklady vládních záruk a mimobilančních dluhů.	In principle, an independent and respected advisory council could also force governments to acknowledge the hidden costs of government guarantees and off-balance sheet debts.
Je načase promýšlet novátorské přístupy.	It is high time to consider novel approaches.
Jistěže, s mohutným sklonem většiny moderních politických systémů ke schodkovým výdajům žádná jednotlivá změna neskoncuje.	Of course, no one simple change will eliminate the huge bias towards deficit spending in most modern political systems.
Ani riziku budoucího zadlužení a inflační krize žádná jednotlivá změna nezamezí.	And no one simple change will preclude the risk of future debt and inflation crises.
Mnoho zemí potřebuje dalekosáhlé reformy, které zajistí větší efektivitu tamních daňových soustav a realističnost sociálních programů, včetně penzijních.	Many countries require sweeping reforms to make their tax systems more efficient and their entitlement programs – including their pension schemes – more realistic.
Nedávný nástup fiskálních rad je slibný institucionální začátek.	The recent advent of fiscal advisory councils is a promising institutional start.
Řada zemí, mimo jiné Dánsko, Nizozemsko, USA a Belgie, má už dlouho agentury fiskálního dohledu, jmenujme kupříkladu americký Rozpočtový úřad Kongresu (CBO).	A number of countries, including Denmark, the Netherlands, the US, and Belgium, have long-standing fiscal watchdog agencies, such as the US Congressional Budget Office (CBO).
Jenže ač se tyto starší instituce ukázaly jako nesmírně užitečné, jsou obvykle značně svázané.	But, while these older institutions have proven enormously useful, they are typically quite constrained.
CBO například může volně publikovat dlouhodobé fiskální prognózy založené na vlastních nejlepších odhadech, ale je velkou měrou nucen akceptovat politicky nevěrohodné budoucí „korekce“ nominální hodnoty, což poněkud oklešťuje potenciální účinnost kritiky schodkových politik.	The CBO, for example, is free to issue long-term fiscal projections based on its own best estimates of growth, but is largely forced to accept politically implausible future “fixes” at face value, somewhat neutralizing the potential effectiveness of any critique of deficit policies.
Řada vlád ve snaze zvýšit věrohodnost opatrně přistupuje ke zřizování fiskálně poradních orgánů s větší nezávislostí, přičemž vzorem se často stávají centrální banky.	To enhance credibility, a number of governments are gingerly moving towards creating fiscal councils with greater independence, often with central banks as a role model.
K novému předvoji patří rady ve Švédsku, Velké Británii, Slovinsku a Kanadě.	The new vanguard includes councils in Sweden, the United Kingdom, Slovenia, and Canada.
Pravomoci švédské fiskální rady jsou obzvlášť široké a dávají jí mandát nejen k vytváření prognóz, ale i k hlubšímu pohledu na pohnutky, jež vedly k vládním politikám, a důsledky, které z nich plynou.	The remit of Sweden’s fiscal council is particularly broad, giving it a mandate not only to forecast, but also to look more deeply at the motivations and consequences of government policy.
Během finanční krize by nezávislá fiskální rada teoreticky mohla přinášet neocenitelnou pomoc.	In principle, an independent fiscal council could have provided invaluable help during the financial crisis.
V USA takový orgán mohl přispět do diskuse o nákladech a přínosech sanačních programů a snad tak mohl pomoci k ukončení kongresové paralýzy a obrnit nervy k přenesení větší míry rizika pozitivního vývoje na daňové poplatníky.	In the US, such an agency could have weighed in on the costs and benefits of bailout plans, perhaps helping to end congressional paralysis and steeling nerves to give taxpayers more upside risk.
Bylo by přehnané očekávat, že tyto nové fiskální instituce budou v brzké budoucnosti stejně významné či mocné jako centrální banky.	It is too much to expect that these new fiscal institutions will become as important or powerful as central banks, at least anytime soon.
Nad měnovou politikou panuje mnohem větší konsenzus než nad politikou fiskální.	There is far more consensus over monetary policy than over fiscal policy.
Nadto je fiskální politika mnohem komplikovanější a má mnoho dimenzí.	And fiscal policy is far more complex and multi-dimensional.
Přesto se nastavený všeobecný princip jeví jako důležitý krok k fiskální příčetnosti.	Still, the general principle seems like an important step towards fiscal sanity.
Samozřejmě že samotné fiskální rady nestačí, ať už jsou koncipované třeba sebelépe.	Of course, fiscal councils by themselves are not enough, no matter how well designed they are.
I napříště bude pro každou generaci lákavé si říct: „Moje vnoučata budou dvakrát nebo třikrát bohatší než já, takže koho trápí, že budou splácet jakýsi dluh?“ Silný sklon ke schodkům navíc vychází z politického cyklu, jelikož přední činitelé se posilováním viditelných výdajů na úkor skrytých dluhů a nižších dlouhodobých investic snaží přikrášlit zdání ekonomického zdraví a prosperity.	It will remain very tempting for each generation to say, “My grandchildren will be two or three times richer than I, so who cares if they have to pay some debt?” Moreover, the political cycle creates a very strong deficit bias, as leaders seek to embellish feelings of economic health and prosperity by raising visible expenditures at the cost of hidden debts and lower long-term investment.
Aby se těmto silným tlakům fiskální rady ubránily, bude jejich práci nutné prověřovat pravidelnými audity mezinárodních agentur, jako je Mezinárodní měnový fond, aby se ochránila jejich nezávislost a upevnila zodpovědnost.	To resist these powerful pressures, fiscal councils will need to have their work audited periodically by international agencies such as the International Monetary Fund, both to protect their independence and to promote accountability.
Ovšemže se ještě může ukázat, že pravdu měl Bernie Madoff a že jeho pyramidová hra nebyla ze všech největší.	To be sure, Bernie Madoff may yet be proved right, and his will not turn out to be the biggest Ponzi scheme ever.
Účelným krokem k vyřešení trvajícího hlavolamu nadměrných deficitů by ale mohlo být více transparentnosti a systematického nezávislého hodnocení vládních politik.	But greater transparency and a more systematic independent evaluation of government policies could be a very helpful step towards solving the perpetual conundrum of outsized deficits.
Rozhodně jde o jeden z inovativnějších a slibnějších nápadů, jenž vzešel z jinak spíše neplodné politické krajiny.	It is certainly one of the more innovative and promising ideas to emerge from a rather barren policy landscape.
	
Celní unie pro Balkán	A Customs Union for the Balkans
Pád Slobodana Miloševiče nesnáze na Balkáně nevyřešil. Právě naopak – dodává jim na naléhavosti.	The fall of Milosevic does not cure the political woes of the Balkans; indeed, it raises their urgency.
Jugoslávie byla rozdrobena, ale rozpad není u konce.	Yugoslavia has disintegrated, but the disintegration is incomplete.
Vojislav Koštunica byl sice zvolen prezidentem Jugoslávie, ale jeho mandát vychází výlučně z podpory Srbska.	It was in Yugoslavia that Vojislav Kostunica was elected president, but his mandate comes solely from support in Serbia.
Černá Hora, partner a podřízený Srbska v jugoslávské federaci, povětšinou volby bojkotovala a kosovští Albánci je rovnou ignorovali.	Montenegro, Serbia’s junior partner in the Yugoslav federation, mostly boycotted the election while Albanians in Kosovo ignored them.
Přesto byla Jugoslávie nedávno přijata do OSN.	Yet it was Yugoslavia, whose foundations are unstable, that was recently admitted to the UN.
Celá řada problémů přitom zůstává nedořešena: například vztahy mezi Srbskem a Černou Horou či status Kosova (nemluvě o provincii Vojvodina na severu Srbska).	A host of problems remain unresolved: relations between Serbia and Montenegro and the status of Kosovo (not to mention Serbia’s northern province of Vojvodina).
Jakékoli řešení – jakýkoli návrh na změnu – zplodí nový konflikt z důvodu střetu nároků na suverenitu.	Any resolution – any suggestion of change – will engender new conflicts because of conflicting claims of sovereignty.
Jakkoli svůdné může být řešení tohoto rébusu narýsováním nových hranic nebo založením nových entit, nelze jej řešit z pohledu státní suverenity.	However tempting it may be to solve the puzzle by drawing new borders or establishing new entities, this conundrum cannot be resolved in terms of sovereignty.
Tradiční řešení by problémy na Balkáně jen dále protahovalo.	That traditional solution would only perpetuate the problems of the Balkans.
Je zapotřebí nového přístupu: Evropská unie by měla využít perspektivy celoevropské integrace jako způsobu k podpoře integrace na regionální úrovni.	A new approach is needed: the European Union should use the prospect of European integration as the way to promote regional integration.
Evropská unie by mohla fungovat jako magnet, který spojuje celou Evropu a tím pádem také jednotlivé země regionu.	The EU could act as a magnet to bring the region closer together by bringing the region as a whole closer to Europe.
Tato myšlenka se obyvatelům regionu zamlouvá, ale je jen na EU, aby ji uskutečnila.	This idea has great appeal to people in the region, but only the EU can make it happen.
Po útoku sil NATO na Kosovo učinili evropští vedoucí představitelé tento přístup jedním z pilířů vize EU pro Balkán, která je zastřešena Paktem stability, podepsaným na Sarajevském summitu v červenci roku 1999.	After NATO intervention in Kosovo, European leaders made this approach the cornerstone of their vision for the Balkans. It was enshrined in the Stability Pact signed at the Sarajevo Summit of July, 1999.
Pakt o stabilitě je nicméně pouhou skořápkou, jíž je třeba vyplnit nějakým obsahem.	But the Stability Pact is merely a shell – it needs to be filled with content.
Vhodnou dobou pro to bude záhřebská konference, kterou na 24. listopadu svolává Francie jakožto předsednická země EU.	The time to do so is at the Zagreb Conference on November 24 called by France as the current EU president.
Evropská unie by měla balkánským zemím předložit tento tříbodový program:	The European Union should now propose a three-point plan for the Balkans:
▫ Do jednoho roku zavést celní unii s přednostním přístupem na trhy EU.	$ a customs union with preferential access to EU markets within one year.
Za vzor lze použít existující celní unii mezi EU a Tureckem.	The existing EU-Turkey customs union should be used as a model.
Jakmile všechny tyto země dosáhnou s EU dohody, bude na celém Balkáně automaticky existovat volný obchod.	Once all these countries reach agreement with the EU there would automatically be free trade throughout the Balkans.
To ovšem bude jistou dobu trvat.	This will take some time to implement.
Přesto by k tomu měla EU vydat signál a jednostranně otevřít své hranice pro zboží dovážené z Balkánu.	But from the start, the EU should give a signal by unilaterally opening its border to imports from the region.
Zájmy Evropské unie to nijak neohrozí, poněvadž země, jichž by se opatření týkalo, nemají dnes na trhu EU dohromady více než jedno procento.	This cannot endanger any EU interests as the countries at issue now have far less than 1% of the EU market.
▫ Do dvou let zavést regionální daň z přidané hodnoty, jež by nahradila ztracené příjmy ze cla.	$ a regional VAT to replace the lost customs revenues should be established within two years.
Rozdíly v nepřímých daních, kam spadá například DPH, jsou jednou z překážek rozvoje obchodu.	Differences in indirect taxes such as VAT pose another way in which borders become obstacles to trade.
Je zapotřebí je v celém regionu sjednotit.	They should be unified throughout the region.
Regionální sazbu daně z přidané hodnoty bude pravděpodobně nutno mírně zvýšit, a to v případě, že na kompenzaci ztrát v příjmech ze cla, jež budou důsledkem celní unie, nebude stačit omezení výdajů.	Regional VAT rates might be increased slightly if expenditure restraint is not sufficient to offset the loss of tariff revenues due to the customs union.
▫ Na dobu tří let a v postupně klesajícím rozsahu poskytnout zainteresovaným zemím dočasnou rozpočtovou podporu, která bude podléhat dohledu EU nad rozpočtovými výdaji.	$ Temporary budgetary support on a declining scale for three years, subject to EU supervision over budgetary expenditures.
Poněvadž zisk z regionální DPH nebude okamžitý, měla by EU na přechodnou dobu poskytnout finanční pomoc.	Because it will take time to collect revenues from the regional VAT, the EU should provide financial help during the transition.
Oblast, které by se měl tento plán týkat, zahrnuje Bulharsko, Chorvatsko a Albánii, a dále Srbsko, Bosnu, Makedonii, Černou Horu a Kosovo.	The area covered by this plan would include Bulgaria, Croatia and Albania as well as Serbia, Bosnia, Macedonia, Montenegro and Kosovo.
Možná je rovněž spoluúčast Rumunska a Moldovy.	Participation by Romania and Moldova is optional.
Bulharsko a Chorvatsko by se daly k účasti přemluvit za předpokladu, že by to nebylo na překážku jejich kandidatuře na členství v EU.	Bulgaria and Croatia could be persuaded to participate provided it would not interfere with their candidacy for EU membership.
Výše rozpočtové podpory by závisela na stavu jednotlivých zemí.	Depending on the country, there could be more or less budgetary support.
(Například Bulharsko by kompenzaci nepotřebovalo, protože do velké míry již samo zrušilo celní sazby.)	(Bulgaria, for example, might not need compensation since to a great extent it has already eliminated tariffs).
Ve srovnání s náklady na vojenské a mírové operace jde tady o směšně nízké částky.	In comparison to the cost of military intervention and peacekeeping, the financial costs here are ridiculously low.
Podle mého odhadu by v prvním roce stačilo 750 milionů eur, v druhém roce 500 milionů a ve třetím roce 250 milionů eur.	I estimate that Euro 750 million in the first year, Euro 500 million in the second year and Euro 250 million in the third year would do the trick.
(Pokud by se účastnily také Rumunsko a Moldávie, byla by čísla o něco vyšší.)	(If Romania and Moldova were included the figures would be slightly higher).
Tato čísla spadají do rámce příslibů, jež Evropská unie v souvislostí s Paktem o stabilitě již vyslovila. Krom toho by neměl být ani problém je přizpůsobit Berlínské dohodě o rozpočtu Evropské unie na období let 2000-2005, pokud členské země EU budou souhlasit s přemístěním nevynaložených výdajů.	These figures are well within range of pledges already made by the EU for the Stability Pact and they could be easily accommodated within the confines of the Berlin Accord on the EU budget for 2000-2005 if EU member states agree to a reallocation of unspent funds.
Rozpočtová podpora v kontextu celní unie by byla rozhodně účinnější metodou nakládání s finančními prostředky EU než jakýkoli jiný, tradičnější postup.	Budgetary support in the context of a Customs Union would be a more effective way to disburse EU funds than conventional methods.
Tento tříbodový program by se mohl stát základnou pro hospodářské oživení regionu.	This three-point program would lay the ground for economic resurgence.
Odstranil by dva významné zdroje korupce a nevýkonnosti: celní úřady a zneužívání státních peněz obecně.	It would remove two major sources of corruption and inefficiency: the customs service and the misuse of public funds in general.
Vytvořil by obchodní oblast, jež by byla dostatečně velká na to, aby mohla produkovat jak místní, tak zahraniční investice.	It would create a trade area large enough to generate both local and foreign investment.
Německá marka dnes na Balkáně funguje jako de facto společná měna.	The Deutsche Mark, already widely used in the region, now functions as the de facto common currency.
Veškeré zákazy spojené s jejím užíváním by měly být zrušeny; ve smyslu obchodu a investic by tak hranice pozbyly své platnosti.	Any ban on its use should be lifted to make borders irrelevant for trade and investment.
Lepší hospodářské vyhlídky a posílení institucí by pak měly pozitivní dopad na politické klima v celém regionu jihovýchodní Evropy.	Improved economic prospects and the strengthening of institutions, in turn, would have a positive impact on the political climate throughout the Balkans.
Srbsko pomalu šplhá ze dna propasti.	Serbia has climbed part of the way out of the abyss.
Úspěšné a pokojné svrhnutí tyrana dalo do pohybu proces celonárodní obnovy.	Success in peacefully removing a tyrant has set in motion a process of national renewal.
Má však před sebou ještě dlouhou cestu.	But that process has a long way to go.
Opozice zdědila zkrachovalou zemi a polorozpadlé instituce.	The opposition inherited a bankrupt country whose institutions are in ruins.
Obyvatelstvo, zklamané pokračující a prohlubující se chudobou a izolací, se začíná ptát, co se s jejich zemí a v jejich zemi během posledních deseti let stalo.	The population, frustrated by ever deepening impoverishment and isolation, is beginning to question what happened over the past decade in Serbia.
Lidé se ptají po zločinech spáchaných Miloševičovým režimem na nich samých, na Srbech.	People are asking about crimes committed by the Milosevic regime against Serbs.
Musejí se začít vyrovnávat se zločiny, jež byly spáchány na jiných – v Chorvatsku, Bosně a Kosovu.	They must begin to come to terms with the crimes committed against others - in Croatia, Bosnia and Kosovo.
Až se tento proces rozběhne, budou mnohé problémy, které dnes připadají nezvládnutelné, řešeny mnohem snáz.	Once that process is underway, many problems that now seem intractable will be resolved more easily.
Zvolení Koštunici prezidentem Jugoslávie je nedokončenou revolucí: mnozí ze staré gardy stále sedí ve svých křeslech.	Kostunica’s election as President of Yugoslavia amounts to an incomplete revolution: many of the old guard are still in place.
Hnací sílu, jejímž impulsem bylo svržení Miloševiče, je nutno zachovat.	The momentum created by Milosevic’s overthrow needs to be maintained.
Miloševič byl svržen s vírou na konec izolace Srbska.	Milosevic was overthrown in the hope of ending Serbia’s isolation.
Nyní je na Evropě, aby dodržela svůj slib.	Europe must now fulfill its promise.
Pokud se předsedající Francii nepodaří tento moment pořádně chytit do rukou, bude zmařena historická šance.	If the French Presidency fails to seize the moment in Zagreb, an historic opportunity will be lost.
	
Česká chvíle	A Czech Moment
PRAHA – Když jsem naslouchal tomu, co někteří Evropané říkali, zatímco se má vlast chystala na převzetí předsednictví Evropské unie, jako bych zaslechl tlumené ozvuky nechvalně proslulého popisu Československa z úst Nevilla Chamberlaina coby „vzdálené země, o níž víme málo“.	PRAGUE – As I listened to what some Europeans were saying as my country prepared to take over the presidency of the European Union, I heard dim echoes of Neville Chamberlain’s infamous description of Czechoslovakia as “a faraway country of which we know little.”
Mám za to, že k oživení tohoto přezíravého přístupu přispěl pomýlený pokus Donalda Rumsfelda před několika lety vyvolat rozepři mezi „starou a novou“ Evropou.	I suppose that Donald Rumsfeld’s misguided bid a few years ago to incite a divide between “new and old” Europe contributed to the re-emergence of that disdainful attitude.
Skutečnost je taková, že nic takového jako „stará a nová“ Evropa neexistuje a nikdy neexistovalo.	The reality is that there is no such thing as “old and new” Europe, and there never was.
Rozchod s komunismem a znovusjednocení Evropy máme za sebou už téměř dvě desetiletí.	The break with communism and reunification of Europe is now almost two decades old.
My Češi jsme 100% Evropané a byli jsme jimi, i když nás od demokratické Evropy oddělovala železná opona.	We Czechs are 100% European, and were even when the Iron Curtain cut us off from democratic Europe.
Ostatně naše proevropské cítění může být spíš silnější, protože naše členství v Unii, tak jako naše svoboda, je relativně nové.	Indeed, our pro-EU sentiments may be all the stronger because our membership in the Union, like our freedom, is so comparatively new.
Nikdo v Evropě se tedy nemusí obávat, že by Česká republika měla nějakou nostalgickou či výstřední agendu, již by chtěla Unii vnutit.	So no one in Europe needs to fear that the Czech Republic has some nostalgic or idiosyncratic agenda that it wants to impose on the Union.
Právě naopak, události uvalily určitou agendu na Evropu, jíž se nemůžeme vyhnout a k jejímuž naplňování bude zapotřebí solidarity čili opravdové unie.	On the contrary, events have imposed an agenda on Europe that we cannot escape and for which solidarity – true union – will be needed.
Prvořadým a nejnaléhavějším z problémů, jimž čelíme, je finanční a ekonomická krize, která prostupuje EU.	The primary, and most pressing, of the problems we face is the financial and economic crisis that is enveloping the EU.
Poměry napříč Unií se bohužel nejprve zřejmě zhorší, než se začnou zlepšovat.	Unfortunately, conditions across the Union will likely worsen before they begin to improve.
Mohou se rozšířit sociální nepokoje, jaké jsme nedávno zaznamenali v Řecku, neboť hospodářský pokles nejspíš neúměrně zasáhne mladé Evropany, kteří si budou hledat zaměstnání v době, kdy jim evropské podniky ve finanční tísni dokážou nabídnout jen málo pracovních míst.	The type of social unrest recently witnessed in Greece may spread, because the downturn is likely to take a disproportionate toll on Europe’s young people, who are seeking jobs at a time when hard-pressed European businesses will be able to offer them very few.
Úkolem pro Unii opět bude obracet zoufalství v naději.	It will fall to the Union, once again, to help transform despair into hope.
My Češi o tom něco víme, jelikož trýznivá ekonomická transformace, jíž jsme prošli v 90. letech minulého století, nás naučila ledacos o tom, jak správné politiky dokážou sevření beznaděje prolamovat.	We Czechs know something about this, as the wrenching economic transition that we underwent in the 1990’s taught us much about how the right policies can break the grip of hopelessness.
Abychom dnešní finanční a ekonomickou krizi zkrotili, Evropa bude muset vytrvat ve spolupráci, již až dosud prokazovala.	To contain today’s financial and economic crisis, Europe will also need to continue the cooperation that it has shown up to this point.
Samotná existence Unie a obzvlášť eura už pomohla zabránit konkurenčním devalvacím a krátkozrakým politikám ožebračujícím okolní státy, které pustošily Evropu během 30. let minulého století – naposledy, co kontinent čelil takto surovému hospodářskému propadu.	The very existence of our Union, and particularly of the euro, has already helped to prevent the competitive devaluations and beggar-thy-neighbor policies that ravaged Europe during the 1930’s – the last time the continent faced so brutal an economic downturn.
Nesmíme ale usnout na vavřínech a doufat, že síly národního egoismu zůstanou pevně na uzdě.	But we cannot be complacent that the forces of national egoism will remain in check.
Populistům jejich obvyklou zteč, že EU je lhostejná k osudu běžných lidí, pro tuto chvíli znemožnil koordinovaný fiskální stimul evropských vlád.	For now, EU governments’ coordinated fiscal stimulus has deprived populists of their usual charge that the EU is indifferent to the fate of individuals.
Bude ovšem zapotřebí další koordinace politik, jednak abychom se vyrovnali s krizí, jednak abychom znovuobnovili normy EU, až se černá mračna začnou protrhávat.	Even more policy coordination will be needed both to confront the crisis and to re-establish EU norms once the storm clouds begin to dissipate.
Je sice pravda, že v těchto mimořádných časech byla flexibilita Paktu stability a růstu rozšířena, ale platí, že úspěch první dekády eura zajistila právě jeho pravidla.	Although it is right that the Stability and Growth Pact has become more flexible in these extraordinary times, its rules did secure a successful first decade for the euro.
Ta je nutné beze změn obnovit, má-li se Evropa vrátit na cestu udržitelného růstu, a za tímto účelem bude zapotřebí už nyní zformovat konsenzus.	These rules must eventually be restored intact if Europe is to return to the path of sustainable growth, and a consensus will need to be forged now to make that happen.
Druhou klíčovou výzvou, s níž se budeme během svého evropského předsednictví potýkat, je Rusko.	The second key challenge that we will face during our European presidency is that of Russia.
Je nezbytné dojednat novou Dohodu o partnerství a spolupráci (DPS) mezi EU a Ruskou federací.	A new Partnership and Cooperation Agreement (PCA) between the EU and the Russian Federation must be negotiated.
Jednání v této věci měla seriózně začít už loni, ale do dění zasáhla válka v Gruzii a odročila je na později.	Those negotiations should have begun seriously last year, but the war in Georgia intervened to put them on hold.
Rozhovory teď byly znovu navázány, ale pozadí našeho vyjednávání se dramaticky změnilo.	Now those talks have resumed, but the background to the negotiations has changed dramatically.
Ruská ekonomika je nyní v mnohem horším stavu než hospodářství členských zemí EU.	Russia’s economy is now in far worse shape than that of EU members.
Ruský rozpočet kvůli propadu světových cen ropy a plynu krvácí a po léta zanedbávané investice do energetického sektoru země způsobují ochabování produkce, ekonomy už dlouho předvídané.	The collapse of world oil and gas prices has wounded Russia’s budget, and lack of investment in the country’s energy sector over the years is now causing the declining production that economists have long predicted.
Až dosud se Rusko o novou DPS zajímalo méně než EU, protože dvě třetiny ruských vývozů do Unie tvoří přírodní zdroje, které vynášejí i bez pevných pravidel, která zajišťuje DPS.	Until now, Russia has cared less about a new PCA than the EU, because two-thirds of Russia’s exports to the Union comprise natural resources, which bring in cash even without the strong rules that a PCA provides.
Vzhledem k neúprosným změnám hospodářských poměrů je teď však v národním zájmu Ruska ubezpečit mezinárodní trhy, že je pro podnikání spolehlivým prostorem, k čemuž by nová DPS posloužila jako ideální signál.	Given the stark changes in economic conditions, however, it is now in Russia’s national interest to reassure international markets that it is a reliable place to do business, for which a new PCA would serve as an ideal signal.
Navíc bez nové DPS by jednotlivé evropské státy mohly považovat za nezbytné usilovat o další bilaterální dohody s Ruskem.	Moreover, without a new PCA, individual European countries may feel it necessary to seek even more bilateral agreements with Russia.
Ostatně mnohé členské země EU se už nějakou dobu předhánějí, aby zjistily, kdo se uvnitř Unie stane nejbližším přítelem Ruska.	Indeed, many EU members have been in a race with each other to see who will be Russia’s closest friend in the Union.
Dvojstranné dohody, které z těchto dostihů pramení, však vznikají občas na úkor ostatních členů Unie a mohou narušovat rovnováhu vztahů uvnitř Unie jako celku. Pevné základy pro bilaterální i celounijní vztahy s Ruskem dokáže zajistit jedině principiální rámec EU.	But the bilateral deals that have emerged from this race sometimes come at the expense of other Union members, and may unbalance relations within the Union as a whole. Only a rules-based EU framework can provide a firm foundation for both bilateral and Union-wide relations with Russia.
Hlavní silou Evropy v zahraniční politice není její oddanost multilateralismu založenému na pravidlech, navzdory jeho nepochybnému významu, nýbrž jednota.	Europe’s main strength in foreign policy is not its commitment to a rules-based multilateralism, important as that undoubtedly is, but its unity.
Když propukla gruzínská krize, Evropa se sjednotila kolem společného postoje ohledně ruského stažení.	When the Georgia crisis erupted, Europe united around a single position on Russia’s withdrawal.
Úkolem České republiky a dále švédského předsednictví EU, které bude následovat po tom našem, je udržet během postupu jednání o DPS právě tuto jednotu.	It is the Czech Republic’s task, and that of the Swedish EU presidency that will follow our own, to maintain this unity as the PCA negotiations move forward.
Během 90. let chybovaly Spojené státy i Evropa tím, že Rusko shovívavě přehlížely s nadějí, že se situace vystříbří. Rusko by pochybilo, kdyby dnes reagovalo podobně a snažilo se jednání o DPS zdržovat v naději, že by mu snad jednou nějaký přístupnější předseda EU mohl nabídnout měkčí podmínky.	During the 1990’s, the US and Europe erred in treating Russia with benign neglect. It would be a mistake for Russia to respond in kind today by seeking to prolong the PCA negotiations in the hope that a possibly more amenable EU president may one day offer softer terms.
Tak jako všechny předsednické země EU, i my budeme při vyjednávání zastupovat zájmy širší Unie.	We, like all EU presidencies, will be representing the wider Union interests when we negotiate.
	
Proč se adaptovat na klimatické změny	Adapting to Climate Change
KODAŇ – Nastolení optimální rovnováhy mezi zamezováním globálnímu oteplování a adaptací na jeho následky je jednou z nejdůležitějších – a nejspornějších – politických otázek naší doby.	COPENHAGEN – Striking the right balance between preventing global warming and adapting to its effects is one of the most important – and most vexing – policy questions of our age.
A navíc se často přehlíží.	It is also often ignored.
Podle konvenční moudrosti mnoha ekologických aktivistů bychom měli nejprve udělat vše, co je v našich silách, abychom zmírnili globální oteplování, a teprve poté se zaměřit na adaptační strategie.	According to the conventional wisdom of many environmental campaigners, we should first do everything we can to mitigate global warming, and only then focus on adaptation strategies.
Pokud však můžeme udělat pro lidi a planetu více prostřednictvím adaptace, pak se takový přístup zdá nejen mylný, ale dokonce i nemorální.	This seems wrong – even immoral – if we could do more for people and the planet through adaptation.
Navíc se to neslučuje s neodvratným faktem, že ať děláme cokoliv, všem následkům globálního oteplování předejít nemůžeme.	Moreover, it is inconsistent with the inescapable fact that, whatever we do, we cannot prevent all of global warming’s effects.
Jsme-li špatně připraveni, způsobí globální oteplování více úmrtí a větší škody, zejména v chudých zemích a nestabilních společnostech.	If we are ill-prepared, global warming will cause more deaths and devastation, especially in poor countries and fragile societies.
Adaptace by také znamenala záchranu mnoha životů před katastrofami, které s globálním oteplováním nesouvisejí.	Adaptation would also mean saving many lives from catastrophes not related to global warming.
Připravíme-li například společnost na to, že v budoucnu zažijeme více běsnících hurikánů, zároveň jí pomůžeme vyrovnat se lépe s dnešním extrémním počasím.	If we prepare societies for more ferocious hurricanes in the future, for example, we are also helping them to cope better with today’s extreme weather.
Otázka, jakým způsobem lidé vyvolávají klimatické změny a jak je můžeme omezit, byla předmětem nesmírně rozsáhlého výzkumu.	There has been a huge amount of research into the ways that humans cause climate change, and how we can reduce it.
Otázkou adaptace se zabývalo mnohem méně prací.	Much less work has been devoted to adaptation.
Je důležité připustit, že některé adaptační strategie povedou k dalším emisím skleníkových plynů.	It is important to acknowledge that some adaptation strategies will lead to more greenhouse-gas emissions.
Reakce na nedostatek vody opětovným využíváním a úpravou vody odpadní nebo prostřednictvím hlubokých studen a odsolování zvýší spotřebu fosilních paliv.	Responding to water scarcity by re-using and treating wastewater, or through deep-well pumping and desalination, will increase fossil-fuel use.
Rozšířenější využívání klimatizace s cílem ochladit v létě naše domovy bude mít stejný efekt – ačkoliv je to nezbytné opatření, pokud chceme zachránit lidské životy.	Using more air-conditioning to cool our houses in summer will do the same – although this is vital if we want to save lives.
Adaptace by mohla připustit vyšší emise uhlíku jako cestu ke snížení škod způsobených globálním oteplováním, čímž bychom získali více času k zavádění alternativ vůči závislosti na fosilních palivech.	Adaptation could allow for higher carbon emissions in another way: reducing the damage and harm that we experience from global warming, giving us more time to implement alternatives to reliance on fossil fuels.
Mělo by nám cokoliv z výše uvedeného zabránit ve využívání adaptačních strategií?	Should any of this stop us from using adaptation strategies?
Abychom získali informovanou odpověď, musíme zjistit, jak bude planeta vypadat v roce 2100, budeme-li investovat různé částky do adaptace a snižování emisí uhlíku.	To arrive at an informed answer, we need to work out how the planet will look in 2100 if we invest different amounts in adaptation and carbon cuts.
Přitom musíme vzít v úvahu zvýšení emisí, které adaptace způsobí.	We need to take into account the increase in emissions that adaptation will cause.
Nejklíčovějším aspektem není jakýkoliv vzestup či pokles emisí, nýbrž otázka, jak velkému poškození klimatu se můžeme vyhnout.	The most critical issue isn’t any rise or fall in emissions. It is how much climate damage we can avoid.
Jak velké části planety můžeme pomoci řešením problému stoupající hladiny moře?	How much of the planet can we help by dealing with rising sea levels?
Kolik lidských životů uchráníme před horkem, hladověním nebo malárií?	How many lives can we spare from heat, starvation, or malaria?
Toto jsou skutečné otázky, na kterých nám v souvislosti s globálním oteplováním záleží.	These are the real reasons we care about global warming.
Nalezení patřičné odpovědi vyžaduje rozsáhlé ekonomické modelování s propočtem různých proměnných a analýzou regionálních rozdílů.	Reaching a proper answer to these questions requires extensive economic modeling, with different variables calculated and regional differences analyzed.
Nový výzkum provedený třemi italskými ekonomy Franceskem Bosellem, Carlem Carrarem a Enrikou De Cianovou to činí a v závěru uvádí přesvědčivé ekonomické argumenty pro mnohem větší důraz na adaptaci.	New research by three Italian economists, Francesco Bosello, Carlo Carraro, and Enrica De Cian does this, and, ultimately, provides a powerful economic case for a much greater focus on adaptation.
Vědci se nejprve dívají na různé způsoby, jimiž nás klimatické změny do poloviny století postihnou.	They first look at the different ways that climate change will affect us at mid-century.
Tato práce je založena na standardních scénářích a obsahuje typické slabiny předpovědí do vzdálené budoucnosti.	This work is based on standard scenarios, and carries the typical caveats of predictions far into the future.
Autoři přesto zjišťují, že mnohé naše největší obavy se nakonec ukážou jako triviální, ba dokonce i prospěšné.	Nevertheless, they find that many of our biggest concerns will turn out to be trivial, or even beneficial.
Vzestup mořské hladiny bude pro všechny země velmi okrajovým problémem, přičemž celkový finanční dopad nebude činit ani 0,1% HDP.	Sea-level rises will be a very minor concern for every country, with the financial impact adding up to less than 0.1% of GDP.
Zdravotní problémy budou pro všechny země s několika málo výjimkami zanedbatelné.	Health problems will be negligible for all but a few nations.
A důsledky globálního oteplování téměř ve všech zemích sníží spotřebu energie.	And global warming’s impact would reduce energy consumption for almost all nations.
Významné budou dopady na zemědělství a cestovní ruch, kde budou státy tratit v průměru asi 0,5% HDP za každý sektor.	The important effects are on agriculture and tourism, where nations will lose, on average, about 0.5% of GDP from each sector.
Velké části těchto škod se však lidé vyhnou, pokud se sami rozhodnou adaptovat na změnu životního prostředí.	But much of this damage will be avoided by people choosing for themselves to adapt to a change in their environment.
Zemědělci dají přednost plodinám, jimž se daří v horku.	Farmers will choose plants that thrive in heat.
Nové domy budou konstruovány tak, aby se lépe vyrovnaly s vyššími teplotami.	New houses will be designed to deal with warmer temperatures.
Jednoduché ekonomické modely, z nichž se často cituje ve sdělovacích prostředcích, ukazují, že ničím neomezované globální oteplování by stálo bohatý svět do konce století nezanedbatelných 2% HDP.	Simple economic models, often quoted in the media, show that unconstrained global warming would cost a substantial 2% of GDP in the rich world by the end of the century.
Tento údaj však nebere v potaz, že jakmile se změní životní prostředí, změní také lidé své chování.	But this fails to acknowledge that people will change their behavior when the environment changes.
Pokud jde o adaptaci, bohaté země se adaptují na negativní důsledky globálního oteplování a využijí pozitivních změn, takže celkový dopad globálního oteplování bude mít kladnou hodnotu přibližně 0,1% HDP.	Taking adaptation into account, rich countries will adapt to the negative consequences of global warming and exploit the positive changes, creating a total positive effect of global warming worth about 0.1% of GDP.
Chudé země však budou zasaženy hůře.	Poor countries will be hit harder, however.
Adaptace sníží ztráty spojené s klimatickými změnami z 5% HDP na něco málo pod 3% – stále je to však významný dopad.	Adaptation will reduce the climate change-related losses from 5% of GDP to slightly less than 3% – but this is still a significant impact.
Skutečný problém globálního oteplování proto spočívá v omezení jeho důsledků pro třetí svět.	The real challenge of global warming, therefore, lies in tackling its impact on the Third World.
Zde je potřeba dělat více – nespokojit se s adaptacemi, k nimž dojde přirozeným způsobem.	Here, more needs to be done, above and beyond the adaptation that will happen naturally.
Důležité také je, že podle nového výzkumu by měla adaptace mnohem větší přínos než pouhé odbourání uhlíkových emisí.	Importantly, the new research shows that adaptation would achieve a lot more than cuts in carbon emissions.
Snížením emisí na úroveň, která nedusí hospodářský růst, by se dalo zamezit škodám ve výši 3 bilionů dolarů, zatímco adaptace by mohla předejít škodám v objemu zhruba 8 bilionů.	Reducing emissions to a level that does not extinguish economic growth could avert $3 trillion worth of damage, whereas adaptation could prevent around $8 trillion worth of damage.
Za každý dolar vynaložený na adaptaci bychom tak dosáhli pozitivních změn na planetě v hodnotě asi 1,70 dolaru.	For every dollar spent on adaptation, we would achieve about $1.70 worth of positive changes for the planet.
Ekonomické argumenty pro větší důraz na adaptaci jsou zřejmé.	The economic case for focusing more on adaptation is clear.
Dalším stěžejním krokem je zajištění, aby tyto ekonomické argumenty začaly hrát silnější roli v naší politické debatě o možnostech řešení otázky globálního oteplování.	The crucial next step is to ensure that economic arguments become a stronger part of our political debate about how to address global warming.
	
Den pro planetární spravedlnost	A Day for Planetary Justice
PRINCETON – To, co nedbalou produkcí skleníkových plynů způsobujeme naší planetě, dětem a vnoučatům a chudým lidem, patří k největším mravním špatnostem našeho věku.	PRINCETON – What we are doing to our planet, to our children and grandchildren, and to the poor, by our heedless production of greenhouse gases, is one of the great moral wrongs of our age.
24. října se proti této nespravedlnosti můžete postavit.	On October 24, you can stand up against this injustice.
24. říjen je Den 350.	October 24 is 350 Day.
Tento název pochází od počtu částic na milion (ppm) oxidu uhličitého v atmosféře, který bychom podle Jima Hansena, zřejmě nejpřednějšího světového klimatologa, neměli překročit, máme-li se vyvarovat potenciálně katastrofální změně klimatu.	The name comes from the number of parts per million of carbon dioxide in the atmosphere that, according to Jim Hansen, perhaps the world’s leading climate scientist, we should not exceed if we are to avoid potentially catastrophic climate change.
Mírou závažnosti našeho problému je, že už teď CO2 dosahuje 386 ppm a každoročně jej o dvě ppm přibývá.	It is a measure of the seriousness of our problem that CO2 is already at 386 ppm, and is rising by two ppm each year.
Nutnost snižovat skleníkové plyny začala být čím dál jasnější, když se opakovaně ukázalo, že prognózy globálního oteplování – pranýřované jako „poplašné zprávy“, když se před pouhými několika lety objevily – jsou příliš konzervativní.	The need to cut greenhouse gases has become increasingly clear as predictions of global warming – denounced as “alarmist” when they were first made just a few years ago – have repeatedly turned out to have been too conservative.
Blížíme se do bodu, za nímž už nebude návratu, neboť začnou působit zacyklené zpětné vazby a budou planetu nadále ohřívat, ať děláme, co děláme.	We are approaching a point of no return, at which feedback loops will kick in and continue to warm the planet, no matter what we do.
Jedním příkladem je tání arktického letu.	The melting of arctic ice is one example.
Před čtyřmi sty let cestovatelé hledali legendární „severovýchodní průliv“ podél severu Evropy a Ruska do Číny.	Four hundred years ago, explorers sought the legendary “Northeast Passage” across the north of Europe and Russia to China.
Zjistili, že arktický ledovec je nepřekonatelný a brzy od svého úsilí ustoupili.	They found the arctic ice impenetrable, and soon gave up their quest.
Letos severovýchodní cestou zdárně proplouvala komerční plavidla.	This year, commercial vessels successfully navigated the Northeast Passage.
To je jen jedna z mnoha čerstvých dramatických známek toho, že klima se mění a planeta je teplejší, než po velice dlouhou dobu byla.	That is one of many recent dramatic signs that our climate is changing and that our planet is warmer than it has been for a very long time.
Arktické vody bez ledu ale nejsou pouhým symptomem globálního oteplování.	But ice-free arctic waters are more than a symptom of global warming.
Jsou zároveň příčinou dalšího oteplování: led a sníh odrážejí sluneční paprsky.	They are themselves a cause of further warming: ice and snow reflect the sun’s rays.
Povrch bez ledu pohltí více tepla ze slunce než s pokrývkou sněhu či ledu. Jinými slovy, tím, že naše emise skleníkových plynů zapříčinily takové oteplení, že taje arktický led, vytvořily smyčku zpětné vazby, která vyvolá další oteplování a tání ledu, i kdybychom hned zítra přestali skleníkové plyny vypouštět.	An ice-free surface absorbs more warmth from the sun than one covered in snow or ice. In other words, our greenhouse gas emissions have, by causing enough warming to melt the arctic ice, created a feedback loop that will generate more warming, and melt more ice, even if we were to stop emitting all greenhouse gases tomorrow.
Další zpětnovazební smyčky představují podobné nebezpečí.	Other feedback loops pose a similar danger.
V oblastech Sibiře, které se dříve nazývaly „permafrost“, neboť se mělo za to, že půda je zde neustále promrzlá, jsou uvězněna obrovská množství metanu, mimořádně silného skleníkového plynu.	In Siberia, vast quantities of methane, an extremely potent greenhouse gas, are locked up in what used to be called “permafrost” – regions in which it was assumed that the ground was permanently frozen.
Jenže území, která bývala zamrzlá, dnes tají, uvolňují metan, a tak přispívají k dalšímu oteplování – a k dalšímu tání, které uvolňuje další metan.	But areas that used to be frozen are now thawing, releasing methane and thus contributing to further warming – and to further thawing, which releases more methane.
Rozvojové státy začínají chápat, jak nehorázné je vlastně současné rozložení emisí skleníkových plynů.	Developing nations are grasping just how outrageous the current distribution of greenhouse-gas emissions really is.
Na zářijovém summitu OSN o změně klimatu rwandský prezident Paul Kagame poukázal na to, že zatímco vyspělé země mimo Afriku nesou za problém téměř výhradní zodpovědnost, jeho nejhorší důsledky zřejmě dolehnou na Afriku, která má mizivé prostředky na to, aby si s potížemi poradila.	At the United Nations Summit on Climate Change in September, President Paul Kagame of Rwanda pointed out that, while developed nations outside Africa are almost entirely responsible for the problem, its greatest impact will probably be on Africa, which has few resources to cope with the challenge.
Kagame navrhl, aby byla každé zemi přidělena roční kvóta emisí CO2 a aby rozvojové země, které kvótu nevyčerpají, směly přebytek prodat zemím, které svůj strop překročí.	Kagame then suggested giving every country an annual per capita quota for CO2 emissions, and allowing developing countries that are below the quota to trade their excess quota with countries that are above theirs.
Peníze, jež by rozvojové země takto získaly, by nebyly zahraniční pomocí, ale spíše uznáním toho, že bohaté státy musí zaplatit za to, co si v minulosti jednoduše přisvojily: mnohem větší než spravedlivý díl schopnosti atmosféry vstřebávat naše odpadní plyny.	The money that developing countries would receive for this would not be aid, but rather a recognition that the rich nations must pay for something that in the past they simply appropriated: far more than their fair share of our atmosphere’s capacity to absorb our waste gases.
Srí Lanka si osvojila podobný přístup a za použití studií Mezivládního panelu OSN ke změně klimatu vypočetla, že environmentálně přípustné uhlíkové emise v roce 2008 činily nanejvýš 2172 kilogramů na osobu.	Sri Lanka took a similar stance, using studies from the UN Intergovernmental Panel on Climate Change to calculate that in 2008, environmentally permissible carbon emissions totaled no more than 2,172 kilograms per person.
Celosvětové emise na hlavu ale ve skutečnosti dosáhly 4700 kilogramů čili více než dvojnásobku přijatelného limitu.	In fact, the world’s per capita emissions were 4,700 kilograms, or more than double the permissible limit.
Emise v bohatých zemích přípustnou hranici dalece přesahovaly, kdežto srílanské emise, dosahující 660 kilogramů, byly hluboko pod ní.	But, while emissions in the rich nations were far above the permissible limit, Sri Lankan emissions were, at 660 kilograms, well below it.
Srílanská vláda k tomu poznamenala: „Znamená to, že nízkoemisní země jako my nemohou vypouštět víc, protože náš prostor už bez našeho souhlasu spotřebovaly vyspělé země či přední světoví producenti emisí.“	As Sri Lanka’s government pointed out, “That means low-emitting countries like us could not emit more because our space has already been exploited by developed or global heavy polluting countries without our consent.”
Tato situace představuje křivdu obrovských rozměrů, připomínající dnes zavrhovaný kolonialismus západních mocností v devatenáctém století – a přitom je zřejmě ještě mnohem horší.	This situation is an injustice of vast proportions, reminiscent of – and arguably much worse than – the now-repudiated colonialism of the Western powers in the nineteenth century.
Práce na odčinění této nespravedlnosti musí začít na schůzce ke změně klimatu, která se v prosinci bude konat v Kodani.	The task of remedying it must begin at the meeting on climate change that will be held in Copenhagen in December.
Řada politických lídrů vyjádřila podporu ráznému postupu ve věci změny klimatu, ale to, co většina z nich pokládá za „rázný postup“, nebude stačit na to, abychom se vrátili pod 350 ppm.	Many political leaders have expressed support for strong action on climate change, but what most of them regard as “strong action” will not be enough to get us back below 350 ppm.
V některých zemích, včetně Spojených států, existují překážky, které brání podniknutí i velice mírných opatření.	In some countries, including the United States, there are major political obstacles to taking even modest steps.
24. října budou lidé bezmála ve všech zemích vyvíjet různé snahy, aby zvýšili povědomí o nutnosti mezinárodní úmluvy s cílem vrátit atmosféru k 350 ppm CO2.	On October 24, people in nearly every country will be taking action to raise awareness of the need for an international treaty to bring our atmosphere back to 350 ppm of CO2.
Horolezci s transparenty se vydají vysoko do Himalájí, kde tají ledovce, a potápěči zase k australskému Velkému bariérovému útesu, ohroženému změnou klimatu.	There will be climbers hanging banners high in the Himalayas, where the glaciers are melting, and scuba divers at Australia’s Great Barrier Reef, which is threatened by climate change.
Kostelní zvony 350krát odbijí, městy projede 350 cyklistů a na mnoha místech bude vysazeno 350 stromů.	Churches will ring bells 350 times, 350 cyclists will circle towns, and, in many places, 350 trees will be planted.
Na adrese www.350.org zjistíte, co se děje ve vašem okolí, můžete se přidat anebo tu zveřejnit svůj nápad.	At www.350.org you can find out what is happening near you and join in, or put your own idea online.
Nezůstávejte ale sedět s nadějí, že snažení ostatních bude mít dostatečný vliv.	But don’t just sit back and hope that others will do enough to make an impact.
Jednou se vás vnoučata zeptají: cos udělal pro to, aby ses vypořádal s největší morální výzvou své doby?	One day your grandchildren will ask you: what did you do to meet the greatest moral challenge of your time?
	
Den osvobození	A Day of Liberation
Když mi bylo v roce 1960 sedm let, otevřela mi babička Angelica oči ohledně významu 8. května 1945, dne, kdy nacistické Německo kapitulovalo a druhá světová válka v Evropě skončila.	When I was seven years old, in 1960, my grandmother Angelica opened my eyes to the meaning of 8 May 1945, the day when Nazi Germany surrendered and World War II ended in Europe.
Trávili jsme právě letní prázdniny v Normandii, kde osvobozování Evropy od nacismu v „den D“, tedy 6. června 1944 započalo.	We were spending our summer holidays in Normandy where the liberation of Europe from Nazism had started on D-Day, 6 June 1944.
Jednoho večera jsem poslouchal, jak se rodiče s babičkou baví o minulosti.	One evening, I listened to my parents and my grandmother talking about the past.
Podrobnosti jejich rozhovoru jsem již zapomněl, ale dodnes slyším babiččino úlevné povzdechnutí, když prohlásila: „Díkybohu, že jsme tu válku prohráli!“	I have forgotten the details of their conversation, but I can still hear my grandmother’s sigh of relief when she said “Thank God we lost that war!”
Z pohledu dítěte nebylo samozřejmé, že prohra je dobrá věc.	From a child’s perspective, it wasn’t self-evident that losing was a good thing.
Babička však měla jistě pravdu, když položila rovnítko mezi porážku a osvobození.	But of course, my grandmother was right to equate defeat with liberation.
Čím více přemýšlím o poučení, které mi před 45 lety poskytla, tím zřetelněji vidím v jejích slovech další, byť méně očividný rozměr: Jsme to „my“, kdo válku prohrál.	The more I have thought about the lesson she taught me 45 years ago, the clearer I have seen another, less obvious dimension in what she said: It is “we” who lost the war.
Němci jako skupina lidí nebyli nevinnými oběťmi malého gangu zločinných cizáků zvaných „nacisté“ – nacismus byl vnitřní ideologií, kterou podporovaly miliony Němců, a každý Němec nesl zodpovědnost za její zvěrstva, ať už jí byl jako jednotlivec věrný, či nikoliv.	Collectively, the Germans had not been the innocent victims of a small gang of criminal outsiders called “Nazis” – Nazism had been an inside ideology supported by millions of Germans, and every German was liable for its atrocities whether or not he or she had adhered to it individually.
V dnešním Německu se drtivá většina občanů hlásí k tvrzení, že 8. květen 1945 byl dnem osvobození – nejen pro Evropu, ale i pro samotné Německo.	In today’s Germany, an overwhelming majority subscribes to the proposition that 8 May 1945 was a day of liberation – not only for Europe, but also for Germany itself.
V porovnání s veřejným míněním v roce 1960 je to jistě obrovský pokrok.	Compared to public opinion in 1960, that’s certainly an enormous progress.
Paradoxně však může obsahovat také prvek zapomnění, poněvadž vede k tendenci zakrývat skutečnost, že k osvobození byla nutná vojenská porážka.	But paradoxically, it may also contain an element of forgetfulness, because it tends to conceal the fact that liberation required a military defeat.
Abych použil babiččina slova, osvoboditeli zde nejsme „my“, nýbrž „oni“.	To use my grandmother’s parlance, it is not “us” who were the liberators, but “them”.
Způsob, jakým lidé nazírají na minulost, nám toho o jejich současných postojích vypovídá více než minulost sama.	The way people see the past tells us more about their present attitudes than about the past itself.
Právě to má označovat výraz „politika paměti“.	This is what the term “politics of memory” is meant to indicate.
A právě proto také nezáleží na tom, zda se příslušné události odehrály před 60 lety (jako druhá světová válka), 90 lety (jako v případě genocidy Arménů), nebo dokonce před 600 lety (jako bitva na Kosově poli v roce 1389).	And this is why it doesn’t matter whether the relevant events happened 60 years ago (as World War II), 90 years (as in the case of the Armenian genocide) or even 600 years (such as the battle of Kosovo in 1389).
Násilný konflikt v minulosti může přežívat jako válka vzpomínek v současnosti, jak lze pozorovat na současném sporu mezi Čínou a Jižní Koreou na jedné straně a Japonskem na straně druhé.	A violent conflict in the past may survive as a war of memories in the present, as can be observed in the current dispute between China and South Korea on one side, and Japan on the other.
Válka vzpomínek pak může někdy vést k násilnému konfliktu v budoucnosti.	A war of memories, in turn, may sometimes lead to a violent conflict in the future.
Někdejší pachatelé se často pokoušejí delegitimizovat morální nadřazenost svých někdejších obětí tvrzením, že i oni byli oběťmi.	Former perpetrators often try to de-legitimize their former victims’ moral superiority by claiming they were victims themselves.
Proto bylo 60. výročí bombardování Drážďan zápalnými pumami spojeneckých sil 13. února 1945 z pohledu německé „politiky paměti“ pravděpodobně klíčovější, než bude 60. výročí 8. května 1945.	Therefore, the 60th anniversary of the firebombing of Dresden by Allied forces on 13 February 1945 has probably been a more crucial moment in terms of the German “politics of memory” than the 60th anniversary of 8 May 1945 is going to be.
Krajně pravicové skupiny tento útok, při němž zahynulo nejméně 30 000 lidí, hanebně označily za „drážďanský holocaust bomb“.	Far-right groups infamously dubbed the attack by which at least 30,000 people were killed “Dresden’s Holocaust of bombs.”
Jejich propagandistická kampaň naštěstí skončila neúspěchem.	Fortunately, their propaganda campaign has been a failure.
Ačkoliv je pravda, že tisíce civilistů zabitých v Drážďanech a dalších německých městech byly na úrovni jednotlivců nevinné, nemůže být pochyb, že se stalo morálním imperativem, aby bylo Německo kolektivně poraženo.	Although it is true that thousands of the civilians killed in Dresden and other German cities were innocent at an individual level, there can be no doubt it was morally imperative that Germany be defeated collectively.
Na levé straně německého politického spektra zůstává tvrzení, že 8. květen 1945 byl dnem osvobození, i nadále nezpochybněno.	On the left side of the German political spectrum, the proposition that 8 May 1945 was a day of liberation remains unchallenged.
Někdy se však potlačuje, že k dosažení tohoto výsledku bylo zapotřebí nasadit mohutnou sílu.	However, it is sometimes repressed that the massive use of force had been necessary to achieve that result.
Levicový pacifismus má sklon tuto prostou skutečnost přehlížet.	Left-wing pacifism tends to overlook this simple fact.
Jeho slogan „Už nikdy válku!“ je jen polovinou pravdy – druhou polovinou je „Už nikdy ústupky!“ Osmý květen 1945 nebyl „hodinou nula“, jak zní oblíbené německé úsloví.	Its slogan “Never again war!” is only half the truth – the other half is “Never again appeasement!” 8 May 1945 was not “zero hour,” as a popular saying in Germany goes.
Doma i v zahraničí mu předcházela absence preventivního odporu vůči hrozbě, která během třicátých let v nacistickém Německu narůstala.	It had an antecedent, that is, a lack of pre-emptive resistance at home and abroad to the threat that built up in Nazi Germany during the 1930’s.
Existuje ještě další poučení.	There is yet another lesson to be learned.
Ano, 8. květen 1945 byl dnem osvobození, k němuž rozhodující měrou přispěla sovětská armáda.	Yes, 8 May 1945 was a day of liberation to which the Soviet army contributed decisively.
Pro miliony obyvatel střední a východní Evropy však po osvobození následoval Stalinův utiskovatelský režim.	But for millions of Central and East Europeans, liberation was followed by Stalin’s oppressive regime.
Současná válka vzpomínek mezi pobaltskými republikami a Ruskem v souvislosti s mezinárodními oslavami v Moskvě 9. května tohoto roku připomíná Německu zvláštní dějinnou zodpovědnost.	The current war of memories between the Baltic republics and Russia, with regard to the international celebration in Moscow on 9 May this year, reminds Germany of a special historic responsibility.
Německo-sovětský pakt o neútočení, takzvaný pakt Hitlera se Stalinem uzavřený v srpnu 1939, byl doplněn o tajný dodatek, který rozděloval hraniční státy Finsko, Estonsko, Lotyšsko, Litvu, Polsko a Rumunsko do sfér zájmů obou stran.	The German-Soviet non-aggression treaty, the so-called Hitler-Stalin pact, concluded in August 1939, had been supplemented by a secret appendix dividing the border states Finland, Estonia, Latvia, Lithuania, Poland and Romania into spheres of interest for the two parties.
Omlouvání nacistických zvěrstev poukazováním na stalinistické zločiny je však intelektuálně i morálně nepřijatelný úskok.	But excusing Nazi atrocities by pointing to Stalinist crimes is an intellectually and morally unacceptable stratagem.
Až kancléř Schröder odcestuje do Moskvy na oslavy na Rudém náměstí, měl by mít na paměti i podíl nacistického Německa na pobaltské tragédii.	When Chancellor Schröder travels to Moscow for the Red Square celebrations, he should bear in mind Nazi Germany’s contribution to the Baltic tragedy.
Osmého května letošního roku nám budou veřejní řečníci připomínat, jak je důležité nezapomenout.	On 8 May this year, public speakers will remind us how important it is not to forget.
Budou zdůrazňovat, že nepoučíme-li se z dějin, budou se dějiny zákonitě opakovat.	They will stress that if the lessons of history are not learned, history is bound to repeat itself.
To vše je naprosto pravda.	All this is perfectly true.
Já osobně si však rovněž vzpomenu také na babiččinu větu: „Díkybohu, že jsme tu válku prohráli!“ Díkybohu – a díky všem těm statečným spojeneckým vojákům, kteří obětovali životy pro svobodu Evropy.	But personally, I will also remember my grandmother’s sentence “Thank God we lost that war!” Thank God – and thanks to all those brave Allied soldiers who sacrificed their lives for the sake of Europe’s liberty.
	
Jak se vloudit k SDR	Crashing the SDR
SANTA BARBARA – Zdá se, že kampaň čínské vlády za zařazení jüanu mezi rezervní aktiva Mezinárodního měnového fondu stojí na pokraji úspěchu.	SANTA BARBARA – The Chinese government’s campaign to have its currency, the renminbi, included in the International Monetary Fund’s reserve asset appears to be on the brink of success.
Vedení MMF minulý týden oficiálně doporučilo přidat jüan do koše měn, které určují hodnotu jeho takzvaných zvláštních práv čerpání (SDR).	Last week, IMF staff formally recommended adding the renminbi to the basket of currencies that determines the value of its so-called Special Drawing Rights (SDRs).
Začlenění jüanu do koše, který v současné době zahrnuje americký dolar, euro, britskou libru a japonský jen, by značně zvýšilo prestiž Číny.	The addition of the renminbi to the basket, which currently includes the US dollar, the euro, the British pound, and the Japanese yen, would provide China with a boost to its prestige.
A co je důležitější, podpořilo by snahu čínské vlády o internacionalizaci jüanu.	More important, it would advance the government’s efforts to internationalize the renminbi.
Zároveň by to však byla chyba.	But it would also be a mistake.
Rozhodnutí doporučit zařazení jüanu zdaleka nepadlo z dobrých ekonomických důvodů, a proto ho nelze chápat jinak než jako politické.	The decision to recommend the renminbi’s inclusion, far from having been made on sound economic grounds, can only be understood as political.
A jeho dlouhodobé důsledky pravděpodobně budou politováníhodné.	As such, the long-term consequences are likely to be regrettable.
Z čistě technického hlediska lze o způsobilosti jüanu k zařazení do koše SDR pochybovat.	On a purely technical basis, the renminbi’s qualifications for inclusion in the SDR basket are questionable.
MMF tradičně trvá na dvou kritériích: země vydávající danou měnu musí patřit k předním světovým exportérům a daná měna musí být „volně použitelná“ – rozsáhle používaná a obchodovaná.	Traditionally, the IMF has insisted on two criteria: a currency’s issuing country must be among the world’s leading exporters, and the currency must be “freely usable” – widely used and traded.
První podmínku Čína jako největší světový exportér evidentně splňuje.	As the world’s largest exporter, China clearly meets the first condition.
Splnit druhou podmínku však pravděpodobně stále není v čínských silách.	The second, however, is probably still beyond its reach.
Jüan v žádném případě nepatří do stejné ligy jako čtveřice měn tvořících současný koš SDR.	The renminbi is by no means in the same league as the SDR basket’s four incumbent currencies.
V roce 2014 patřilo čínské měně sedmé místo mezi globálními rezervami centrálních bank, osmé místo co do objemu mezinárodně emitovaných dluhopisů a jedenácté místo v oblasti globálního měnového obchodování.	In 2014, China’s currency ranked seventh in global central-bank reserves, eighth in international bond issuance, and 11th in global currency trading.
Jüan navíc zůstává pro většinu kapitálových transakcí nekonvertibilní, čínské finanční trhy jsou primitivní a obchodní marže pro devizový kurz stále denně stanovují měnové úřady.	Moreover, the renminbi remains non-convertible for most capital transactions, China’s financial markets are primitive, and trading margins for the exchange rate are still set daily by the monetary authorities.
Ještě v srpnu byl MMF vůči přidání jüanu do koše SDR skeptický, když uvedl, že je stále zapotřebí „mnoho práce“, a naznačil, že by se rozhodnutí mělo odložit na rok 2016, aby se zajistil „hladký“ přechod.	Indeed, as recently as August, the IMF was skeptical about adding the renminbi to the SDR basket, saying that “significant work” was still needed, and suggesting that a decision should be put off until 2016 in order to ensure a “smooth” transition.
Proč tedy MMF obrátil?	So why did the IMF flip?
Odpověď je zjevná: Čína zahájila celoplošný presink, aby dosáhla změny názoru.	The answer is obvious: China mounted a full-court press to change minds.
V srpnu byl mírně uvolněn devizový režim měny.	In August, the currency’s exchange-rate regime was loosened slightly.
V Londýně byly vydány vládní dluhopisy denominované v jüanu a vznikly plány na vytvoření nových obchodních platforem pro tuto měnu v několika evropských finančních centrech.	Renminbi-denominated government bonds were issued in London, and plans were laid to create new trading platforms for the currency in several European financial centers.
A čínští politici dávali nepokrytě najevo, jak nešťastní by byli z odmítavého rozhodnutí.	And Chinese policymakers made it abundantly clear how unhappy they would be with a negative decision.
Jejich tlak se vyplatil.	Their pressure paid off.
Západní vlády se jedna po druhé postavily za jüan, a to navzdory jeho praktickým omezením.	One by one, Western governments fell in line behind the renminbi, despite its practical limitations.
Fond je vyslyšel a rozhodnutí je na světě.	The Fund got the message, and now the fix is in.
Doporučení rozšířit koš SDR vřele podpořila generální ředitelka MMF Christine Lagardeová a na konci listopadu se očekává konečné rozhodnutí výkonného sboru.	The recommendation to enlarge the SDR basket has been warmly backed by Christine Lagarde, the IMF’s managing director, and a final decision by the Fund’s executive board is expected at the end of the month.
Mnozí lidé by namítli, že jde o pozitivní vývoj.	Many would argue that this is a positive development.
Rozhodně uspokojuje čínské představitele a nabízí jim silnější podnět pokračovat v práci v rámci stávajícího mezinárodního měnového režimu.	Certainly, it mollifies China’s leaders, offering them a stronger incentive to continue to work within the existing international monetary regime.
Nedávné čínské iniciativy, zejména založení Asijské infrastrukturální investiční banky, totiž vyvolaly obavy, že země má v úmyslu vybudovat nový systém mezinárodních institucí, který by konkuroval organizacím ovládaným Západem, jako je MMF.	Recent Chinese initiatives, especially the creation of the Asian Infrastructure Investment Bank, have given rise to fears that the country intends to build a new set of international institutions to compete with Western-dominated organizations like the IMF.
Rozhodnutí zařadit jüan do koše SDR mohlo toto nebezpečí zažehnat.	The decision to add the renminbi to the SDR basket may have put that danger into remission.
Na druhé straně vytváří tento krok znepokojivý precedens, když vnáší politiku do oblasti, která se v minulosti řídila objektivními ekonomickými úvahami.	On the other hand, the move sets a worrying precedent, injecting politics into a policy area that had been governed by objective economic considerations.
Lze si představit, že úspěšná kampaň Číny by v dlouhodobém měřítku mohla otevřít dveře lobbingu dalších vlád za to, aby i jejich měny byly do koše SDR zařazeny.	Conceivably, over the longer term, China’s successful campaign could now open the door to lobbying by other governments to include their currencies as well.
Proč tam nepřidat švýcarský frank nebo kanadský dolar?	Why not add the Swiss franc or the Canadian dollar?
Nebo proč tam koneckonců nezařadit ruský rubl či indickou rupii?	Or, for that matter, why not include the Russian ruble or Indian rupee?
To, co kdysi bývalo ceněnou výsadou nesporně elitních měn, by se mohlo stát předmětem špinavých politických bitev o vylepšení statusu.	What was once the dignified preserve of obviously elite currencies could become the site of messy political battles for elevated status.
Samozřejmě lze tvrdit, že vzhledem k nedávné ekonomické trajektorii Číny je jen otázkou času, kdy se jüan stane plně srovnatelným se současnými měnami SDR.	Of course, it can be argued that China’s recent economic trajectory means that it is only a matter of time before the renminbi does become a match for the SDR’s incumbents.
Používání této měny ve světě koneckonců exponenciálně roste.	After all, international use of the currency has been growing exponentially.
Toto optimistické hodnocení však přeceňuje vyhlídky jüanu a ilustruje nebezpečí lineární extrapolace minulosti do budoucnosti.	But that optimistic assessment overestimates the renminbi’s prospects and illustrates the danger of linear extrapolation of the past into the future.
Stejně tak se bude dál zákonitě zvyšovat využívání jüanu pro účely fakturace a vypořádávání obchodu s Čínou.	Likewise, use of the renminbi for the purpose of invoicing and settling trade with China is bound to continue growing.
Pokud však jde o klíčové role měny coby investičního nástroje nebo rezervního aktiva, je vyhlídka jüanu mnohem méně slibná kvůli setrvale přísným kapitálovým kontrolám v Číně a nízké úrovni jejího finančního rozvoje.	But in terms of the all-important roles of a currency as an investment vehicle or reserve asset, the outlook for the renminbi is much less promising, owing to China’s still-tight capital controls and low level of financial development.
Stejně tak nebude zařazení jüanu do koše SDR pravděpodobně představovat velký impulz k internacionalizaci této měny, jak se mnozí lidé domnívají.	Nor is inclusion of the renminbi in the SDR basket likely to provide as big a boost to the currency’s internationalization as many believe.
Některé centrální banky se možná rozhodnou následovat vývoj a přidají aktiva denominovaná v jüanech do svých rezerv, aby kopírovaly složení koše.	Some central banks may decide to follow suit, adding renminbi-denominated assets to their reserves to match the composition of the basket.
Toto zvýšení však bude přinejlepším okrajové – podle výpočtů MMF půjde zhruba o 40 miliard dolarů v příštích několika letech.	But the increase will be marginal at best – some $40 billion in the next few years, according to the IMF’s calculations.
Vzhledem k tomu, že celkové globální rezervy dnes přesahují 10 bilionů dolarů, jde o příslovečnou kapku v moři.	With global reserves now totaling more than $10 trillion, that is a mere drop in the proverbial bucket.
Politické důvody pro začlenění jüanu do koše SDR jsou naprosto zřejmé.	The political reasons for including the renminbi in the SDR are all too clear.
Neméně zřejmá jsou bohužel i rizika takového kroku.	Unfortunately, the risks of doing so are no less obvious.
	
Porážka mezinárodní daňové spolupráce	A Defeat for International Tax Cooperation
NEW YORK – Zájem na spolupráci v daňové oblasti má většina světových vlád – velmi rády by zvýšily výnosy z daní a potlačily všudypřítomné kličky, jejichž smyslem je vyhnout se daňové povinnosti, například ty, které byly loni odhaleny při skandálu takzvaných Lucemburských úniků.	NEW YORK – Most of the world’s governments – eager to mobilize more tax revenues to finance development and curb pervasive tax-avoidance schemes, such as those revealed in the so-called Luxembourg Leaks scandal last year – have an interest in collaborating on taxation matters.
Přesto na Třetí mezinárodní konferenci o financování rozvoje, která proběhla minulý měsíc v Addis Abebě, hybná síla směřující k posílení mezinárodní daňové spolupráce náhle ustrnula.	Yet at the Third International Conference on Financing for Development, held in Addis Ababa last month, the momentum toward strengthening international tax cooperation came to an abrupt halt.
Vyspělé země na konferenci zablokovaly návrh na zřízení mezivládního daňového orgánu v rámci Organizace spojených národů, který by nahradil současnou expertní komisi OSN.	Developed countries blocked a proposal at the conference to establish an intergovernmental tax body within the United Nations to replace the current UN Committee of Experts.
Trvají na tom, že daňová spolupráce by měla probíhat výhradně pod vedením OECD, tělesa, které mají tyto země pod kontrolou.	These countries insist that tax cooperation should take place exclusively under the leadership of the OECD, a body that they control.
Zbytek světa by měl doufat, že se tato událost neukáže jako ukončení, ale jen pozastavení pokroku v oblasti mezinárodní daňové spolupráce, která započala před 13 lety, na první Mezinárodní konferenci o financování rozvoje v mexickém Monterrey.	The rest of the world should hope this will prove to be a pause rather than an end to progress on international tax cooperation, which began 13 years ago, at the first International Conference on Financing for Development in Monterrey, Mexico.
Dva roky nato, v roce 2004, Ekonomická a sociální rada OSN (ECOSOC) povýšila svou „ad hoc skupinu“ daňových odborníků na regulérní komisi.	Two years later, in 2004, the United Nations Economic and Social Council (ECOSOC) upgraded its “ad hoc group” of tax experts to a regular committee.
Experti se tudíž pravidelně setkávali a mají širší mandát, který se neomezuje na pouhou novelizaci vzorové dohody o zamezení dvojího zdanění.	This meant that the experts would meet regularly and have an expanded mandate that went beyond merely updating a model double-taxation treaty.
O čtyři roky později, na Druhé konferenci o financování rozvoje v katarském Dauhá, tvůrci politik připustili, že je nutné v daňové oblasti aktivněji působit, a požádali ECOSOC, aby zvážila posílení institucionálních uspořádání.	Four years later, at the Second Conference on Financing for Development, in Doha, Qatar, policymakers acknowledged that more needed to be done in tax matters, and asked ECOSOC to consider strengthening institutional arrangements.
Konečně během roku příprav na konferenci v Addis Abebě generální tajemník OSN podpořil potřebnost „mezivládní komise pro daňovou spolupráci, pod záštitou Organizace spojených národů“.	And then, in the year leading up to the Addis Ababa conference, the UN Secretary-General endorsed the need for “an intergovernmental committee on tax cooperation, under the auspices of the United Nations.”
Jeho souhlas, společně se silnou podporou nevládních organizací a Nezávislé komise pro reformu mezinárodního zdanění firem, dal větší sílu požadavku rozvojových zemí, zorganizovaných kolem Skupiny 77 a Číny, na rovnoprávný hlas při určování globálních daňových norem.	His endorsement, along with strong support from nongovernmental organizations and the Independent Commission for the Reform of International Corporate Taxation, gave greater force to the demand by developing countries, organized around the Group of 77 and China, for an equal voice in setting global tax norms.
Až do hodiny jedenácté při jednáních v Addis Abebě stály pevně za požadavkem na mezivládní orgán s mandátem a prostředky k vytvoření uceleného globálního rámce pro mezinárodní daňovou spolupráci.	Up until the 11th hour of negotiations in Addis Ababa, they stood firm in calling for an intergovernmental body with the mandate and resources to create a coherent global framework for international tax cooperation.
Leč marně: vyspělým zemím, vedeným Spojenými státy a Velkou Británií, domovskými zeměmi mnoha nadnárodních korporací obviněných v „Lucemburských únicích,“ se podařilo tento tolik potřebný pokrok v globální správě zablokovat.	But to no avail: Developed countries, led by the United States and the United Kingdom –home to many of the multinational corporations implicated in the “Lux Leaks” – succeeded in blocking this much-needed advance in global governance.
Akční agenda z Addis Abeby nakonec ustanovuje, že současná expertní komise bude dál fungovat podle mandátu z roku 2004, jen se přidají tři jednací dny ročně, to vše financováno z dobrovolných příspěvků.	In the end, the Addis Ababa Action Agenda provides that the current Committee of Experts will continue to function according to its 2004 mandate, with three additional meeting days per year, all funded through voluntary contributions.
Takový výsledek je velkým zklamáním.	That is a profoundly disappointing outcome.
Vyspělé země mají jeden argument – ovšem nepřesvědčivý.	The developed countries have an argument – but not a convincing one.
OECD, jejímiž členy je v zásadě 34 nejbohatších zemí světa, rozhodně má kapacity ke stanovení mezinárodních daňových standardů.	The OECD, whose members are essentially the world’s 34 richest countries, certainly has the capacity to set international standards on taxation.
Jenže ovládnutí daňových norem vybranou skupinou zemí v realitě znamená, že konstrukce globální správy v oblasti daní nedrží krok s globalizací.	Yet the domination of a select group of countries over tax norms has meant that, in reality, the global governance architecture for taxation has not kept pace with globalization.
Součástí Monterreyského konsenzu z roku 2002 byla výzva k posílení „hlasu a účasti rozvojových zemí při mezinárodním rozhodování a určování norem v ekonomické oblasti“.	The Monterrey Consensus reached in 2002 included a call to enhance “the voice and participation of developing countries in international economic decision-making and norms-setting.”
Přestože však OECD zve některé rozvojové země k účasti na diskusích o stanovování norem, nenabízí jim žádnou rozhodovací pravomoc.	But although the OECD invites some developing countries to participate in its discussions to establish norms, it offers them no decision-making power.
OECD je tedy chabá náhražka celosvětově reprezentativního mezivládního fóra.	The OECD is thus a weak surrogate for a globally representative intergovernmental forum.
Takový orgán musí působit pod záštitou OSN, která má institucionální legitimitu nezbytnou k účinnému reagování na výzvy globalizace prostřednictvím ucelených globálních standardů pro boj s nekorektními daňovými praktikami a pro zajištění spravedlivého zdanění firemních zisků po celém světě.	Such a body must operate under the auspices of the United Nations, which bears the institutional legitimacy necessary to respond effectively to the challenges of globalization with coherent global standards to combat abusive tax practices and ensure fair taxation of corporate profits worldwide.
Navzdory zklamání z Addis Abeby je nepravděpodobné, že by volání po reformě mezinárodní daňové soustavy umlklo.	Despite the disappointment in Addis Ababa, the call for reform of the international tax system is not likely to be silenced.
Naopak, na všech stranách jej začne být slyšet ještě víc, neboť kontraproduktivní vzdor vyspělých zemí vůči jakémukoli kompromisu v oblasti mezinárodní spolupráce vyvolává cunami jednostranných daňových opatření mimo kontrolu OECD.	Instead, it will grow louder on all sides, as the developed countries’ counter-productive resistance to any give and take on international cooperation results in a tsunami of unilateral tax measures beyond OECD control.
	
Nová klimatická ekonomie	The New Climate Economics
NEW YORK – Mezivládní panel Organizace spojených národů pro změny klimatu přinese tento pátek ve svém zatím posledním rozsáhlém hodnocení důkazů globálního oteplování také stanovisko světových klimatologů. Ti jsou si dnes jistější než kdykoliv dříve, že zvyšování teploty a mořské hladiny způsobuje lidská činnost – zejména spalování fosilních paliv.	NEW YORK – This Friday, in its latest comprehensive assessment of the evidence on global warming, the United Nations Intergovernmental Panel on Climate Change will show that the world’s climate scientists are more certain than ever that human activity – largely combustion of fossil fuels – is causing temperatures and sea levels to rise.
Řada extrémních meteorologických jevů – mimo jiné hurikán Sandy v New Yorku a New Jersey, záplavy v Číně a sucha na americkém Středozápadě, v Rusku a v mnoha rozvojových zemích – napáchala v posledních letech nedozírné škody.	In recent years, a series of extreme weather events – including Hurricane Sandy in New York and New Jersey, floods in China, and droughts in the American Midwest, Russia, and many developing countries – have caused immense damage.
Minulý týden zažilo Mexiko souběžné hurikány v Tichém oceánu a v Mexickém zálivu, které zničily městečka a města stojící jim v cestě.	Last week, Mexico experienced simultaneous hurricanes in the Pacific and in the Gulf of Mexico that devastated towns and cities in their path.
Klimatické změny budou představovat významnou hnací sílu takových událostí a riskujeme, že zažijeme i něco mnohem horšího.	Climate change will be a major driver of such events, and we risk much worse.
To klade do popředí novou debatu: jak nalézt soulad mezi zesílenými opatřeními na snížení emisí skleníkových plynů a silným hospodářským růstem.	This puts a new debate center stage: how to reconcile increased action to reduce greenhouse gas emissions with strong economic growth.
Je to debata, která se už dnes utápí v kontroverzích.	It is a debate that is already mired in controversy.
Zatímco většina zemí začala rozsáhle investovat do obnovitelné energie a mnohé z nich zavádějí ceny uhlíku a regulace, kritikové si stěžují, že taková politika může podkopat růst.	As most countries have started making serious investments in renewable energy, and many are implementing carbon prices and regulations, critics complain that such policies may undermine growth.
Protože se totiž globální ekonomika stále zotavuje z finančního krachu z roku 2008, představují vyšší náklady na energii – které ještě nejsou plně vyvážené větší energetickou účinností – důvod ke znepokojení podnikatelských a politických špiček.	With the global economy still recovering from the 2008 financial crash, higher energy costs – not yet fully offset by greater energy efficiency – are worrying business and political leaders.
Nástup těžby břidlicového plynu znepřehlednil energetickou debatu ještě víc.	The advent of shale gas has confused the energy debate even more.
Nahradí-li tento plyn uhlí, může posloužit jako užitečný most k nízkouhlíkové budoucnosti.	If gas is substituted for coal, it can be a useful bridge to a low-carbon future.
Kupodivu je to však uhlí, nejšpinavější palivo, které zažívá nejprudší růst spotřeby.	But astonishingly, it is coal, the dirtiest fuel, that is experiencing the sharpest increase in use.
Firmy a investoři se zajišťují podniknutím několika málo opatření šetrných na zdroje a investicemi do některých nízkouhlíkových aktiv, avšak svá stávající vysokouhlíková portfolia a aktivity ponechávají do značné míry nedotčené.	Companies and investors are hedging their bets by taking a few resource-efficiency measures and investing in some low-carbon assets, but leaving their high-carbon portfolios and activities largely intact.
Situaci nenapomohla ani politická nerozhodnost v některých státech.	Policy vacillation in some countries has not helped.
Zastánci ráznější akce odpovídají, že investice do nízkouhlíkových technologií mohou generovat daleko silnější a čistší růst.	Advocates of stronger action respond that low-carbon investments can generate much stronger, cleaner growth.
Poukazují na úspory z energetické účinnosti a na tržní příležitosti generované energeticky čistými technologiemi, jakmile nastoupí procesy učení a objevování.	They point to the savings available from energy efficiency, and to the market opportunities generated by clean-energy technologies as the processes of learning and discovery take hold.
Snaží se ukázat, jaký přínos může mít trvaleji udržitelné schéma rozvoje pro světová velkoměsta, pro zdraví obyvatel (díky nižšímu znečištění ovzduší), pro energetickou bezpečnost a pro přístup chudých lidí světa k energii.	They seek to demonstrate the benefits that a more sustainable pattern of development can bring to the world’s cities, to people’s health (from the reduction in air pollution), to energy security, and to the ability of the world’s poor to access energy.
A navrhují, aby se v době, kdy jsou světové úrokové sazby nízké a v mnoha zemích je utlumená poptávka, financovala nová infrastruktura a nová pracovní místa zelenými dluhopisy a veřejnými investičními bankami.	And they propose green bonds and public investment banks to finance new infrastructure and jobs at a time when world interest rates are low and demand is depressed in many countries.
Jsou to seriózní ekonomické debaty, které se však až příliš často zamotávají do ideologických sporů o nejvhodnější reakci na hospodářskou krizi a o hodnotě vládní intervence na trzích.	These are serious economic debates, but too often they have become entangled in ideological disputes about the appropriate response to the economic crisis and the value of government intervention in markets.
Je to politováníhodné.	That is regrettable.
Klimatické změny nejsou stranickým tématem a klimatická politika je v podstatě založená na trzích.	Climate change is not a partisan issue, and climate policy is essentially market-based.
Jejím cílem je napravovat tržní selhání tak, aby trhy a podnikatelská sféra mohly hrát odpovídající roli při zajišťování inovací a efektivní alokace zdrojů.	It is about correcting market failures so that markets and entrepreneurship can play their proper role of ensuring innovation and efficient resource allocation.
Abychom z této slepé uličky vyvázli, pomohli jsme zahájit činnost Globální komise pro ekonomii a klima.	In order to escape this impasse, we have helped to launch the Global Commission on the Economy and Climate.
Její projekt s názvem Nová klimatická ekonomie spojuje sedm čelních výzkumných ústavů ze šesti kontinentů. Dohlíží na něj panel složený z bývalých premiérů, ministrů financí a prominentních podnikatelů a radí mu další panel tvořený předními ekonomy z celého světa.	The Commission’s New Climate Economy project brings together seven leading policy research institutes from six continents, overseen by a panel of former heads of government and finance ministers and prominent business leaders, and advised by a panel of leading economists from across the world.
Jeho cílem je poskytovat směrodatné nové důkazy o tom, jak mohou vlády a firmy dosahovat silnějšího hospodářského růstu a současně řešit klimatická rizika.	Its purpose is to provide authoritative new evidence concerning how governments and businesses can achieve stronger economic growth while simultaneously addressing climate risks.
Málokterá vláda nebo investor vycházejí z klimatických změn.	Few governments or investors start from the standpoint of climate change.
Chtějí především podporovat investice a hospodářský růst, vytvářet pracovní místa, stabilizovat veřejné finance, rozšiřovat trhy, vykazovat zisky, zajišťovat spolehlivé dodávky energie a potravin, produkovat zboží a služby, snižovat chudobu a budovat města.	They want to promote investment and economic growth, create jobs, stabilize public finances, expand markets, turn profits, ensure reliable energy and food supplies, produce goods and services, reduce poverty, and build cities.
Hlavní otázka, kterou si musíme položit, proto nezní, zda dokážeme snížit emise, nýbrž jak může veřejná politika přispět k dosažení uvedených základních cílů a současně s tím snižovat emise a budovat klimaticky odolnější ekonomiku.	So the primary question that we need to ask is not whether we can reduce emissions, but how public policy can help to achieve these core goals while reducing emissions and building a more climate-resilient economy.
V této oblasti dnes existuje spousta zkušeností z celého světa.	There is now a lot of experience around the world in this area.
Když byla před sedmi lety zveřejněna Sternova zpráva o ekonomii klimatických změn, bylo toto téma do značné míry teoretické.	When the Stern Review on the economics of climate change was published seven years ago, the subject was largely theoretical.
Dnes státy na všech stupních rozvoje usilují o nové vzorce hospodářského růstu, které budou zohledňovat klimatickou situaci.	Now countries at all stages of development are pursuing new patterns of economic growth that take climate into account.
Například Německo plánuje nejambicióznější přechod na nízkouhlíkovou energii na světě, který bude založen na úsporách a obnovitelných zdrojích energie.	Germany, for example, is planning the world’s most ambitious low-carbon energy transition, based on energy conservation and renewables.
Jižní Korea učinila ze „zeleného růstu“ svůj ústřední hospodářský cíl.	South Korea has made “green growth” a central economic goal.
Mexický Všeobecný zákon o klimatických změnách z roku 2012 vyslal zemi na dráhu významného zvýšení podílu čisté energie.	Mexico’s 2012 General Law on Climate Change has put it on course for a major increase in clean power.
Čína postavila průmyslový rozvoj zelených technologií do čela své agendy.	China has placed the industrial development of green technologies at the top of its agenda.
Etiopie se snaží přejít na nízkouhlíkové zemědělství.	Ethiopia is seeking to move to lower-carbon farming.
A Brazílie podstatně snížila tempo odlesňování v Amazonii.	Brazil has significantly reduced the rate of deforestation in the Amazon.
Také některé velké firmy poskytují pádný příklad, co všechno je možné.	Some major businesses are providing powerful examples of what is possible.
Unilever se zavázal k trvale udržitelnému získávání zemědělských a lesních produktů.	Unilever has committed to the sustainable sourcing of agricultural and forest products.
Coca-Cola zcela utlumuje využívání hydrofluorouhlovodíků, které znečišťují ovzduší.	Coca-Cola is phasing out all use of climate-polluting hydrofluorocarbons.
Maloobchodní gigant Wal-Mart prosazuje snižování emisí v celém svém dodavatelském řetězci.	The retail giant Wal-Mart is driving emissions reduction throughout its supply chain.
A Světová banka a Evropská investiční banka přestaly půjčovat na uhelné elektrárny s vysokými emisemi.	Meanwhile, the World Bank and the European Investment Bank have stopped lending to high-emission coal plants.
Přesto přetrvávají legitimní otázky, jak rychle by měly ekonomiky přecházet na nízkouhlíkovou dráhu a jak by se toho dalo nejefektivněji dosáhnout.	Yet genuine questions remain about how fast economies should move on to a low-carbon path, and the most effective way to do so.
Některé nízkouhlíkové strategie jsou evidentně drahé, zatímco jiná, zjevně efektivní řešení se neprosazují vůbec.	Some low-carbon policies have clearly been expensive, while other, apparently cost-effective options, have not been pursued at all.
Jakákoliv strukturální transformace má své náklady, kompromisy a nejistoty a je nesmírně důležité, abychom je správně chápali.	Any structural transformation involves costs, trade-offs, and uncertainties, and it is vital that we understand these properly.
Do cesty jakéhokoliv nízkouhlíkového přechodu se samozřejmě budou stavět mocné zájmy, které budou shazovat a často i přehlušovat ty, kdo by z takového přechodu mohli mít prospěch.	Powerful interests will, of course, oppose any low-carbon transition, dismissing and often drowning out those who stand to benefit.
O to důležitější je vyjasnit si alternativy.	That makes it even more important to clarify the choices.
V době, kdy věda dává zřetelně najevo, jak je otázka klimatických změn naléhavá, je načase, aby ekonomové a politici vysvětlili, jak lze tuto otázku řešit.	As science makes clear how imperative the climate question is, it is time for economists and policymakers to explain how it can be answered.
	
Zaseknutý sociální rozvoj Západu	The West’s Arrested Social Development
BERLÍN – Po třech desetiletích zhoršující se ekonomické nerovnosti mají obyvatelé vyspělých zemí zlost a svým pocitům křivdy dávají průchod u volebních uren nebo v ulicích.	BERLIN – After three decades of worsening economic inequality, advanced-country populations are angry, and they are taking their grievances to the ballot box or the streets.
Věrohodné řešení nerovnosti vyžaduje ovšem také aktivitu týkající se méně diskutovaného aspektu tohoto trendu: ubývající mezigenerační sociální mobility.	But credibly addressing inequality also demands action regarding a less-discussed facet of this trend: declining intergenerational social mobility.
Following its targeted killing of Iran's second most powerful leader, the US could well find itself with no alternative but to devote more military resources to the Middle East, a path that could lead to additional Iranian provocations.	Following its targeted killing of Iran's second most powerful leader, the US could well find itself with no alternative but to devote more military resources to the Middle East, a path that could lead to additional Iranian provocations.
And that shift would occur at a time of growing challenges to US interests elsewhere in the world.	And that shift would occur at a time of growing challenges to US interests elsewhere in the world.
The targeted killing by the United States of one of Iran's top military leaders represents a significant symbolic defeat for the Iranian regime, but it does not augur all-out war.	The targeted killing by the United States of one of Iran's top military leaders represents a significant symbolic defeat for the Iranian regime, but it does not augur all-out war.
After all, Iran and the US have already been at war for decades, and neither side has an interest in an uncontrolled military escalation now.	After all, Iran and the US have already been at war for decades, and neither side has an interest in an uncontrolled military escalation now.
As in previous years, Project Syndicate asked its commentators to offer their best guesses about the events and trends that will define the coming 12 months.	As in previous years, Project Syndicate asked its commentators to offer their best guesses about the events and trends that will define the coming 12 months.
If there is one common theme in this year's selection, it is that what happens in 2020 will weigh on the present for many years to come.	If there is one common theme in this year's selection, it is that what happens in 2020 will weigh on the present for many years to come.
Rodiče v současné době nemohou vycházet z předpokladu, že jejich děti se budou mít lépe než oni.	Nowadays, parents cannot assume that their children will be better off than they are.
Právě naopak, zpráva OECD z roku 2018 dospěla k závěru, že dosáhnout střední úrovně příjmů by dětem z nejnižšího příjmového decilu v průměrné vyspělé zemi trvalo 4-5 generací.	On the contrary, a 2018 OECD report concluded that in the average developed country, it would take 4-5 generations for children from the bottom earnings decile to reach the mean earnings level.
Čím vyšší nerovnost v zemi, tím déle vzestup trvá.	The more unequal the country, the longer upward mobility takes.
Nerovnost a absence sociální mobility mají úzkou vazbu na geografii, neboť urbanizované oblasti obvykle vykazují mnohem lepší výsledky než oblasti venkovské.	Inequality and lack of social mobility are closely linked to geography, with urban areas typically doing much better than rural ones.
Ve Spojených státech Brookings Institution uvádí, že od finanční krize roku 2008 města s více než milionem obyvatel přispěla k celkové zaměstnanosti 72 %, zatímco města s 50-250 tisíci obyvateli přispěla jen 6 %.	In the United States, the Brookings Institution reports that cities with more than one million residents have contributed 72% of total employment growth since the 2008 financial crisis, compared to just 6% for cities with populations of 50,000-250,000.
Mzdy ve 2 % nejlidnatějších metropolitních oblastí USA se od roku 1970 zvýšily o téměř 70 %, oproti 45 % ve zbytku země.	Since 1970, wages in the top 2% of US metropolitan areas have risen by nearly 70%, compared to 45% in the rest of the country.
Obdobně ve francouzském regionu Île-de-France, jehož součástí je Paříž, vzrostl HDP na hlavu ze 148 % národního průměru v roce 1975 na 165 % v roce 2010, kdežto v méně vyspělém Lotrinsku stejný údaj během téhož období klesl z 95 % na 76 %.	Likewise, in France’s Île-de-France region, which includes Paris, GDP per capita rose from 148% of the national average in 1975 to 165% in 2010, whereas in the less-developed Lorraine, that figure fell from 95% to 76% over the same period.
Tento rozdíl se projevuje i v Německu, byť jedno významné město, Berlín, za ostatními zaostává.	This divide can also be seen in Germany, though one major city, Berlin, does lag behind the rest.
HDP na hlavu v nejchudší spolkové zemi Německa, Meklenbursku-Předním Pomořansku, činil v roce 2016 jen 29 133 dolarů – o 60 % méně oproti 69 719 dolarů v Hamburku.	In 2016, per capita GDP in Germany’s poorest state, Mecklenburg-Vorpommern, was just $29,133 – 60% lower than Hamburg’s $69,719.
Celostátní průměr dosahoval 43 110 dolarů.	The national average was $43,110.
Studie britské Komise UK2070 ukazuje, že v letech 1971 až 2013 se růst kumulativního výstupu v severní Anglii snížil o 17 procentních bodů, zatímco v Londýně o 12 vzrostl.	A study by the UK2070 Commission shows that from 1971 to 2013, Northern England’s cumulative output growth fell by 17 percentage points, whereas London’s rose by 12.
Pro sociální mobilitu to má závažné důsledky: u dítěte chudého natolik, aby v Hackney, jedné z nejchudších londýnských čtvrtí, dostávalo školní obědy zdarma, je stále třikrát vyšší pravděpodobnost, že bude chodit na univerzitu, než u stejně chudého dítěte v severoanglickém městě Hartlepool.	This has important implications for social mobility: a child who is poor enough for free school meals in Hackney, one of London’s poorest boroughs, is still three times more likely to attend university than an equally poor child in the northern town of Hartlepool.
Počátky těchto trendů lze vystopovat v 80. letech minulého století, kdy americký prezident Ronald Reagan a britská ministerská předsedkyně Margaret Thatcherová začali uskutečňovat strukturální reformy s cílem posílit konkurenční schopnost tím, že své ekonomiky odkloní od průmyslové výroby a potlačí moc odborů.	These trends can be traced back to the 1980s, when US President Ronald Reagan and UK Prime Minister Margaret Thatcher began to pursue structural reforms that aimed to boost competitiveness by rebalancing their economies away from manufacturing and curbing the power of unions.
Jenže ač byly tyto reformy v jistých ohledech oprávněné – vzpomeňme na „stagflaci“ 70. let –, pro zmírnění jejich sociálních dopadů se udělalo málo.	But, while those reforms were in some ways warranted – recall the “stagflation” of the 1970s – little was done to mitigate their social consequences.
Tento politický nedostatek, prohloubený účinky technologického pokroku, vedl k tomu, co ekonom Dennis J. Snower nazývá „rozbíhavostí“ hospodářské a sociální trajektorie: i když HDP stoupal, mzdy a vyhlídky na zlepšení poměrů pro rozsáhlé segmenty populace stagnovaly nebo se zhoršovaly.	This policy failure, exacerbated by the effects of technological progress, led to what the economist Dennis J. Snower calls as the “decoupling” of economic and social trajectories: even as GDP grew, real wages and prospects for advancement stagnated or deteriorated for large swaths of the population.
Například Economic Policy Institute uvádí, že v USA se čistá produktivita v letech 1979 až 2018 zvýšila o 70 %, ale reálné hodinové mzdy stouply jen o 12 %.	For example, the Economic Policy Institute reports that, from 1979 to 2018, net productivity in the US rose 70%, but real hourly wages increased by only 12%.
Dnes je 14 % Američanů – z více než poloviny lidé tmavé pleti – „pracující chudina“ (osoby pracující na plný úvazek s příjmy nižšími než 200 % hranice chudoby).	Today, 14% of Americans – more than half of whom are people of color – are “working poor” (full-time workers with incomes that are less than 200% of the poverty line).
Se špatně placenou prací a malou nadějí na posun k lepšímu vězí rostoucí podíl lidí v určitém předpeklí, neboť vydělávají příliš málo, aby vyšli s penězi, ale zároveň příliš mnoho, aby získali nárok na státní podporu.	With low-paying jobs and little hope of getting ahead, a growing share of people are stuck in a kind of limbo, earning too little to make ends meet, but too much to qualify for government support.
Postupně se prohlubuje jejich ekonomická, sociální a kulturní izolace, jsou čím dál dopálenější na prosperující elity a snadno podléhají svodům neonacionalistických populistů a aspirujících autoritářů.	Over time, they become economically, socially, and culturally isolated, increasingly resentful of the prosperous elites, and vulnerable to appeals by neo-nationalist populists and aspiring authoritarians.
